qid,test_id,source_file,type,question_text,word_count,dominant_topic,dominant_topic_probability,topic_entropy_bits,topic_distribution
1,math_algebra1_2014,math-algebra1-2014.js,multiple-choice,"Look at the graphed function shown. Based on the zeros, which best represents the graphed function?",10,7,0.9203708,0.6244184970855713,0:0.0114|1:0.0114|2:0.0114|3:0.0114|4:0.0114|5:0.0114|6:0.0114|7:0.9204
2,math_algebra1_2014,math-algebra1-2014.js,multiple-choice,"Travis would like to buy some toys to donate to charity. He plans to buy 9 dolls at d dollars each, 2 toy cars at c dollars each, and 3 train sets at t dollars each. Which expression represents the total cost, in dollars, of these items that Travis wants to buy?",26,0,0.9675656,0.29751157760620117,0:0.9676|1:0.0046|2:0.0046|3:0.0046|4:0.0046|5:0.0046|6:0.0046|7:0.0046
3,math_algebra1_2014,math-algebra1-2014.js,multiple-choice,Which expression is equivalent to 18 c 8 d 9 9 c 3 d 6 ? Assume the denominator does not equal zero.,6,2,0.8749525,0.8947507739067078,0:0.0179|1:0.0179|2:0.8750|3:0.0179|4:0.0179|5:0.0179|6:0.0179|7:0.0179
4,math_algebra1_2014,math-algebra1-2014.js,multiple-select,Identify each expression that is a factor of this polynomial. 4 x 2 - 2 x - 2,4,2,0.8248151,1.1612353324890137,0:0.0250|1:0.0250|2:0.8248|3:0.0250|4:0.0250|5:0.0251|6:0.0250|7:0.0250
5,math_algebra1_2014,math-algebra1-2014.js,multiple-choice,Look at this key. Which model correctly represents the product of ( x + 3 ) and ( x + 4 ) ?,6,0,0.55785024,1.6210649013519287,0:0.5579|1:0.3349|2:0.0179|3:0.0179|4:0.0179|5:0.0179|6:0.0179|7:0.0179
6,math_algebra1_2014,math-algebra1-2014.js,multiple-choice,What is 18 written in simplest radical form?,4,2,0.8249591,1.1605091094970703,0:0.0250|1:0.0250|2:0.8250|3:0.0250|4:0.0250|5:0.0250|6:0.0250|7:0.0250
7,math_algebra1_2014,math-algebra1-2014.js,multiple-choice,Which binomial is a factor of c 2 - 12 c + 32 ?,2,5,0.7082597,1.6899771690368652,0:0.0417|1:0.0417|2:0.0417|3:0.0417|4:0.0417|5:0.7083|6:0.0417|7:0.0417
8,math_algebra1_2014,math-algebra1-2014.js,multiple-choice,What is the value of this expression when x = 2 3 ? x 2 + 3 x - 2,2,5,0.707951,1.6912384033203125,0:0.0417|1:0.0417|2:0.0417|3:0.0418|4:0.0417|5:0.7080|6:0.0417|7:0.0417
9,math_algebra1_2014,math-algebra1-2014.js,multiple-choice,Which expression is equivalent to ( 3 x -4 ) 2 ( 5 x -2 ) ?,2,3,0.70804477,1.6908555030822754,0:0.0417|1:0.0417|2:0.0418|3:0.7080|4:0.0417|5:0.0418|6:0.0417|7:0.0417
10,math_algebra1_2014,math-algebra1-2014.js,multiple-choice,Which polynomial is equivalent to 18 n 2 - 9 n + 1 3 n - 1 ? Assume the divisor is not equal to zero.,6,2,0.87496185,0.894697904586792,0:0.0179|1:0.0179|2:0.8750|3:0.0179|4:0.0179|5:0.0179|6:0.0179|7:0.0179
11,math_algebra1_2014,math-algebra1-2014.js,free-response,What is the value of this expression when a = 64 and b = - 5 ? - 2 a 3 + b 2,2,5,0.7079454,1.6912610530853271,0:0.0417|1:0.0417|2:0.0417|3:0.0418|4:0.0417|5:0.7079|6:0.0417|7:0.0417
12,math_algebra1_2014,math-algebra1-2014.js,multiple-choice,"When n > 0 , which expression is equivalent to 42 n 9 in simplest form?",4,2,0.8249161,1.1607258319854736,0:0.0250|1:0.0250|2:0.8249|3:0.0250|4:0.0250|5:0.0250|6:0.0250|7:0.0250
13,math_algebra1_2014,math-algebra1-2014.js,multiple-choice,Look at the system of equations. y = - x + 2 7 x + 4 y = - 1 What is the value of x for the solution to this system of equations?,7,1,0.89053994,0.8055787086486816,0:0.0156|1:0.8905|2:0.0156|3:0.0156|4:0.0156|5:0.0156|6:0.0156|7:0.0156
14,math_algebra1_2014,math-algebra1-2014.js,multiple-choice,Pierre solved an inequality as shown. Step 1: - 8 ≥ n + 3 Step 2: - 8 + ( - 3 ) ≥ n + 3 + ( - 3 ) Step 3: - 11 ≥ n + 0 Step 4: - 11 ≥ n What property justifies the work between Step 3 and Step 4?,13,5,0.93746346,0.5129950046539307,0:0.0089|1:0.0089|2:0.0089|3:0.0089|4:0.0089|5:0.9375|6:0.0089|7:0.0089
15,math_algebra1_2014,math-algebra1-2014.js,multiple-choice,Which property of real numbers justifies the work shown? 13 x - 1 = ( 12 x + 15 ) + 7 x 13 x - 1 = 7 x + ( 12 x + 15 ),6,6,0.8748611,0.8952636122703552,0:0.0179|1:0.0179|2:0.0179|3:0.0179|4:0.0179|5:0.0179|6:0.8749|7:0.0179
16,math_algebra1_2014,math-algebra1-2014.js,multiple-choice,What is the slope of the line represented by 1 8 x + 3 y = 3 ?,3,4,0.78107387,1.3728053569793701,0:0.0313|1:0.0313|2:0.0313|3:0.0313|4:0.7811|5:0.0313|6:0.0313|7:0.0313
17,math_algebra1_2014,math-algebra1-2014.js,free-response,Solve for x: - 2 x + 6 x - 6,1,0,0.5624057,2.2172164916992188,0:0.5624|1:0.0625|2:0.0625|3:0.0625|4:0.0625|5:0.0625|6:0.0625|7:0.0626
18,math_algebra1_2014,math-algebra1-2014.js,multiple-choice,Which graph best models y ≤ 2 7 x - 2 ?,3,1,0.78097934,1.3732435703277588,0:0.0313|1:0.7810|2:0.0313|3:0.0313|4:0.0313|5:0.0313|6:0.0313|7:0.0313
19,math_algebra1_2014,math-algebra1-2014.js,multiple-choice,Which inequality represents all the solutions of 9 ( 4 x - 8 ) 4 ( 6 x + 9 ) ?,3,6,0.7810627,1.3728567361831665,0:0.0313|1:0.0313|2:0.0313|3:0.0313|4:0.0313|5:0.0313|6:0.7811|7:0.0313
20,math_algebra1_2014,math-algebra1-2014.js,multiple-choice,"A total of 243 adults and children are at a movie theater. There are 109 more adults than children in the theater. If a represents the number of adults and b represents the number of children, which system of equations could be used to find the number of adults and the number of children in the theater?",24,1,0.9649732,0.3173387050628662,0:0.0050|1:0.9650|2:0.0050|3:0.0050|4:0.0050|5:0.0050|6:0.0050|7:0.0050
21,math_algebra1_2014,math-algebra1-2014.js,multiple-select,"A system of inequalities is shown. y > 1 2 x + 1 y + 3 x ≤ 6 From the given points, select each point that is a solution to this system of inequalities.",10,3,0.920343,0.6245952844619751,0:0.0114|1:0.0114|2:0.0114|3:0.9203|4:0.0114|5:0.0114|6:0.0114|7:0.0114
22,math_algebra1_2014,math-algebra1-2014.js,multiple-choice,The graph of line n is shown. Which number is closest in value to the slope of line n?,8,5,0.9026467,0.7338544130325317,0:0.0139|1:0.0139|2:0.0139|3:0.0139|4:0.0139|5:0.9026|6:0.0139|7:0.0139
23,math_algebra1_2014,math-algebra1-2014.js,multiple-choice,"The formula shown can be used to find A, the amount of money Raul has in his savings account. A = P + P r t Raul wants to find r, the rate of interest his money earns. Which equation is correctly solved for r?",19,1,0.9562175,0.3822866678237915,0:0.0063|1:0.9562|2:0.0063|3:0.0063|4:0.0063|5:0.0063|6:0.0063|7:0.0063
24,math_algebra1_2014,math-algebra1-2014.js,multiple-choice,What are the real roots of x 2 - 7 x + 10 = 0 ?,2,2,0.7081592,1.6903877258300781,0:0.0417|1:0.0417|2:0.7082|3:0.0417|4:0.0417|5:0.0417|6:0.0418|7:0.0417
25,math_algebra1_2014,math-algebra1-2014.js,multiple-choice,A data set with an even number of data points is ordered from least to greatest. The middle two data points are represented by x₁ and x₂. This formula can be used to find the median of the data set. m = x 1 + x 2 2 Which shows this formula solved for x₁?,23,0,0.9635043,0.3284439444541931,0:0.9635|1:0.0052|2:0.0052|3:0.0052|4:0.0052|5:0.0052|6:0.0052|7:0.0052
26,math_algebra1_2014,math-algebra1-2014.js,multiple-choice,"Which equation represents the horizontal line passing through (7, 5)?",5,2,0.8538617,1.0103538036346436,0:0.0209|1:0.0209|2:0.8539|3:0.0209|4:0.0209|5:0.0209|6:0.0209|7:0.0209
27,math_algebra1_2014,math-algebra1-2014.js,multiple-choice,The graph of y = x 2 - 2 x - 8 is shown. What are the solutions to x 2 - 2 x - 8 = 0 ?,3,1,0.78108865,1.3727363348007202,0:0.0313|1:0.7811|2:0.0313|3:0.0313|4:0.0313|5:0.0313|6:0.0313|7:0.0313
28,math_algebra1_2014,math-algebra1-2014.js,multiple-choice,What value of p will make this equation true? 6 p + 4 6 = 4 p - 8 3,4,6,0.4345577,1.848202109336853,0:0.0250|1:0.0251|2:0.4152|3:0.0250|4:0.0250|5:0.0250|6:0.4346|7:0.0250
29,math_algebra1_2014,math-algebra1-2014.js,free-response,What is the slope of the line represented by this equation? 3 x + 5 y = - 7,4,4,0.82477045,1.1614607572555542,0:0.0250|1:0.0251|2:0.0250|3:0.0250|4:0.8248|5:0.0250|6:0.0250|7:0.0250
30,math_algebra1_2014,math-algebra1-2014.js,multiple-choice,"The length, l, of a rectangle is 3 times its width. The perimeter of the rectangle is greater than 48 centimeters. Which inequality expresses all the possible lengths, in centimeters, of the rectangle?",14,5,0.9416309,0.48479920625686646,0:0.0083|1:0.0083|2:0.0083|3:0.0083|4:0.0083|5:0.9416|6:0.0083|7:0.0083
31,math_algebra1_2014,math-algebra1-2014.js,multiple-choice,"These box-and-whisker plots summarize the percent of the workforce employed in agriculture, industry, and service jobs in twenty towns. Which statement is NOT true?",14,6,0.94163513,0.4847702980041504,0:0.0083|1:0.0083|2:0.0084|3:0.0083|4:0.0083|5:0.0083|6:0.9416|7:0.0083
32,math_algebra1_2014,math-algebra1-2014.js,multiple-select,"Using the ordered pairs shown, create a relation containing three ordered pairs with a domain of {-1, 2, 4}.",11,7,0.9270023,0.5819427967071533,0:0.0104|1:0.0104|2:0.0104|3:0.0104|4:0.0104|5:0.0104|6:0.0104|7:0.9270
33,math_algebra1_2014,math-algebra1-2014.js,multiple-choice,"This relation is an inverse variation. {(-1, 8), (4, -2), (-2, 4)} Which equation represents this relation?",6,1,0.66974545,1.4926085472106934,0:0.0179|1:0.6697|2:0.0179|3:0.0179|4:0.0179|5:0.0179|6:0.2231|7:0.0179
34,math_algebra1_2014,math-algebra1-2014.js,multiple-choice,Which equation represents the pattern shown in the table?,5,1,0.8540652,1.0092637538909912,0:0.0208|1:0.8541|2:0.0209|3:0.0208|4:0.0208|5:0.0208|6:0.0208|7:0.0208
35,math_algebra1_2014,math-algebra1-2014.js,multiple-choice,The graph of the equation representing a direct variation passes through point A. Locate one additional point that is on the graph of this equation.,13,1,0.75643677,1.1247014999389648,0:0.1900|1:0.7564|2:0.0089|3:0.0089|4:0.0089|5:0.0089|6:0.0089|7:0.0089
36,math_algebra1_2014,math-algebra1-2014.js,multiple-choice,Look at the data in this table. Which equation most closely represents the line of best fit for this data?,10,1,0.549867,1.4457228183746338,0:0.0114|1:0.5499|2:0.0114|3:0.0114|4:0.0114|5:0.0114|6:0.0114|7:0.3819
37,math_algebra1_2014,math-algebra1-2014.js,multiple-choice,What is the range of this relation?,2,6,0.70827353,1.6899207830429077,0:0.0417|1:0.0417|2:0.0417|3:0.0417|4:0.0417|5:0.0417|6:0.7083|7:0.0417
38,math_algebra1_2014,math-algebra1-2014.js,multiple-choice,Katie recorded the number of miles she drove for each of 9 days. She drove a different number of miles each day. This box-and-whisker plot summarizes her information. Katie drove 30 miles on each of two additional days. She redrew the box-and-whisker plot to include this data. Which statement must be true?,29,2,0.9707829,0.2724737524986267,0:0.0042|1:0.0042|2:0.9708|3:0.0042|4:0.0042|5:0.0042|6:0.0042|7:0.0042
39,math_algebra1_2014,math-algebra1-2014.js,multiple-choice,"Two relationships are described. Relationship S: Karen drove 160 miles in 4 hours, and then she drove 80 miles in 2 hours. Relationship T: Vernon cooked 6 hamburgers in 10 minutes, and then he cooked 9 hamburgers in 15 minutes. Which statement is true about these relationships?",22,0,0.96191657,0.3403482437133789,0:0.9619|1:0.0054|2:0.0054|3:0.0054|4:0.0054|5:0.0054|6:0.0054|7:0.0054
40,math_algebra1_2014,math-algebra1-2014.js,point-select,Identify the y-intercept of the relation shown.,4,6,0.82481855,1.1612181663513184,0:0.0250|1:0.0250|2:0.0250|3:0.0250|4:0.0250|5:0.0250|6:0.8248|7:0.0250
41,math_algebra1_2014,math-algebra1-2014.js,multiple-choice,What is f(-8) for the function f? f ( x ) = 11 ( x - 24 ) 2,1,7,0.5621973,2.2178761959075928,0:0.0625|1:0.0626|2:0.0625|3:0.0626|4:0.0625|5:0.0626|6:0.0625|7:0.5622
42,math_algebra1_2014,math-algebra1-2014.js,multiple-choice,"The number of complaints a company received at the end of each of six weeks is shown in this table. Based on the line of best fit, how many complaints should the company expect at the end of week 8?",19,4,0.95616716,0.38265228271484375,0:0.0063|1:0.0063|2:0.0063|3:0.0063|4:0.9562|5:0.0063|6:0.0063|7:0.0063
43,math_algebra1_2014,math-algebra1-2014.js,multiple-choice,The table shows the relationship between corresponding values of x and y. To determine the y-value —,7,3,0.89048433,0.8059027194976807,0:0.0156|1:0.0157|2:0.0156|3:0.8905|4:0.0156|5:0.0156|6:0.0156|7:0.0156
44,math_algebra1_2014,math-algebra1-2014.js,multiple-choice,Which relation is a function?,2,7,0.70800614,1.6910128593444824,0:0.0417|1:0.0417|2:0.0417|3:0.0417|4:0.0417|5:0.0417|6:0.0418|7:0.7080
45,math_algebra1_2014,math-algebra1-2014.js,multiple-choice,The manager of a company recorded the number of hours his employees worked during each of two weeks. The following statistics were calculated. • Week 1: The mean was 35 hours with a standard deviation of 1.5 hours. • Week 2: The mean was 40 hours with a standard deviation of 2.0 hours. The manager concluded that there was more variation in the number of hours worked for Week 2 than for Week 1. The manager's conclusion was —,34,3,0.84586453,0.765212893486023,0:0.1327|1:0.0036|2:0.0036|3:0.8459|4:0.0036|5:0.0036|6:0.0036|7:0.0036
46,math_algebra1_2014,math-algebra1-2014.js,multiple-choice,Which graph appears to show a relation that is NOT a function?,5,3,0.8539133,1.0100772380828857,0:0.0208|1:0.0209|2:0.0208|3:0.8539|4:0.0209|5:0.0209|6:0.0209|7:0.0209
47,math_algebra1_2014,math-algebra1-2014.js,multiple-choice,"A scientist dropped an object from a height of 200 feet. She recorded the height of the object in 0.5-second intervals. Her data is shown. Based on a quadratic model, which best approximates the height at 3 seconds?",19,4,0.9562046,0.3823806047439575,0:0.0063|1:0.0063|2:0.0063|3:0.0063|4:0.9562|5:0.0063|6:0.0063|7:0.0063
48,math_algebra1_2014,math-algebra1-2014.js,multiple-choice,Look at function g. g ( x ) = 9 x 2 - 16 Which set contains only the zeros of function g?,6,7,0.8749118,0.8949791193008423,0:0.0179|1:0.0179|2:0.0179|3:0.0179|4:0.0179|5:0.0179|6:0.0179|7:0.8749
49,math_algebra1_2014,math-algebra1-2014.js,multiple-choice,Statistical information for a data set is given. • The mean is 18.1. • The z-score for 13.0 is -1.7. What is the standard deviation for this data set?,11,0,0.9270243,0.5818004608154297,0:0.9270|1:0.0104|2:0.0104|3:0.0104|4:0.0104|5:0.0104|6:0.0104|7:0.0104
50,math_algebra1_2014,math-algebra1-2014.js,multiple-choice,A representation of a function is shown. f ( x ) = - 4 x + 2 What are the x-intercept and the y-intercept of this function?,6,1,0.8748922,0.8950889110565186,0:0.0179|1:0.8749|2:0.0179|3:0.0179|4:0.0179|5:0.0179|6:0.0179|7:0.0179
1,math_algebra1_2015,math-algebra1-2015.js,multiple-choice,"Which expression represents four less than half a number, n?",6,3,0.8748625,0.8952555656433105,0:0.0179|1:0.0179|2:0.0179|3:0.8749|4:0.0179|5:0.0179|6:0.0179|7:0.0179
2,math_algebra1_2015,math-algebra1-2015.js,multiple-choice,Which of the following binomials is a factor of x 2 - x - 6 ?,3,0,0.78090113,1.3736064434051514,0:0.7809|1:0.0313|2:0.0313|3:0.0313|4:0.0313|5:0.0314|6:0.0313|7:0.0313
3,math_algebra1_2015,math-algebra1-2015.js,multiple-select,Identify each expression that is in simplest radical form.,5,2,0.854101,1.0090723037719727,0:0.0208|1:0.0208|2:0.8541|3:0.0208|4:0.0208|5:0.0209|6:0.0208|7:0.0208
4,math_algebra1_2015,math-algebra1-2015.js,multiple-choice,Which expression is equivalent to 1 6 ( 30 x - 24 y ) - 1 8 ( 32 x - 16 y ) ?,2,2,0.7080514,1.6908283233642578,0:0.0417|1:0.0417|2:0.7081|3:0.0418|4:0.0417|5:0.0418|6:0.0417|7:0.0417
5,math_algebra1_2015,math-algebra1-2015.js,multiple-choice,Which is equivalent to 48 3 in simplest form?,3,2,0.7811705,1.3723564147949219,0:0.0313|1:0.0313|2:0.7812|3:0.0313|4:0.0313|5:0.0313|6:0.0313|7:0.0313
6,math_algebra1_2015,math-algebra1-2015.js,multiple-choice,What is the value of 128 in simplest radical form?,4,2,0.8247844,1.161390781402588,0:0.0250|1:0.0250|2:0.8248|3:0.0250|4:0.0250|5:0.0250|6:0.0251|7:0.0250
7,math_algebra1_2015,math-algebra1-2015.js,multiple-choice,Which polynomial is equivalent to this expression if n ≠ - 1 ? 3 + n - 2 n 2 1 + n,3,2,0.78108954,1.3727322816848755,0:0.0313|1:0.0313|2:0.7811|3:0.0313|4:0.0313|5:0.0313|6:0.0313|7:0.0313
8,math_algebra1_2015,math-algebra1-2015.js,multiple-choice,Which is a factor of 2 n 2 - 5 n - 42 ?,1,5,0.56235176,2.2173869609832764,0:0.0626|1:0.0625|2:0.0625|3:0.0625|4:0.0625|5:0.5624|6:0.0625|7:0.0625
9,math_algebra1_2015,math-algebra1-2015.js,multiple-choice,Which of the following is equivalent to a 12 b 2 a 3 b 6 ?,2,2,0.708001,1.6910340785980225,0:0.0417|1:0.0417|2:0.7080|3:0.0417|4:0.0417|5:0.0418|6:0.0417|7:0.0417
10,math_algebra1_2015,math-algebra1-2015.js,multiple-choice,What is the value of this expression when n = - 15 ? - 2 | n + 6 |,2,5,0.70794845,1.691249132156372,0:0.0417|1:0.0417|2:0.0417|3:0.0418|4:0.0417|5:0.7079|6:0.0417|7:0.0417
11,math_algebra1_2015,math-algebra1-2015.js,multiple-choice,Which graph best represents the equation 4 x + 5 y = - 20 ?,4,1,0.8248446,1.1610867977142334,0:0.0250|1:0.8248|2:0.0250|3:0.0250|4:0.0250|5:0.0250|6:0.0250|7:0.0250
12,math_algebra1_2015,math-algebra1-2015.js,multiple-choice,A formula to find the angle measures of an isosceles triangle is shown. 180 = 2 x + y Which equation can be used to find x ?,10,1,0.92035514,0.6245179176330566,0:0.0114|1:0.9204|2:0.0114|3:0.0114|4:0.0114|5:0.0114|6:0.0114|7:0.0114
13,math_algebra1_2015,math-algebra1-2015.js,multiple-choice,"Which equation represents the line that passes through the points ( - 4 , 4 ) and ( 8 , - 2 ) ?",5,1,0.85400033,1.0096113681793213,0:0.0209|1:0.8540|2:0.0208|3:0.0208|4:0.0209|5:0.0209|6:0.0208|7:0.0209
14,math_algebra1_2015,math-algebra1-2015.js,multiple-choice,"For which system of inequalities is ( - 3 , 1 ) a solution?",3,3,0.7810649,1.3728463649749756,0:0.0313|1:0.0313|2:0.0313|3:0.7811|4:0.0313|5:0.0313|6:0.0313|7:0.0313
15,math_algebra1_2015,math-algebra1-2015.js,multiple-choice,What is the solution to this system of equations? 2 x + 4 y = 22 7 x + y = 12,3,1,0.7811198,1.3725917339324951,0:0.0313|1:0.7811|2:0.0313|3:0.0313|4:0.0313|5:0.0313|6:0.0313|7:0.0313
16,math_algebra1_2015,math-algebra1-2015.js,multiple-choice,"What is 3,456 3 in simplest form?",2,2,0.7083073,1.689782738685608,0:0.0417|1:0.0417|2:0.7083|3:0.0417|4:0.0417|5:0.0417|6:0.0417|7:0.0417
17,math_algebra1_2015,math-algebra1-2015.js,multiple-choice,What value of x makes this equation true? 3 x - 20 = - 2 x,4,6,0.8247867,1.1613786220550537,0:0.0250|1:0.0251|2:0.0250|3:0.0250|4:0.0250|5:0.0250|6:0.8248|7:0.0250
18,math_algebra1_2015,math-algebra1-2015.js,multiple-choice,Which equation best represents line m ?,4,1,0.82472163,1.1617069244384766,0:0.0250|1:0.8247|2:0.0250|3:0.0250|4:0.0251|5:0.0251|6:0.0250|7:0.0250
19,math_algebra1_2015,math-algebra1-2015.js,multiple-choice,Christopher incorrectly solved an inequality. Between which two consecutive steps did Christopher make a mistake? Step 1: - 4 ( x - 7 ) + 1 ≤ - 3 Step 2: - 4 ( x - 7 ) ≤ - 4 Step 3: - 4 x + 28 ≤ - 4 Step 4: - 4 x ≤ - 32 Step 5: x ≤ 8,15,5,0.94528836,0.45967888832092285,0:0.0078|1:0.0078|2:0.0078|3:0.0078|4:0.0078|5:0.9453|6:0.0078|7:0.0078
20,math_algebra1_2015,math-algebra1-2015.js,free-response,Solve for n : 3 n - 7 6 = 2 n + 5 3,1,0,0.562402,2.2172279357910156,0:0.5624|1:0.0625|2:0.0625|3:0.0625|4:0.0625|5:0.0625|6:0.0625|7:0.0626
21,math_algebra1_2015,math-algebra1-2015.js,multiple-choice,What values of x are solutions of 3 x 2 + 11 x = 20 ?,2,6,0.70806766,1.6907618045806885,0:0.0417|1:0.0417|2:0.0417|3:0.0417|4:0.0417|5:0.0417|6:0.7081|7:0.0417
22,math_algebra1_2015,math-algebra1-2015.js,multiple-choice,The graph of line l is shown. Which number is closest in value to the slope of line l ?,8,5,0.90264755,0.7338495850563049,0:0.0139|1:0.0139|2:0.0139|3:0.0139|4:0.0139|5:0.9026|6:0.0139|7:0.0139
23,math_algebra1_2015,math-algebra1-2015.js,free-response,"Based on the transitive property, complete this statement. If 2 ( y - 3 ) ≥ 3 x - 4 and 3 x - 4 ≥ 6 - y , then 2 ( y - 3 ) ≥ __?__",5,4,0.8540581,1.0093016624450684,0:0.0208|1:0.0208|2:0.0208|3:0.0208|4:0.8541|5:0.0209|6:0.0209|7:0.0209
24,math_algebra1_2015,math-algebra1-2015.js,multiple-choice,This system of linear equations is graphed as shown. What is the solution to this system of equations? 3 x + y = 2 x + 3 y = - 18,8,1,0.90271145,0.7334640622138977,0:0.0139|1:0.9027|2:0.0139|3:0.0139|4:0.0139|5:0.0139|6:0.0139|7:0.0139
25,math_algebra1_2015,math-algebra1-2015.js,multiple-choice,Renee is going bowling. • The cost per game is $2.50. • Renee will need to rent a pair of bowling shoes for $1.50. • She can spend up to $16.00 to bowl and rent a pair of shoes. What is the maximum number of games that Renee can bowl?,22,1,0.96192926,0.3402535021305084,0:0.0054|1:0.9619|2:0.0054|3:0.0054|4:0.0054|5:0.0054|6:0.0054|7:0.0054
26,math_algebra1_2015,math-algebra1-2015.js,multiple-choice,Malik can spend no more than $24 to buy pecans and cashews. He will pay $6 per pound for pecans and $8 per pound for cashews. Which graph best represents the number of pounds of pecans and the number of pounds of cashews Malik can buy?,23,7,0.9635107,0.32839593291282654,0:0.0052|1:0.0052|2:0.0052|3:0.0052|4:0.0052|5:0.0052|6:0.0052|7:0.9635
27,math_algebra1_2015,math-algebra1-2015.js,multiple-choice,What is the quotient of ( 15 x 2 − 8 x − 12 ) and ( 3 x + 2 ) ? Assume the denominator does not equal zero.,5,2,0.8541464,1.0088285207748413,0:0.0208|1:0.0208|2:0.8541|3:0.0208|4:0.0208|5:0.0208|6:0.0208|7:0.0208
28,math_algebra1_2015,math-algebra1-2015.js,multiple-choice,Which graph has exactly one x-intercept and one y-intercept?,6,0,0.87476313,0.8958133459091187,0:0.8748|1:0.0179|2:0.0179|3:0.0179|4:0.0179|5:0.0179|6:0.0179|7:0.0179
29,math_algebra1_2015,math-algebra1-2015.js,multiple-choice,"Which equation best represents this data set? {(-4, -4.8), (-3, -8.2), (-2, -9.1), (-1, -8.1), (0, -4.7), (1, 0.3)}",5,1,0.48028877,1.7364048957824707,0:0.0209|1:0.4803|2:0.0209|3:0.0209|4:0.0209|5:0.0209|6:0.0209|7:0.3945
30,math_algebra1_2015,math-algebra1-2015.js,multiple-choice,A relationship between x and y is shown in this table. Which equation represents this relationship?,6,1,0.87491363,0.8949682712554932,0:0.0179|1:0.8749|2:0.0179|3:0.0179|4:0.0179|5:0.0179|6:0.0179|7:0.0179
31,math_algebra1_2015,math-algebra1-2015.js,multiple-choice,"Ms. Scott will pay $2,000 to have her house painted. The amount each painter earns, A, varies inversely for the number of painters, n, that will paint the house. Which equation best represents this situation?",17,1,0.9513495,0.4172154366970062,0:0.0069|1:0.9513|2:0.0069|3:0.0070|4:0.0069|5:0.0070|6:0.0069|7:0.0070
32,math_algebra1_2015,math-algebra1-2015.js,multiple-choice,The following graph shows a relation. Which of the following best describes the range of this relation?,9,6,0.91237247,0.6745021939277649,0:0.0125|1:0.0125|2:0.0125|3:0.0125|4:0.0125|5:0.0125|6:0.9124|7:0.0125
33,math_algebra1_2015,math-algebra1-2015.js,drag-drop,"Each of these data sets has a mean of 20. Set 1: {18, 19, 20, 21, 22} Set 2: {20, 20, 20, 20, 20} Set 3: {16, 18, 20, 21, 25} Order the sets from greatest standard deviation to least standard deviation.",14,0,0.94161564,0.4849032461643219,0:0.9416|1:0.0083|2:0.0083|3:0.0083|4:0.0083|5:0.0083|6:0.0083|7:0.0083
34,math_algebra1_2015,math-algebra1-2015.js,multiple-choice,A study was conducted to determine the number of cars that passed through two intersections each day for 20 days. The results are summarized in these box-and-whisker plots. Which statement is best supported by these data?,18,7,0.9538692,0.3992327153682709,0:0.0066|1:0.0066|2:0.0066|3:0.0066|4:0.0066|5:0.0066|6:0.0066|7:0.9539
35,math_algebra1_2015,math-algebra1-2015.js,multiple-choice,Which of these functions has exactly two different zeros?,5,3,0.8539545,1.0098564624786377,0:0.0209|1:0.0209|2:0.0209|3:0.8540|4:0.0209|5:0.0209|6:0.0209|7:0.0209
36,math_algebra1_2015,math-algebra1-2015.js,multiple-choice,In which table does y vary directly with x ?,3,2,0.7810966,1.3726997375488281,0:0.0313|1:0.0313|2:0.7811|3:0.0313|4:0.0313|5:0.0313|6:0.0313|7:0.0313
37,math_algebra1_2015,math-algebra1-2015.js,multiple-choice,"Which equation could represent a graph with x-intercepts of (4, 0) and (-7, 0)?",5,5,0.85396177,1.0098174810409546,0:0.0209|1:0.0209|2:0.0209|3:0.0209|4:0.0209|5:0.8540|6:0.0209|7:0.0209
38,math_algebra1_2015,math-algebra1-2015.js,multiple-choice,Which number is a zero of the function h ? h ( x ) = x 2 + 3 x - 18,3,7,0.4330755,1.9917540550231934,0:0.0313|1:0.0313|2:0.3792|3:0.0313|4:0.0313|5:0.0313|6:0.0313|7:0.4331
39,math_algebra1_2015,math-algebra1-2015.js,multiple-choice,Which of the following graphs appears to be a function?,4,1,0.5681149,1.7774858474731445,0:0.2817|1:0.5681|2:0.0250|3:0.0251|4:0.0250|5:0.0250|6:0.0250|7:0.0250
40,math_algebra1_2015,math-algebra1-2015.js,multiple-choice,"If f(x) = (x - 3)² + 1, what is f(6)?",0,0,0.125,3.0,0:0.1250|1:0.1250|2:0.1250|3:0.1250|4:0.1250|5:0.1250|6:0.1250|7:0.1250
41,math_algebra1_2015,math-algebra1-2015.js,multiple-choice,"Which number is NOT an element in the domain of this relation? {(-2, 3), (0, 4), (1, 1), (6, 0)}",4,3,0.5938791,1.748483657836914,0:0.0250|1:0.0250|2:0.0250|3:0.5939|4:0.0250|5:0.0250|6:0.2560|7:0.0250
42,math_algebra1_2015,math-algebra1-2015.js,multiple-choice,"{(-5, 9), (2, 31), (9, 143), (11, 151), (0, 42), (5, 97)} Using the equation line of best fit, which number is the best prediction of the output when the input is 13?",10,4,0.9203837,0.6243369579315186,0:0.0114|1:0.0114|2:0.0114|3:0.0114|4:0.9204|5:0.0114|6:0.0114|7:0.0114
43,math_algebra1_2015,math-algebra1-2015.js,multiple-choice,A data set has a mean of 720 and a standard deviation of 6. Which is closest to the z-score for an element of this data set with a value of 709?,11,0,0.5613915,1.4100207090377808,0:0.5614|1:0.0104|2:0.0104|3:0.0104|4:0.0104|5:0.0104|6:0.0104|7:0.3761
44,math_algebra1_2015,math-algebra1-2015.js,multiple-choice,Ramon drew box-and-whisker plots to summarize the number of pages in each chapter of two books. The values of the interquartile ranges for these box-and-whisker plots are the same. Which box-and-whisker plots could represent these data?,20,2,0.95828813,0.3671862781047821,0:0.0060|1:0.0060|2:0.9583|3:0.0060|4:0.0060|5:0.0060|6:0.0060|7:0.0060
1,math_algebra1_practice_2023,math-algebra1-practice-2023.js,multiple-choice,"What is the value of this expression when a = 8, b = 16, and c = −4? 5 a 3 - c b + 9",2,5,0.70793915,1.6912870407104492,0:0.0417|1:0.0417|2:0.0418|3:0.0418|4:0.0417|5:0.7079|6:0.0417|7:0.0417
2,math_algebra1_practice_2023,math-algebra1-practice-2023.js,multiple-choice,What is the quotient of ( 15 x 2 − 8 x − 12 ) and ( 3 x + 2 ) ? Assume the denominator does not equal zero.,5,2,0.85414636,1.00882887840271,0:0.0208|1:0.0208|2:0.8541|3:0.0208|4:0.0208|5:0.0208|6:0.0208|7:0.0208
3,math_algebra1_practice_2023,math-algebra1-practice-2023.js,multiple-choice,Which represents this expression in simplest form? 15 ( x - 2 ) 3 3 ( x - 4 ) - 3,4,2,0.8247475,1.161576271057129,0:0.0250|1:0.0251|2:0.8247|3:0.0250|4:0.0250|5:0.0250|6:0.0250|7:0.0250
4,math_algebra1_practice_2023,math-algebra1-practice-2023.js,multiple-choice,For which value of x does x 3 simplify to 5 7 3 ?,2,5,0.7080213,1.6909513473510742,0:0.0417|1:0.0418|2:0.0417|3:0.0417|4:0.0417|5:0.7080|6:0.0417|7:0.0417
5,math_algebra1_practice_2023,math-algebra1-practice-2023.js,multiple-choice,"What is 3,456 3 in simplest form?",2,2,0.7083073,1.6897826194763184,0:0.0417|1:0.0417|2:0.7083|3:0.0417|4:0.0417|5:0.0417|6:0.0417|7:0.0417
6,math_algebra1_practice_2023,math-algebra1-practice-2023.js,multiple-choice,Frank works at a convenience store. • He earns $7.50 per hour when he works during the day. • He earns $12.50 per hour when he works at night. • He wants to earn at least $300 per week. Which graph best represents this situation?,23,3,0.71366256,1.0872787237167358,0:0.0052|1:0.0052|2:0.0052|3:0.7137|4:0.0052|5:0.0052|6:0.0052|7:0.2551
7,math_algebra1_practice_2023,math-algebra1-practice-2023.js,multiple-choice,"A square with a side length of x inches is shown. The equation y = 4x represents the relationship between the side length, x, and the perimeter, y, of the square in inches. Which student states the correct domain and range of this relationship?",19,5,0.9561683,0.3826444149017334,0:0.0063|1:0.0063|2:0.0063|3:0.0063|4:0.0063|5:0.9562|6:0.0063|7:0.0063
8,math_algebra1_practice_2023,math-algebra1-practice-2023.js,multiple-choice,A function f is described. f(x) = (x − 2)² + 3 • The domain of f is all real numbers greater than 0. The range of f is all real numbers greater than or equal to —,11,6,0.92698455,0.5820576548576355,0:0.0104|1:0.0104|2:0.0104|3:0.0104|4:0.0104|5:0.0104|6:0.9270|7:0.0104
9,math_algebra1_practice_2023,math-algebra1-practice-2023.js,multiple-choice,Which function does NOT have a y-intercept of 2?,2,1,0.70795745,1.6912121772766113,0:0.0418|1:0.7080|2:0.0417|3:0.0418|4:0.0417|5:0.0417|6:0.0417|7:0.0417
10,math_algebra1_practice_2023,math-algebra1-practice-2023.js,multiple-choice,The graph of the function f(x) is shown on the coordinate plane. Which of these points is a solution of y = 3f(x)?,7,1,0.89054304,0.8055604696273804,0:0.0156|1:0.8905|2:0.0156|3:0.0156|4:0.0156|5:0.0156|6:0.0156|7:0.0156
11,math_algebra1_practice_2023,math-algebra1-practice-2023.js,multiple-choice,"The graph of an exponential function in the form y = a b x contains the points (0, 2), (1, 1) (2, 1/2). Which graph best represents the function?",10,1,0.5957065,1.4146431684494019,0:0.0114|1:0.5957|2:0.0114|3:0.0114|4:0.0114|5:0.0114|6:0.0114|7:0.3360
12,math_algebra1_practice_2023,math-algebra1-practice-2023.js,multiple-choice,Which table represents y = ( x + 5 ) 2 ?,2,1,0.70804733,1.6908454895019531,0:0.0417|1:0.7080|2:0.0417|3:0.0417|4:0.0417|5:0.0417|6:0.0417|7:0.0417
13,math_algebra1_practice_2023,math-algebra1-practice-2023.js,multiple-choice,Each table represents values from four different functions. Which tables could represent an exponential function?,11,7,0.92699873,0.5819655656814575,0:0.0104|1:0.0104|2:0.0104|3:0.0104|4:0.0104|5:0.0104|6:0.0104|7:0.9270
14,math_algebra1_practice_2023,math-algebra1-practice-2023.js,multiple-choice,Given: f(x) = −x + 5 g(x) = 2x − 5 h(x) = (x + 2)(x − 5) Which functions have at least one equivalent x-intercept?,6,0,0.8747327,0.8959845304489136,0:0.8747|1:0.0179|2:0.0179|3:0.0179|4:0.0179|5:0.0179|6:0.0179|7:0.0179
15,math_algebra1_practice_2023,math-algebra1-practice-2023.js,multiple-choice,"The principal at Washington High School investigated the relationship between a student's cell phone use and the student's grade point average, GPA. The table shows a sample of the data collected. The correlation coefficient for the curve of best fit is -0.9921. Based on the data, there appears to be —",28,4,0.96979105,0.2802453637123108,0:0.0043|1:0.0043|2:0.0043|3:0.0043|4:0.9698|5:0.0043|6:0.0043|7:0.0043
16,math_algebra1_practice_2023,math-algebra1-practice-2023.js,multiple-choice,Which conclusion about the relationship between student cell phone use and GPA is best supported by these data?,10,7,0.92038655,0.6243189573287964,0:0.0114|1:0.0114|2:0.0114|3:0.0114|4:0.0114|5:0.0114|6:0.0114|7:0.9204
17,math_algebra1_practice_2023,math-algebra1-practice-2023.js,multiple-choice,"Using the quadratic curve of best fit, which equation most closely represents the set of data? {(−8, 80.4), (−7, 57.8), (−6, 38.6), (−5, 22.8), (3, 18.8), (5, 51.8), (7, 98.4)}",10,1,0.702796,1.2854597568511963,0:0.0114|1:0.7028|2:0.0114|3:0.0114|4:0.2289|5:0.0114|6:0.0114|7:0.0114
18,math_algebra1_practice_2023,math-algebra1-practice-2023.js,multiple-choice,"This table shows the number of months used and the approximate distances driven, in miles, for six buses in a school district. Using the line of best fit for these data, which value is the best prediction of the distance driven, in miles, by a bus that has been used for 40 months?",27,3,0.6627662,1.1265618801116943,0:0.0045|1:0.0045|2:0.0045|3:0.6628|4:0.3104|5:0.0045|6:0.0045|7:0.0045
1,math_algebra2_2014,math-algebra2-2014.js,multiple-choice,Which expression is equivalent to 3 n n + 3 + 5 n - 4 if no denominator equals zero?,5,2,0.8540793,1.009187936782837,0:0.0208|1:0.0208|2:0.8541|3:0.0209|4:0.0208|5:0.0209|6:0.0208|7:0.0208
2,math_algebra2_2014,math-algebra2-2014.js,multiple-choice,Which number is equivalent to ( - 6 - i ) + 5 i - ( 11 + 13 i ) ?,2,3,0.70795816,1.691209077835083,0:0.0417|1:0.0417|2:0.0418|3:0.7080|4:0.0417|5:0.0418|6:0.0417|7:0.0417
3,math_algebra2_2014,math-algebra2-2014.js,multiple-choice,Which of the following is the factored form of x 3 - 216 ?,3,2,0.78114337,1.3724825382232666,0:0.0313|1:0.0313|2:0.7811|3:0.0313|4:0.0313|5:0.0313|6:0.0313|7:0.0313
4,math_algebra2_2014,math-algebra2-2014.js,multiple-choice,"Which expression is equivalent to 75 x 3 - 27 x 3 , if x > 0 ?",2,2,0.70805424,1.6908166408538818,0:0.0417|1:0.0417|2:0.7081|3:0.0418|4:0.0417|5:0.0418|6:0.0417|7:0.0417
5,math_algebra2_2014,math-algebra2-2014.js,multiple-choice,"Assuming that no denominator equals zero, which is equivalent to r 2 - r - 6 ( r - 2 ) ( r - 3 ) ?",5,5,0.85402966,1.0094542503356934,0:0.0208|1:0.0208|2:0.0209|3:0.0208|4:0.0209|5:0.8540|6:0.0208|7:0.0209
6,math_algebra2_2014,math-algebra2-2014.js,multiple-choice,"Which expression is equivalent to 16 x 15 y 17 4 , where x > 0 and y > 0 ?",2,2,0.70805013,1.690833568572998,0:0.0417|1:0.0417|2:0.7081|3:0.0418|4:0.0417|5:0.0418|6:0.0417|7:0.0417
7,math_algebra2_2014,math-algebra2-2014.js,multiple-choice,Which is equivalent to ( 6 + 7 ) ( 5 + 7 ) ?,1,5,0.56210554,2.2181670665740967,0:0.0625|1:0.0625|2:0.0626|3:0.0626|4:0.0625|5:0.5621|6:0.0625|7:0.0625
8,math_algebra2_2014,math-algebra2-2014.js,multiple-choice,What are the y-coordinates for the solutions to this system of equations? x 2 + 6 x + 3 y + 6 = 0 x + y + 20 = 0,4,1,0.8249161,1.1607263088226318,0:0.0250|1:0.8249|2:0.0250|3:0.0250|4:0.0250|5:0.0250|6:0.0251|7:0.0250
9,math_algebra2_2014,math-algebra2-2014.js,multiple-choice,Which expression is equivalent to x 3 7 y 36 7 ?,2,2,0.7080533,1.6908204555511475,0:0.0417|1:0.0417|2:0.7081|3:0.0418|4:0.0417|5:0.0418|6:0.0417|7:0.0417
10,math_algebra2_2014,math-algebra2-2014.js,multiple-select,Identify the factors of the following polynomial: 8 x 2 - 18 x y - 5 y 2,4,3,0.4409321,1.8474557399749756,0:0.0250|1:0.0250|2:0.4089|3:0.4409|4:0.0250|5:0.0251|6:0.0250|7:0.0250
11,math_algebra2_2014,math-algebra2-2014.js,multiple-choice,Which statement illustrates the symmetric property of equality?,5,4,0.85404795,1.009356141090393,0:0.0209|1:0.0208|2:0.0208|3:0.0208|4:0.8540|5:0.0208|6:0.0209|7:0.0209
12,math_algebra2_2014,math-algebra2-2014.js,multiple-select,Identify each expression that is equivalent to (i).,3,5,0.781055,1.3728930950164795,0:0.0313|1:0.0313|2:0.0313|3:0.0313|4:0.0313|5:0.7811|6:0.0313|7:0.0313
13,math_algebra2_2014,math-algebra2-2014.js,multiple-choice,"Given: n - 15 9 n 15 - n 3 n 5 . Assuming no denominator equals zero, which expression is equivalent to the given expression?",9,5,0.9123932,0.6743738651275635,0:0.0125|1:0.0125|2:0.0125|3:0.0125|4:0.0125|5:0.9124|6:0.0125|7:0.0125
14,math_algebra2_2014,math-algebra2-2014.js,multiple-choice,What is the solution set of 8 x - 1 + 4 = 8 ?,2,6,0.70783097,1.6917285919189453,0:0.0418|1:0.0417|2:0.0417|3:0.0418|4:0.0417|5:0.0417|6:0.7078|7:0.0417
15,math_algebra2_2014,math-algebra2-2014.js,multiple-choice,Which graph best represents the solution for y ≥ | 2 x + 1 | - 3 ?,4,1,0.8248222,1.161199927330017,0:0.0250|1:0.8248|2:0.0250|3:0.0250|4:0.0250|5:0.0250|6:0.0250|7:0.0250
16,math_algebra2_2014,math-algebra2-2014.js,multiple-choice,What is the solution set to x 2 = 16 - 4 x ?,2,6,0.70786077,1.6916069984436035,0:0.0418|1:0.0417|2:0.0417|3:0.0418|4:0.0417|5:0.0417|6:0.7079|7:0.0417
17,math_algebra2_2014,math-algebra2-2014.js,multiple-choice,What is the solution set for 1 4 x + 3 = 2 ?,2,6,0.70785475,1.691631555557251,0:0.0418|1:0.0417|2:0.0417|3:0.0418|4:0.0417|5:0.0417|6:0.7079|7:0.0417
18,math_algebra2_2014,math-algebra2-2014.js,multiple-choice,What is the solution to | x + 4 | 2 ?,1,6,0.5622339,2.2177603244781494,0:0.0625|1:0.0626|2:0.0626|3:0.0626|4:0.0625|5:0.0625|6:0.5622|7:0.0625
19,math_algebra2_2014,math-algebra2-2014.js,multiple-choice,The graph of g(x) is shown. Which appears to be a solution of g(x) = 0?,4,1,0.82481045,1.1612591743469238,0:0.0250|1:0.8248|2:0.0250|3:0.0250|4:0.0250|5:0.0250|6:0.0250|7:0.0250
20,math_algebra2_2014,math-algebra2-2014.js,multiple-choice,Given: x + y + 10 = 0 x 2 + y - 2 = 0 What are the x-values for the solutions to the given system of equations?,6,1,0.87493426,0.8948530554771423,0:0.0179|1:0.8749|2:0.0179|3:0.0179|4:0.0179|5:0.0179|6:0.0179|7:0.0179
21,math_algebra2_2014,math-algebra2-2014.js,multiple-choice,Which is a solution for w - 4 4 + 11 = 14 ?,1,6,0.5622372,2.217749834060669,0:0.0625|1:0.0626|2:0.0626|3:0.0626|4:0.0625|5:0.0625|6:0.5622|7:0.0625
22,math_algebra2_2014,math-algebra2-2014.js,multiple-choice,What is the real solution set of -- x x - 4 - 4 3 = 4 x - 4,3,6,0.78100955,1.3731037378311157,0:0.0313|1:0.0313|2:0.0313|3:0.0313|4:0.0313|5:0.0313|6:0.7810|7:0.0313
23,math_algebra2_2014,math-algebra2-2014.js,multiple-choice,"Which is a solution to 4 n - 37 3 = 10 n , if n ≠ 0 ?",1,6,0.5622378,2.217747926712036,0:0.0625|1:0.0626|2:0.0626|3:0.0626|4:0.0625|5:0.0625|6:0.5622|7:0.0625
24,math_algebra2_2014,math-algebra2-2014.js,multiple-choice,Which is a solution of | 2 x - 7 | + 1 = 9 ?,1,6,0.56223786,2.217747688293457,0:0.0625|1:0.0626|2:0.0626|3:0.0626|4:0.0625|5:0.0625|6:0.5622|7:0.0625
25,math_algebra2_2014,math-algebra2-2014.js,free-response,"If x ≠ 0 , what is the solution to the following equation? 1 - x x + 2 = 7 x",3,1,0.78107065,1.3728196620941162,0:0.0313|1:0.7811|2:0.0313|3:0.0313|4:0.0313|5:0.0313|6:0.0313|7:0.0313
26,math_algebra2_2014,math-algebra2-2014.js,multiple-choice,A solution to a quadratic equation is 13 - 11 i 7 . Which of the following must also be a solution to this equation?,8,2,0.90267456,0.7336868047714233,0:0.0139|1:0.0139|2:0.9027|3:0.0139|4:0.0139|5:0.0139|6:0.0139|7:0.0139
27,math_algebra2_2014,math-algebra2-2014.js,multiple-choice,Which of the following functions does NOT have a range of only the real numbers greater than or equal to zero?,8,2,0.902685,0.7336238622665405,0:0.0139|1:0.0139|2:0.9027|3:0.0139|4:0.0139|5:0.0139|6:0.0139|7:0.0139
28,math_algebra2_2014,math-algebra2-2014.js,free-response,What is the sum of this infinite series? 100 + 60 + 36 + 108 5 + ...,3,1,0.78112966,1.3725461959838867,0:0.0313|1:0.7811|2:0.0313|3:0.0313|4:0.0313|5:0.0313|6:0.0313|7:0.0313
29,math_algebra2_2014,math-algebra2-2014.js,multiple-choice,The graph of a parent function is shown. Which function belongs to this same family?,7,0,0.5023405,1.5902307033538818,0:0.5023|1:0.0157|2:0.0156|3:0.0156|4:0.0156|5:0.0156|6:0.0156|7:0.4038
30,math_algebra2_2014,math-algebra2-2014.js,multiple-choice,Which number is a zero of f ( x ) = log ( 4 x - 1 ) ?,3,2,0.44473103,1.9890062808990479,0:0.0313|1:0.3675|2:0.4447|3:0.0313|4:0.0313|5:0.0313|6:0.0313|7:0.0313
31,math_algebra2_2014,math-algebra2-2014.js,multiple-choice,What is the equation of the horizontal asymptote of the graph of the following equation? f ( x ) = 6 ( x - 5 ) - 4,6,2,0.5739751,1.60805344581604,0:0.0179|1:0.3188|2:0.5740|3:0.0179|4:0.0179|5:0.0179|6:0.0179|7:0.0179
32,math_algebra2_2014,math-algebra2-2014.js,multiple-choice,Which function best represents this graph?,4,1,0.8248233,1.161194086074829,0:0.0250|1:0.8248|2:0.0250|3:0.0250|4:0.0250|5:0.0250|6:0.0250|7:0.0251
33,math_algebra2_2014,math-algebra2-2014.js,multiple-choice,The graph of g ( x ) = log ( 2 x ) has —,2,1,0.70816326,1.6903715133666992,0:0.0417|1:0.7082|2:0.0417|3:0.0417|4:0.0417|5:0.0417|6:0.0417|7:0.0417
34,math_algebra2_2014,math-algebra2-2014.js,multiple-choice,Throughout which of the following intervals is f ( x ) = ( x - 1 ) ( x - 4 ) 2 only decreasing?,4,1,0.8248764,1.1609259843826294,0:0.0250|1:0.8249|2:0.0250|3:0.0250|4:0.0250|5:0.0250|6:0.0250|7:0.0250
35,math_algebra2_2014,math-algebra2-2014.js,multiple-choice,Given: f ( x ) = log ( x - 16 ) + 15 What is the equation of an asymptote of the graph of the given function?,7,1,0.890542,0.805566668510437,0:0.0156|1:0.8905|2:0.0156|3:0.0156|4:0.0156|5:0.0156|6:0.0156|7:0.0156
36,math_algebra2_2014,math-algebra2-2014.js,multiple-choice,What appears to be the range of this function?,3,3,0.45026883,1.9876601696014404,0:0.0313|1:0.0313|2:0.0313|3:0.4503|4:0.0313|5:0.0313|6:0.3619|7:0.0314
37,math_algebra2_2014,math-algebra2-2014.js,multiple-choice,The heights of a large population of ostriches are normally distributed. Which is closest to the percentage of these heights that is within 3 standard deviations of the mean?,13,0,0.9374791,0.5128899812698364,0:0.9375|1:0.0089|2:0.0089|3:0.0089|4:0.0089|5:0.0089|6:0.0089|7:0.0089
38,math_algebra2_2014,math-algebra2-2014.js,multiple-choice,Which of these situations involves a combination?,3,5,0.7811241,1.3725719451904297,0:0.0313|1:0.0313|2:0.0313|3:0.0313|4:0.0313|5:0.7811|6:0.0313|7:0.0313
39,math_algebra2_2014,math-algebra2-2014.js,multiple-choice,What is the 14th term of the arithmetic sequence with a first term of 7 and a common difference of 10?,7,2,0.89050806,0.8057642579078674,0:0.0157|1:0.0156|2:0.8905|3:0.0156|4:0.0156|5:0.0156|6:0.0156|7:0.0156
40,math_algebra2_2014,math-algebra2-2014.js,multiple-choice,The graph of the function g is shown on the following grid. Which graph best represents the inverse of g?,9,1,0.91243416,0.6741205453872681,0:0.0125|1:0.9124|2:0.0125|3:0.0125|4:0.0125|5:0.0125|6:0.0125|7:0.0125
41,math_algebra2_2014,math-algebra2-2014.js,multiple-select,Identify each of the x- and y-intercepts of the function h ( x ) = x 3 + 3 x 2 - 4 x - 12 .,3,5,0.781009,1.3731062412261963,0:0.0313|1:0.0313|2:0.0313|3:0.0313|4:0.0313|5:0.7810|6:0.0313|7:0.0313
42,math_algebra2_2014,math-algebra2-2014.js,multiple-choice,Which of the following describes the end behavior of y = - x 2 + b x + c as x approaches either positive or negative infinity?,9,1,0.9124066,0.6742905974388123,0:0.0125|1:0.9124|2:0.0125|3:0.0125|4:0.0125|5:0.0125|6:0.0125|7:0.0125
43,math_algebra2_2014,math-algebra2-2014.js,multiple-choice,"If f ( x ) = 2 3 x 2 + 1 and g ( x ) = 6 x - 15 , which polynomial is equivalent to g ( f ( x ) ) ?",2,2,0.708132,1.6904990673065186,0:0.0417|1:0.0417|2:0.7081|3:0.0417|4:0.0417|5:0.0417|6:0.0417|7:0.0417
44,math_algebra2_2014,math-algebra2-2014.js,multiple-choice,The domain of the function f ( x ) = x + 3 x 2 + 5 x - 24 is all real numbers except —,5,7,0.5947003,1.6586791276931763,0:0.0208|1:0.0208|2:0.0209|3:0.0209|4:0.0208|5:0.0209|6:0.2802|7:0.5947
45,math_algebra2_2014,math-algebra2-2014.js,multiple-choice,The amount of work (W) done when lifting an object varies jointly with the mass of the object (M) and the distance the object is lifted (D). Which equation models this relationship?,15,1,0.94528884,0.45967546105384827,0:0.0078|1:0.9453|2:0.0078|3:0.0078|4:0.0078|5:0.0078|6:0.0078|7:0.0078
46,math_algebra2_2014,math-algebra2-2014.js,multiple-choice,"Madison deposited $1,000 into a savings account that compounds interest yearly. Using the exponential curve of best fit, which is closest to the expected amount in the savings account 30 years after the time Madison deposited the initial $1,000?",22,4,0.9619343,0.3402155935764313,0:0.0054|1:0.0054|2:0.0054|3:0.0054|4:0.9619|5:0.0054|6:0.0054|7:0.0054
47,math_algebra2_2014,math-algebra2-2014.js,multiple-choice,"Which graph best represents a function with zeros of -2, -1, and 2?",5,1,0.8233318,1.150014042854309,0:0.0208|1:0.8233|2:0.0208|3:0.0209|4:0.0208|5:0.0209|6:0.0209|7:0.0516
48,math_algebra2_2014,math-algebra2-2014.js,multiple-choice,The number of permutations of 8 objects taken 3 at a time is —,5,1,0.85400397,1.0095911026000977,0:0.0209|1:0.8540|2:0.0208|3:0.0209|4:0.0209|5:0.0209|6:0.0209|7:0.0208
49,math_algebra2_2014,math-algebra2-2014.js,multiple-choice,"If y varies inversely as the square root of x, what is the constant of proportionality if y = 16 when x = 4?",6,7,0.8749152,0.8949599266052246,0:0.0179|1:0.0179|2:0.0179|3:0.0179|4:0.0179|5:0.0179|6:0.0179|7:0.8749
50,math_algebra2_2014,math-algebra2-2014.js,multiple-choice,Which of the following describes the root(s) of the equation 9 x 2 = 6 x - 1 ?,4,1,0.4992789,1.8293898105621338,0:0.0250|1:0.4993|2:0.3506|3:0.0250|4:0.0250|5:0.0250|6:0.0250|7:0.0250
1,math_algebra2_2015,math-algebra2-2015.js,multiple-choice,Which expression is equivalent to 20 x 16 y 25 for positive x and y values?,4,3,0.8248356,1.1611323356628418,0:0.0250|1:0.0250|2:0.0250|3:0.8248|4:0.0250|5:0.0250|6:0.0250|7:0.0250
2,math_algebra2_2015,math-algebra2-2015.js,multiple-choice,Which expression is equivalent to 6 w 7 3 · 4 w 5 3 ?,2,2,0.70805454,1.6908154487609863,0:0.0417|1:0.0417|2:0.7081|3:0.0418|4:0.0417|5:0.0418|6:0.0417|7:0.0417
3,math_algebra2_2015,math-algebra2-2015.js,multiple-choice,The steps used to solve an equation are shown. Step 1: 2 3 r = 14 i Step 2: ( 3 2 ) 2 3 r = 14 i ( 3 2 ) Step 3: ( 3 2 · 2 3 ) r = 14 i ( 3 2 ) Step 4: 1 · r = 21 i Step 5: r = 21 i What property justifies the work between Step 4 and Step 5?,15,5,0.6950263,1.1974462270736694,0:0.2581|1:0.0078|2:0.0078|3:0.0078|4:0.0078|5:0.6950|6:0.0078|7:0.0078
4,math_algebra2_2015,math-algebra2-2015.js,multiple-choice,Which expression is equivalent to the following expression if no denominators equal zero? 11 - w 30 w 2 w - 11 5 w 6,7,2,0.8905511,0.8055137395858765,0:0.0156|1:0.0156|2:0.8906|3:0.0156|4:0.0156|5:0.0156|6:0.0156|7:0.0156
5,math_algebra2_2015,math-algebra2-2015.js,multiple-choice,What is the complete factorization of 18 x 4 + 12 x 3 - 6 x ?,2,4,0.7081835,1.6902885437011719,0:0.0417|1:0.0417|2:0.0417|3:0.0417|4:0.7082|5:0.0417|6:0.0417|7:0.0417
6,math_algebra2_2015,math-algebra2-2015.js,multiple-choice,Which of these is equivalent to i 75 ?,1,5,0.5621405,2.2180564403533936,0:0.0625|1:0.0625|2:0.0626|3:0.0626|4:0.0625|5:0.5621|6:0.0625|7:0.0625
7,math_algebra2_2015,math-algebra2-2015.js,multiple-choice,For which value of b is x 2 + b x - 60 factorable over the set of integers?,4,1,0.82475805,1.1615227460861206,0:0.0250|1:0.8248|2:0.0250|3:0.0250|4:0.0250|5:0.0250|6:0.0250|7:0.0250
8,math_algebra2_2015,math-algebra2-2015.js,multiple-choice,"If no denominator equals zero, which expression is equivalent to 25 - 4 x 2 6 x 2 + 9 x - 15 · 6 x 2 - 2 x - 4 2 x 2 - x - 10 ?",5,2,0.85407865,1.0091910362243652,0:0.0208|1:0.0208|2:0.8541|3:0.0209|4:0.0208|5:0.0209|6:0.0208|7:0.0208
9,math_algebra2_2015,math-algebra2-2015.js,multiple-choice,"Assuming the denominators do NOT equal zero, which expression is equivalent to 12 x + 1 + 1 x - 4 ?",6,2,0.70644844,1.4284906387329102,0:0.0179|1:0.0179|2:0.7064|3:0.0179|4:0.0179|5:0.0179|6:0.0179|7:0.1863
10,math_algebra2_2015,math-algebra2-2015.js,multiple-choice,"Which expression is equivalent to 36 x 9 y 25 , where x > 0 and y > 0 ?",2,2,0.7080521,1.6908254623413086,0:0.0417|1:0.0417|2:0.7081|3:0.0418|4:0.0417|5:0.0418|6:0.0417|7:0.0417
11,math_algebra2_2015,math-algebra2-2015.js,multiple-choice,What nonzero value of x is a solution to the following equation? x + 2 x + x - 6 3 x = 2 x + 9 5 x,5,1,0.5437632,1.704643726348877,0:0.0208|1:0.5438|2:0.0209|3:0.0209|4:0.0208|5:0.3311|6:0.0209|7:0.0209
12,math_algebra2_2015,math-algebra2-2015.js,multiple-choice,How many values of x will satisfy the equation - 2 | 3 x - 5 | = 0 ?,4,0,0.82454425,1.1626009941101074,0:0.8245|1:0.0251|2:0.0251|3:0.0251|4:0.0251|5:0.0251|6:0.0251|7:0.0250
13,math_algebra2_2015,math-algebra2-2015.js,multiple-choice,Which graph best represents the solutions for y | x + 4 | - 1 ?,4,1,0.82483906,1.1611145734786987,0:0.0250|1:0.8248|2:0.0250|3:0.0250|4:0.0250|5:0.0250|6:0.0251|7:0.0250
14,math_algebra2_2015,math-algebra2-2015.js,multiple-choice,What is a solution of 7 - 2 x + 5 = 8 ?,1,6,0.56223977,2.2177417278289795,0:0.0625|1:0.0626|2:0.0626|3:0.0626|4:0.0625|5:0.0625|6:0.5622|7:0.0625
15,math_algebra2_2015,math-algebra2-2015.js,multiple-choice,Which is the apparent solution set of the system of equations graphed on the following grid?,8,1,0.58133227,1.4980992078781128,0:0.0139|1:0.5813|2:0.0139|3:0.0139|4:0.0139|5:0.0139|6:0.0139|7:0.3352
16,math_algebra2_2015,math-algebra2-2015.js,multiple-choice,This graph best represents the solution to which inequality?,5,1,0.8540273,1.0094668865203857,0:0.0208|1:0.8540|2:0.0208|3:0.0208|4:0.0208|5:0.0209|6:0.0209|7:0.0209
17,math_algebra2_2015,math-algebra2-2015.js,free-response,What value of x makes 2 x - 5 3 = 3 true?,3,6,0.7811011,1.372678518295288,0:0.0313|1:0.0313|2:0.0313|3:0.0313|4:0.0313|5:0.0313|6:0.7811|7:0.0313
18,math_algebra2_2015,math-algebra2-2015.js,multiple-choice,What are the apparent roots of the equation graphed on the coordinate grid?,6,2,0.59986484,1.583709478378296,0:0.0179|1:0.2929|2:0.5999|3:0.0179|4:0.0179|5:0.0179|6:0.0179|7:0.0179
19,math_algebra2_2015,math-algebra2-2015.js,multiple-choice,"If no denominator is equal to zero, what is the solution set for the following equation? 3 x - 4 x 2 = 3 2 x",7,2,0.89035034,0.8066835403442383,0:0.0157|1:0.0157|2:0.8904|3:0.0157|4:0.0156|5:0.0157|6:0.0157|7:0.0157
20,math_algebra2_2015,math-algebra2-2015.js,multiple-choice,What is the solution set for the following system of equations? y = 4 x + 2 y = x 2 + x - 8,5,1,0.8540035,1.009594440460205,0:0.0209|1:0.8540|2:0.0208|3:0.0209|4:0.0208|5:0.0209|6:0.0209|7:0.0209
21,math_algebra2_2015,math-algebra2-2015.js,multiple-select,Identify all the points where the graph of h ( x ) = ( x + 1 ) ( x 2 + 8 x + 16 ) intersects the x-axis.,5,3,0.8539255,1.0100111961364746,0:0.0209|1:0.0209|2:0.0209|3:0.8539|4:0.0209|5:0.0209|6:0.0209|7:0.0209
22,math_algebra2_2015,math-algebra2-2015.js,multiple-choice,The function f ( x ) = ( 1 - x ) 2 - 4 is decreasing throughout the interval —,4,7,0.8248937,1.1608388423919678,0:0.0250|1:0.0250|2:0.0250|3:0.0250|4:0.0250|5:0.0250|6:0.0250|7:0.8249
23,math_algebra2_2015,math-algebra2-2015.js,multiple-choice,Given: f ( x ) = 4 x 4 - 15 and g ( x ) = 2 x + 11 What is the value of g ( f ( x ) ) ?,2,1,0.7078791,1.6915321350097656,0:0.0417|1:0.7079|2:0.0417|3:0.0417|4:0.0417|5:0.0418|6:0.0418|7:0.0417
24,math_algebra2_2015,math-algebra2-2015.js,multiple-choice,A normally distributed data set has a mean of 0 and a standard deviation of 0.5. Which is closest to the percent of values between -1 and 1?,10,0,0.9204164,0.6241294741630554,0:0.9204|1:0.0114|2:0.0114|3:0.0114|4:0.0114|5:0.0114|6:0.0114|7:0.0114
25,math_algebra2_2015,math-algebra2-2015.js,point-select,Point A lies on the graph of f ( x ) = 1 2 x + 2 . Locate the image of Point A that lies on the graph of f - 1 ( x ) .,8,0,0.9026876,0.7336074709892273,0:0.9027|1:0.0139|2:0.0139|3:0.0139|4:0.0139|5:0.0139|6:0.0139|7:0.0139
26,math_algebra2_2015,math-algebra2-2015.js,multiple-choice,Which equation best represents this graph?,4,1,0.82484436,1.161087989807129,0:0.0250|1:0.8248|2:0.0250|3:0.0250|4:0.0250|5:0.0250|6:0.0250|7:0.0250
27,math_algebra2_2015,math-algebra2-2015.js,multiple-choice,"If f ( x ) = x 2 + 3 x and g ( x ) = 2 x 2 , what is g ( f ( - 1 ) ) ?",0,0,0.125,3.0,0:0.1250|1:0.1250|2:0.1250|3:0.1250|4:0.1250|5:0.1250|6:0.1250|7:0.1250
28,math_algebra2_2015,math-algebra2-2015.js,multiple-choice,"The volume of a cone (V) varies jointly with its height (h) and the square of its radius (r). If k is the constant of proportionality, which of the following equations represents the correct relationship between volume, radius, and height?",17,1,0.9513267,0.41737669706344604,0:0.0070|1:0.9513|2:0.0070|3:0.0069|4:0.0070|5:0.0070|6:0.0069|7:0.0070
29,math_algebra2_2015,math-algebra2-2015.js,multiple-choice,What is the equation of the horizontal asymptote of the graph of the following equation? f ( x ) = 4 ( x + 1 ) - 10,6,2,0.5738948,1.608121395111084,0:0.0179|1:0.3189|2:0.5739|3:0.0179|4:0.0179|5:0.0179|6:0.0179|7:0.0179
30,math_algebra2_2015,math-algebra2-2015.js,multiple-choice,"As x approaches negative infinity, which of the following describes the end behavior of f ( x ) = - x 7 + b x 3 + c ?",7,1,0.8905843,0.8053199052810669,0:0.0156|1:0.8906|2:0.0156|3:0.0156|4:0.0156|5:0.0156|6:0.0156|7:0.0156
31,math_algebra2_2015,math-algebra2-2015.js,multiple-choice,"Jessica paid $23,000 for her car and kept a record of its value. Assuming the relationship is exponential, which equation best models the curve of best fit for the data?",16,7,0.9484569,0.4376164972782135,0:0.0074|1:0.0074|2:0.0074|3:0.0074|4:0.0074|5:0.0074|6:0.0074|7:0.9485
32,math_algebra2_2015,math-algebra2-2015.js,multiple-choice,What is the sum of the infinite geometric series 9 - 6 + 4 - 8 3 + ... ?,4,1,0.8249256,1.1606781482696533,0:0.0250|1:0.8249|2:0.0250|3:0.0250|4:0.0250|5:0.0250|6:0.0250|7:0.0250
33,math_algebra2_2015,math-algebra2-2015.js,multiple-choice,Which number is a zero of f ( x ) = 7 x 2 + 16 x - 48 ?,2,2,0.70798296,1.691108226776123,0:0.0417|1:0.0417|2:0.7080|3:0.0417|4:0.0417|5:0.0417|6:0.0417|7:0.0417
34,math_algebra2_2015,math-algebra2-2015.js,multiple-choice,Which function is the inverse of g ( x ) = x 3 + 11 ?,2,1,0.7081257,1.6905248165130615,0:0.0417|1:0.7081|2:0.0417|3:0.0417|4:0.0417|5:0.0417|6:0.0417|7:0.0418
35,math_algebra2_2015,math-algebra2-2015.js,multiple-choice,What is the domain of g ( x ) = log ( x - 1 ) ?,2,6,0.7080827,1.6907002925872803,0:0.0417|1:0.0418|2:0.0417|3:0.0417|4:0.0417|5:0.0417|6:0.7081|7:0.0417
36,math_algebra2_2015,math-algebra2-2015.js,multiple-choice,"A scientist obtained a sample that contained 80 grams of radioactive Barium-122 that decays exponentially over time. The amount of Barium-122 that remained in the sample at observed times is shown in the table. If the radioactive decay continues at the same rate, which is closest to the amount of the sample of Barium-122 remaining at 5 minutes?",28,1,0.96981066,0.28009265661239624,0:0.0043|1:0.9698|2:0.0043|3:0.0043|4:0.0043|5:0.0043|6:0.0043|7:0.0043
37,math_algebra2_2015,math-algebra2-2015.js,multiple-choice,"What is the sum of the first 20 terms of the arithmetic sequence shown? 1 3 , 2 3 , 1 , 4 3 , 5 3 , ...",6,1,0.8748668,0.8952313661575317,0:0.0179|1:0.8749|2:0.0179|3:0.0179|4:0.0179|5:0.0179|6:0.0179|7:0.0179
38,math_algebra2_2015,math-algebra2-2015.js,free-response,What is the number of possible permutations of 8 objects taken 3 at a time?,6,1,0.8748526,0.8953104615211487,0:0.0179|1:0.8749|2:0.0179|3:0.0179|4:0.0179|5:0.0179|6:0.0179|7:0.0179
1,math_algebra2_practice_2023,math-algebra2-practice-2023.js,multiple-choice,Which expression is equivalent to the one shown if the denominators do not equal zero? 2 x x 2 - 49 - 3 ( x - 4 ) ( x - 7 ),7,2,0.8904743,0.8059608936309814,0:0.0156|1:0.0157|2:0.8905|3:0.0157|4:0.0156|5:0.0157|6:0.0156|7:0.0156
2,math_algebra2_practice_2023,math-algebra2-practice-2023.js,multiple-choice,Which expression is equivalent to the one shown if no denominators equal zero? - 13 + d 42 d 3 13 - d 6 d 9,7,2,0.89047974,0.8059296607971191,0:0.0156|1:0.0157|2:0.8905|3:0.0157|4:0.0156|5:0.0157|6:0.0156|7:0.0156
3,math_algebra2_practice_2023,math-algebra2-practice-2023.js,multiple-choice,Which expression is equivalent to 576 n 8 p 27 3 ?,2,3,0.7080312,1.690910816192627,0:0.0417|1:0.0417|2:0.0418|3:0.7080|4:0.0417|5:0.0418|6:0.0417|7:0.0417
4,math_algebra2_practice_2023,math-algebra2-practice-2023.js,multiple-choice,Which is the factored form of 125 m 3 - 343,2,2,0.7083027,1.689801812171936,0:0.0417|1:0.0417|2:0.7083|3:0.0417|4:0.0417|5:0.0417|6:0.0417|7:0.0417
5,math_algebra2_practice_2023,math-algebra2-practice-2023.js,multiple-choice,What are the y-coordinates for the solutions to this system of equations? x 2 + 6 x + 3 y + 6 = 0 x + y + 20 = 0,4,1,0.82491595,1.1607270240783691,0:0.0250|1:0.8249|2:0.0250|3:0.0250|4:0.0250|5:0.0250|6:0.0251|7:0.0250
6,math_algebra2_practice_2023,math-algebra2-practice-2023.js,multiple-choice,What is the real solution set of -- x x - 4 - 4 3 = 4 x - 4,3,6,0.7810071,1.373115062713623,0:0.0313|1:0.0313|2:0.0313|3:0.0313|4:0.0313|5:0.0313|6:0.7810|7:0.0313
7,math_algebra2_practice_2023,math-algebra2-practice-2023.js,multiple-choice,What is the solution set for this equation? 3 2 x - 4 + 6 = 3,3,1,0.7808784,1.3737125396728516,0:0.0313|1:0.7809|2:0.0313|3:0.0313|4:0.0313|5:0.0313|6:0.0313|7:0.0313
8,math_algebra2_practice_2023,math-algebra2-practice-2023.js,multiple-choice,Which function is best represented by this graph?,4,7,0.8246655,1.1619899272918701,0:0.0251|1:0.0251|2:0.0250|3:0.0250|4:0.0251|5:0.0250|6:0.0250|7:0.8247
9,math_algebra2_practice_2023,math-algebra2-practice-2023.js,multiple-choice,Which graph could represent a function g(x) = log(x) + c where c < 0?,5,5,0.85400647,1.009577751159668,0:0.0209|1:0.0209|2:0.0208|3:0.0209|4:0.0208|5:0.8540|6:0.0208|7:0.0209
10,math_algebra2_practice_2023,math-algebra2-practice-2023.js,multiple-choice,"An experiment is conducted on a container of gas that is kept at a constant temperature. • When the pressure on the gas is 30 pounds per square inch, the volume is 120 cubic inches. • When the pressure on the gas is 40 pounds per square inch, the volume is 90 cubic inches. • Let p represent the pressure on the gas. • Let v represent the volume of the gas. Which statement is true about this relationship?",36,7,0.97630936,0.22819681465625763,0:0.0034|1:0.0034|2:0.0034|3:0.0034|4:0.0034|5:0.0034|6:0.0034|7:0.9763
11,math_algebra2_practice_2023,math-algebra2-practice-2023.js,multiple-choice,A relation is shown in this table. Which statement about this relation is true?,6,6,0.87477607,0.8957409858703613,0:0.0179|1:0.0179|2:0.0179|3:0.0179|4:0.0179|5:0.0179|6:0.8748|7:0.0179
12,math_algebra2_practice_2023,math-algebra2-practice-2023.js,multiple-choice,The graph of g ( x ) = x + 1 x has —,1,1,0.5620004,2.2185001373291016,0:0.0626|1:0.5620|2:0.0625|3:0.0626|4:0.0626|5:0.0626|6:0.0626|7:0.0626
13,math_algebra2_practice_2023,math-algebra2-practice-2023.js,multiple-choice,The graph of a function is shown on the grid. What appears to be the domain of this function?,7,1,0.8904823,0.8059144020080566,0:0.0156|1:0.8905|2:0.0156|3:0.0157|4:0.0156|5:0.0156|6:0.0157|7:0.0157
14,math_algebra2_practice_2023,math-algebra2-practice-2023.js,multiple-choice,Throughout which interval is f ( x ) = - x 3 + 2 x 2 + 4 x - 2 increasing?,3,0,0.7811178,1.3726013898849487,0:0.7811|1:0.0313|2:0.0313|3:0.0313|4:0.0313|5:0.0313|6:0.0313|7:0.0313
15,math_algebra2_practice_2023,math-algebra2-practice-2023.js,multiple-choice,Which of the following describes the end behavior of h ( x ) = x - 6 x 2 as x approaches negative infinity?,7,1,0.89058423,0.8053200244903564,0:0.0156|1:0.8906|2:0.0156|3:0.0156|4:0.0156|5:0.0156|6:0.0156|7:0.0156
16,math_algebra2_practice_2023,math-algebra2-practice-2023.js,multiple-choice,Which of the following describes the end behavior of f ( x ) = 9 log ( 2x 5 ) + 5 as x approaches 0?,6,1,0.87494713,0.894780695438385,0:0.0179|1:0.8749|2:0.0179|3:0.0179|4:0.0179|5:0.0179|6:0.0179|7:0.0179
17,math_algebra2_practice_2023,math-algebra2-practice-2023.js,multiple-choice,Given: f(x) = x − 1 g(x) = −2x + 4 Which graph best represents f(g(x))?,5,1,0.8540511,1.0093389749526978,0:0.0208|1:0.8541|2:0.0208|3:0.0208|4:0.0209|5:0.0209|6:0.0209|7:0.0209
18,math_algebra2_practice_2023,math-algebra2-practice-2023.js,multiple-choice,"The test scores of all students on the State 10th Grade English Assessment were collected and displayed in the histogram shown. The data appear normally distributed with a mean test score of 550 and a standard deviation of 82. The principal of a high school in the state wants to compare the data from her school's students with the data in the histogram on the same test. To collect the most appropriate data, the principal should —",36,7,0.97633636,0.22797629237174988,0:0.0034|1:0.0034|2:0.0034|3:0.0034|4:0.0034|5:0.0034|6:0.0034|7:0.9763
19,math_algebra2_practice_2023,math-algebra2-practice-2023.js,multiple-choice,The test scores of all students on the State 10th Grade English Assessment were collected and displayed in the histogram shown. The data appear normally distributed with a mean test score of 550 and a standard deviation of 82. The data set containing the test scores on the State 10th Grade English Assessment for Mr. Carter's English classes has a median test score lower than the median for all students. Which graph best represents the data for Mr. Carter's English classes?,45,7,0.9809657,0.1894199699163437,0:0.0027|1:0.0027|2:0.0027|3:0.0027|4:0.0027|5:0.0027|6:0.0027|7:0.9810
20,math_algebra2_practice_2023,math-algebra2-practice-2023.js,multiple-choice,A normally distributed set of 968 values has a mean of 108 and a standard deviation of 11. Which is closest to the number of values expected to be above 130?,11,0,0.9270432,0.5816775560379028,0:0.9270|1:0.0104|2:0.0104|3:0.0104|4:0.0104|5:0.0104|6:0.0104|7:0.0104
21,math_algebra2_practice_2023,math-algebra2-practice-2023.js,multiple-choice,This table shows data on the amount of money raised during a fundraiser for four different classes and for one student in each class. The data is normally distributed. Which of the four students raised the greatest amount of money?,22,0,0.96190435,0.3404395580291748,0:0.9619|1:0.0054|2:0.0054|3:0.0054|4:0.0054|5:0.0054|6:0.0054|7:0.0054
22,math_algebra2_practice_2023,math-algebra2-practice-2023.js,multiple-choice,"The amount of lost revenue from tickets not sold for a concert is shown in the table. Which equation best models the relationship between y, the amount of lost revenue, and x, the price per ticket?",18,1,0.95391595,0.3988981246948242,0:0.0066|1:0.9539|2:0.0066|3:0.0066|4:0.0066|5:0.0066|6:0.0066|7:0.0066
1,math_geometry_2014,math-geometry-2014.js,multiple-choice,"Let p represent ""Two angles are vertical angles."" Let q represent ""The angles are congruent."" What is the symbolic representation of the following statement? If two angles are congruent, then the angles are vertical angles.",20,4,0.9582781,0.3672599196434021,0:0.0060|1:0.0060|2:0.0060|3:0.0060|4:0.9583|5:0.0060|6:0.0060|7:0.0060
2,math_geometry_2014,math-geometry-2014.js,multiple-choice,Beth is drawing the perpendicular bisector of S T ¯ . Which point is on the perpendicular bisector of S T ¯ ?,7,0,0.8905764,0.8053655624389648,0:0.8906|1:0.0156|2:0.0156|3:0.0156|4:0.0156|5:0.0156|6:0.0156|7:0.0156
3,math_geometry_2014,math-geometry-2014.js,multiple-choice,"In this figure, parallel lines a and b are intersected by line c. Which pair of angles is NOT supplementary?",8,4,0.9026912,0.7335867881774902,0:0.0139|1:0.0139|2:0.0139|3:0.0139|4:0.9027|5:0.0139|6:0.0139|7:0.0139
4,math_geometry_2014,math-geometry-2014.js,multiple-choice,What type of construction is illustrated in the figure?,4,6,0.82481176,1.161252498626709,0:0.0250|1:0.0250|2:0.0251|3:0.0250|4:0.0250|5:0.0250|6:0.8248|7:0.0250
5,math_geometry_2014,math-geometry-2014.js,multiple-choice,"Which value for x is a counterexample to the following statement? For all positive values of x, x 3 ≥ x.",6,7,0.8747994,0.8956099152565002,0:0.0179|1:0.0179|2:0.0179|3:0.0179|4:0.0179|5:0.0179|6:0.0179|7:0.8748
6,math_geometry_2014,math-geometry-2014.js,multiple-choice,An angle congruent to angle A is being constructed. Which ray could be drawn to construct an angle congruent to ∠A?,10,5,0.9203936,0.6242741942405701,0:0.0114|1:0.0114|2:0.0114|3:0.0114|4:0.0114|5:0.9204|6:0.0114|7:0.0114
7,math_geometry_2014,math-geometry-2014.js,multiple-choice,Which diagram shows a pair of angle measures that prove lines a and b are parallel?,8,0,0.9026286,0.7339637279510498,0:0.9026|1:0.0139|2:0.0139|3:0.0139|4:0.0139|5:0.0139|6:0.0139|7:0.0139
8,math_geometry_2014,math-geometry-2014.js,multiple-choice,"Which is a valid conclusion that can be drawn from these statements? If a quadrilateral is a rhombus, then it is a parallelogram. If a quadrilateral is a parallelogram, then its opposite angles are congruent.",12,4,0.9326574,0.5449822545051575,0:0.0096|1:0.0096|2:0.0096|3:0.0096|4:0.9327|5:0.0096|6:0.0096|7:0.0096
9,math_geometry_2014,math-geometry-2014.js,multiple-choice,"This figure shows parallel stair railings through points M, N, P, and Q. What is the value of x?",7,7,0.890462,0.8060329556465149,0:0.0156|1:0.0157|2:0.0157|3:0.0156|4:0.0157|5:0.0156|6:0.0157|7:0.8905
10,math_geometry_2014,math-geometry-2014.js,multiple-choice,"Given: S(-1, 8) and T(7, -9) What is the length of S T ¯ ?",2,5,0.7079233,1.6913515329360962,0:0.0417|1:0.0418|2:0.0417|3:0.0418|4:0.0418|5:0.7079|6:0.0417|7:0.0417
6,math_geometry_2014,math-geometry-2014.js,multiple-choice,The perimeter of △JKL is 200 centimeters. • JK = 68 centimeters • KL = 62 centimeters Which statement is true about the interior angles of △JKL?,10,5,0.920392,0.6242843866348267,0:0.0114|1:0.0114|2:0.0114|3:0.0114|4:0.0114|5:0.9204|6:0.0114|7:0.0114
12,math_geometry_2014,math-geometry-2014.js,multiple-choice,Which best describes the construction in the diagram shown?,5,6,0.8540229,1.0094901323318481,0:0.0208|1:0.0209|2:0.0208|3:0.0209|4:0.0209|5:0.0208|6:0.8540|7:0.0209
13,math_geometry_2014,math-geometry-2014.js,multiple-choice,"Which is the inverse of the following statement? If the measure of an angle is 90°, then it is a right angle.",7,5,0.5558647,1.5641546249389648,0:0.3503|1:0.0157|2:0.0156|3:0.0156|4:0.0156|5:0.5559|6:0.0156|7:0.0157
14,math_geometry_2014,math-geometry-2014.js,multiple-choice,"If TUVW is reflected across the line y = x, what are the coordinates of V′?",5,0,0.85409313,1.0091140270233154,0:0.8541|1:0.0208|2:0.0208|3:0.0208|4:0.0209|5:0.0209|6:0.0208|7:0.0208
15,math_geometry_2014,math-geometry-2014.js,free-response,Lines r and s are cut by a transversal. What value of x proves that r ∥ s?,5,5,0.85404766,1.0093576908111572,0:0.0208|1:0.0209|2:0.0208|3:0.0208|4:0.0209|5:0.8540|6:0.0209|7:0.0208
16,math_geometry_2014,math-geometry-2014.js,multiple-choice,"Given: P(5, 7) and T(-3, 3) What is the slope of P T → ?",2,4,0.70811814,1.6905559301376343,0:0.0417|1:0.0417|2:0.0417|3:0.0417|4:0.7081|5:0.0418|6:0.0417|7:0.0417
17,math_geometry_2014,math-geometry-2014.js,multiple-choice,For which polygon are both x = -1 and y = -2 lines of symmetry?,3,0,0.781054,1.3728973865509033,0:0.7811|1:0.0313|2:0.0313|3:0.0313|4:0.0313|5:0.0313|6:0.0313|7:0.0313
18,math_geometry_2014,math-geometry-2014.js,multiple-choice,"The figure represents a ramp with handrails. Segments AB and DE are parallel to GH. Segments BC and EF are parallel to HJ. Segments AG and BH are parallel to CJ. If m∠JCB = 115°, what is m∠CBA?",12,6,0.93265855,0.544974684715271,0:0.0096|1:0.0096|2:0.0096|3:0.0096|4:0.0096|5:0.0096|6:0.9327|7:0.0096
19,math_geometry_2014,math-geometry-2014.js,multiple-choice,"Reuben attached a wire between two poles on a hill as shown. Which is closest to x, the distance between the two poles?",11,5,0.9270188,0.5818352699279785,0:0.0104|1:0.0104|2:0.0104|3:0.0104|4:0.0104|5:0.9270|6:0.0104|7:0.0104
20,math_geometry_2014,math-geometry-2014.js,multiple-choice,"Triangles ABE, ADE, and CBE are shown on the coordinate grid, and all the vertices have coordinates that are integers. Which statement is true?",12,1,0.9326517,0.5450199842453003,0:0.0096|1:0.9327|2:0.0096|3:0.0096|4:0.0096|5:0.0096|6:0.0096|7:0.0096
21,math_geometry_2014,math-geometry-2014.js,drag-drop,"The lengths of two sides of a triangle are 24 inches and 43 inches. What is the range of possible lengths, in inches, for the third side, x, of this triangle? ___ < x < ___",13,5,0.51102126,1.3822340965270996,0:0.0089|1:0.0089|2:0.0089|3:0.0089|4:0.0089|5:0.5110|6:0.4354|7:0.0089
22,math_geometry_2014,math-geometry-2014.js,multiple-choice,Which of the following sets of lengths can represent the measures of the sides of a right triangle?,8,5,0.58118004,1.498327374458313,0:0.0139|1:0.0139|2:0.0139|3:0.0139|4:0.0139|5:0.5812|6:0.0139|7:0.3354
23,math_geometry_2014,math-geometry-2014.js,multiple-choice,"Given the measures shown in the diagram, which two triangles are congruent?",7,1,0.89038366,0.8064895868301392,0:0.0157|1:0.8904|2:0.0156|3:0.0157|4:0.0157|5:0.0157|6:0.0156|7:0.0157
24,math_geometry_2014,math-geometry-2014.js,multiple-choice,"Part of a marching band formed a triangle made with trumpet players on one side, clarinet players on one side, and flute players on the third side. • The angle formed by the trumpet and flute players measured 45°. • The angle formed by the flute and clarinet players measured 68°. Which orders the sides of this triangle from least to greatest using the instrument names?",38,5,0.9775486,0.21802103519439697,0:0.0032|1:0.0032|2:0.0032|3:0.0032|4:0.0032|5:0.9775|6:0.0032|7:0.0032
25,math_geometry_2014,math-geometry-2014.js,multiple-choice,"An equilateral triangle is folded in half. What is x, the height of the equilateral triangle?",7,1,0.89054894,0.8055259585380554,0:0.0156|1:0.8905|2:0.0156|3:0.0156|4:0.0156|5:0.0156|6:0.0156|7:0.0156
26,math_geometry_2014,math-geometry-2014.js,multiple-choice,Look at this triangle. Which triangle is similar to the given triangle?,6,1,0.8749237,0.89491206407547,0:0.0179|1:0.8749|2:0.0179|3:0.0179|4:0.0179|5:0.0179|6:0.0179|7:0.0179
27,math_geometry_2014,math-geometry-2014.js,drag-drop,Given: Figure ABCD with diagonal AC AB ≅ DC; BC ≅ AD Complete the proof of △ABC ≅ △CDA by selecting reasons for the two statements.,12,5,0.7226692,1.2057634592056274,0:0.0096|1:0.0096|2:0.0096|3:0.0096|4:0.2196|5:0.7227|6:0.0096|7:0.0096
28,math_geometry_2014,math-geometry-2014.js,multiple-choice,A spectator is viewing the six cars of a roller coaster as it travels down a hill at an amusement park. Which is closest to the total length of the six cars?,15,0,0.9452779,0.4597514569759369,0:0.9453|1:0.0078|2:0.0078|3:0.0078|4:0.0078|5:0.0078|6:0.0078|7:0.0078
29,math_geometry_2014,math-geometry-2014.js,multiple-choice,Three triangles that do not overlap are shown on the coordinate grid. The coordinates of all vertices are integers. Which statement is true?,11,1,0.9270177,0.5818426609039307,0:0.0104|1:0.9270|2:0.0104|3:0.0104|4:0.0104|5:0.0104|6:0.0104|7:0.0104
30,math_geometry_2014,math-geometry-2014.js,multiple-choice,"Using the information given, which congruence postulate or theorem can be used to prove that △PQR ≅ △TSR?",10,4,0.9203928,0.6242790222167969,0:0.0114|1:0.0114|2:0.0114|3:0.0114|4:0.9204|5:0.0114|6:0.0114|7:0.0114
31,math_geometry_2014,math-geometry-2014.js,multiple-choice,Which could be the lengths of three sides of a triangle?,5,7,0.8539904,1.0096642971038818,0:0.0209|1:0.0209|2:0.0208|3:0.0208|4:0.0208|5:0.0209|6:0.0209|7:0.8540
32,math_geometry_2014,math-geometry-2014.js,multiple-choice,Given: Q lies on P R ¯ and S lies on R T ¯ Which condition proves △PRT ~ △QRS?,7,3,0.8905622,0.8054487109184265,0:0.0156|1:0.0156|2:0.0156|3:0.8906|4:0.0156|5:0.0156|6:0.0156|7:0.0156
33,math_geometry_2014,math-geometry-2014.js,free-response,Given: Parallelogram QRST where QR = 6x - 5 and RS = 4x + 13 What value of x proves this parallelogram is a rhombus?,7,4,0.8905105,0.8057503700256348,0:0.0156|1:0.0156|2:0.0156|3:0.0156|4:0.8905|5:0.0157|6:0.0156|7:0.0156
34,math_geometry_2014,math-geometry-2014.js,multiple-choice,The floor plan for a modern home is modeled by the composite of the regular nonagon and triangle shown. What is the measure of ∠JKL?,12,2,0.93262523,0.5451947450637817,0:0.0096|1:0.0096|2:0.9326|3:0.0096|4:0.0096|5:0.0096|6:0.0096|7:0.0096
35,math_geometry_2014,math-geometry-2014.js,multiple-choice,"Given: Circle P with center at (-4, 1) Which equation could represent circle P?",7,3,0.89046454,0.8060179948806763,0:0.0157|1:0.0157|2:0.0156|3:0.8905|4:0.0156|5:0.0157|6:0.0156|7:0.0156
36,math_geometry_2014,math-geometry-2014.js,multiple-choice,This container is composed of a right circular cylinder and a right circular cone. Which is closest to the surface area of the container?,12,7,0.81797415,0.9979801177978516,0:0.1242|1:0.0096|2:0.0096|3:0.0096|4:0.0096|5:0.0096|6:0.0096|7:0.8180
37,math_geometry_2014,math-geometry-2014.js,multiple-choice,Given: Circle J What is the value of y?,3,5,0.78094155,1.3734192848205566,0:0.0313|1:0.0313|2:0.0313|3:0.0313|4:0.0313|5:0.7809|6:0.0313|7:0.0313
38,math_geometry_2014,math-geometry-2014.js,multiple-choice,A cell phone box in the shape of a rectangular prism is shown. The height of the box is 4 cm. The height of the original box will be increased by 3.5 centimeters. Which is closest to the total surface area of the new box?,20,4,0.40600955,1.7538964748382568,0:0.0060|1:0.0060|2:0.0060|3:0.0060|4:0.4060|5:0.0060|6:0.2133|7:0.3509
39,math_geometry_2014,math-geometry-2014.js,multiple-choice,Parallelogram ABCD is a rhombus with m∠EBC = 36°. What is the m∠DAE?,5,2,0.85405743,1.009305477142334,0:0.0208|1:0.0208|2:0.8541|3:0.0208|4:0.0209|5:0.0209|6:0.0208|7:0.0208
40,math_geometry_2014,math-geometry-2014.js,multiple-choice,"Circle O has a center at (-2, -2) and a diameter of 10 units. Which point lies on circle O?",7,3,0.89056003,0.8054611682891846,0:0.0157|1:0.0156|2:0.0156|3:0.8906|4:0.0156|5:0.0156|6:0.0156|7:0.0156
41,math_geometry_2014,math-geometry-2014.js,multiple-choice,An architect used this diagram to design a curved balcony. She drew a circle with a radius of 40 feet and a central angle of 70° to determine the length of railing needed for the balcony. Which is closest to the length of railing needed for the curved section of the balcony?,24,3,0.9649626,0.3174194097518921,0:0.0050|1:0.0050|2:0.0050|3:0.9650|4:0.0050|5:0.0050|6:0.0050|7:0.0050
42,math_geometry_2014,math-geometry-2014.js,multiple-choice,A polygon is shown. What is the measure of ∠U?,3,0,0.7809873,1.3732067346572876,0:0.7810|1:0.0313|2:0.0313|3:0.0313|4:0.0313|5:0.0313|6:0.0313|7:0.0313
43,math_geometry_2014,math-geometry-2014.js,multiple-choice,The volume of a cube is 64 cubic centimeters. What is the surface area of the cube?,7,1,0.8904365,0.8061814904212952,0:0.0156|1:0.8904|2:0.0156|3:0.0156|4:0.0157|5:0.0157|6:0.0156|7:0.0156
44,math_geometry_2014,math-geometry-2014.js,multiple-choice,"The diagonals of rectangle KLMN intersect at the point (2, 1). One of the vertices of rectangle KLMN is located at (-4, 5). Which of the following could be the location of another vertex of this rectangle?",16,5,0.94849557,0.43734461069107056,0:0.0074|1:0.0074|2:0.0074|3:0.0074|4:0.0074|5:0.9485|6:0.0074|7:0.0074
45,math_geometry_2014,math-geometry-2014.js,multiple-choice,Given: Circle P Which is closest to the area of the shaded sector of circle P?,7,1,0.5646378,1.5578972101211548,0:0.0157|1:0.5646|2:0.0156|3:0.3415|4:0.0156|5:0.0157|6:0.0156|7:0.0156
46,math_geometry_2014,math-geometry-2014.js,multiple-choice,The ratio of the lengths of the radii of two spheres is 3:5. What is the ratio of the volumes of these two spheres?,9,5,0.91245085,0.6740175485610962,0:0.0125|1:0.0125|2:0.0125|3:0.0125|4:0.0125|5:0.9125|6:0.0125|7:0.0125
47,math_geometry_2014,math-geometry-2014.js,multiple-choice,This figure is composed of an isosceles trapezoid and a regular octagon. What is the value of x?,7,2,0.89053357,0.8056155443191528,0:0.0156|1:0.0156|2:0.8905|3:0.0156|4:0.0156|5:0.0156|6:0.0156|7:0.0156
48,math_geometry_2014,math-geometry-2014.js,point-select,Plot the center of the circle defined by the equation ( x + 4 ) 2 + ( y - 5 ) 2 = 3 2 .,5,3,0.85398746,1.009680151939392,0:0.0209|1:0.0209|2:0.0209|3:0.8540|4:0.0208|5:0.0209|6:0.0208|7:0.0208
49,math_geometry_2014,math-geometry-2014.js,multiple-choice,A rectangular pyramid is shown. What is the volume of the pyramid?,5,1,0.85403955,1.0094012022018433,0:0.0208|1:0.8540|2:0.0209|3:0.0208|4:0.0209|5:0.0209|6:0.0208|7:0.0208
50,math_geometry_2014,math-geometry-2014.js,multiple-choice,A company is creating a new cylindrical container to replace its original cylindrical container. • The new container will have 4 times the volume of the original container. • The height of the new container will remain the same as the height of the original container. The length of the radius of the new container will be—,26,0,0.967571,0.29747095704078674,0:0.9676|1:0.0046|2:0.0046|3:0.0046|4:0.0046|5:0.0046|6:0.0046|7:0.0046
1,math_geometry_2015,math-geometry-2015.js,multiple-choice,"Which Venn diagram accurately represents the information in the following statement? If a triangle is equilateral, then it is isosceles.",10,6,0.92036456,0.6244584918022156,0:0.0114|1:0.0114|2:0.0114|3:0.0114|4:0.0114|5:0.0114|6:0.9204|7:0.0114
2,math_geometry_2015,math-geometry-2015.js,multiple-choice,The graph of line j is shown. Which ratio represents the slope of a line parallel to line j?,9,5,0.91240644,0.6742917895317078,0:0.0125|1:0.0125|2:0.0125|3:0.0125|4:0.0125|5:0.9124|6:0.0125|7:0.0125
3,math_geometry_2015,math-geometry-2015.js,drag-drop,Let p represent Brent works this summer. Let q represent Brent takes a vacation. Symbolically represent the following argument:,14,5,0.94161326,0.48492005467414856,0:0.0083|1:0.0083|2:0.0083|3:0.0083|4:0.0083|5:0.9416|6:0.0083|7:0.0083
4,math_geometry_2015,math-geometry-2015.js,multiple-choice,Which type of construction is illustrated in the figure?,4,6,0.82481563,1.1612327098846436,0:0.0250|1:0.0250|2:0.0251|3:0.0250|4:0.0250|5:0.0250|6:0.8248|7:0.0250
5,math_geometry_2015,math-geometry-2015.js,multiple-choice,"The diagrams represent the stripes used to mark parking spaces on a lot. Based only on the information given, which diagram could be used to prove AB ― || CD ― and AC ― || BD ― ?",15,4,0.9452524,0.459928035736084,0:0.0078|1:0.0078|2:0.0078|3:0.0078|4:0.9453|5:0.0078|6:0.0078|7:0.0078
6,math_geometry_2015,math-geometry-2015.js,multiple-choice,"Given statements: If a shape is a parallelogram, then opposite angles are congruent. A rhombus is a parallelogram. Which is a logical conclusion from the given statements?",13,4,0.93747795,0.5128979682922363,0:0.0089|1:0.0089|2:0.0089|3:0.0089|4:0.9375|5:0.0089|6:0.0089|7:0.0089
7,math_geometry_2015,math-geometry-2015.js,multiple-choice,Which figure appears to have exactly two lines of symmetry?,6,4,0.87485665,0.8952888250350952,0:0.0179|1:0.0179|2:0.0179|3:0.0179|4:0.8749|5:0.0179|6:0.0179|7:0.0179
8,math_geometry_2015,math-geometry-2015.js,multiple-choice,"Which is the converse of the following statement? If a b = c, then a = bc.",3,1,0.78096664,1.373302698135376,0:0.0313|1:0.7810|2:0.0313|3:0.0313|4:0.0313|5:0.0313|6:0.0314|7:0.0313
9,math_geometry_2015,math-geometry-2015.js,multiple-choice,Which graph best represents a line perpendicular to line k?,6,5,0.87482905,0.895443320274353,0:0.0179|1:0.0179|2:0.0179|3:0.0179|4:0.0179|5:0.8748|6:0.0179|7:0.0179
10,math_geometry_2015,math-geometry-2015.js,multiple-choice,Which statement describes the construction being illustrated on the rectangle shown?,6,6,0.8748031,0.895588755607605,0:0.0179|1:0.0179|2:0.0179|3:0.0179|4:0.0179|5:0.0179|6:0.8748|7:0.0179
11,math_geometry_2015,math-geometry-2015.js,multiple-choice,Four lines and four congruent angles are identified in the diagram. Which statement must be true?,10,4,0.64137095,1.3699066638946533,0:0.0114|1:0.0114|2:0.0114|3:0.2903|4:0.6414|5:0.0114|6:0.0114|7:0.0114
12,math_geometry_2015,math-geometry-2015.js,free-response,The figure shows JN ― and KM ― intersecting at point L. What value of x proves JK ― || MN ― ?,6,0,0.8747745,0.895749568939209,0:0.8748|1:0.0179|2:0.0179|3:0.0179|4:0.0179|5:0.0179|6:0.0179|7:0.0179
13,math_geometry_2015,math-geometry-2015.js,multiple-choice,Given: MP ― Which segment is congruent to MP ― ?,3,4,0.7810395,1.372964859008789,0:0.0313|1:0.0313|2:0.0313|3:0.0313|4:0.7810|5:0.0313|6:0.0313|7:0.0313
14,math_geometry_2015,math-geometry-2015.js,multiple-choice,Triangle ABC is reflected across the x-axis and then reflected across the y-axis to create △A′B′C′. What are the coordinates of A′?,10,0,0.9204041,0.6242072582244873,0:0.9204|1:0.0114|2:0.0114|3:0.0114|4:0.0114|5:0.0114|6:0.0114|7:0.0114
15,math_geometry_2015,math-geometry-2015.js,multiple-choice,A diagonal walkway cuts through a park bordered by two parallel streets. The parks department plans to add an additional walkway as indicated by the dashed line segment in the figure. What is the value of x?,20,0,0.9582928,0.3671528100967407,0:0.9583|1:0.0060|2:0.0060|3:0.0060|4:0.0060|5:0.0060|6:0.0060|7:0.0060
16,math_geometry_2015,math-geometry-2015.js,multiple-choice,The coordinate values of the vertices of △KLM are integers. Which set of coordinate pairs could represent the vertices of a triangle congruent to △KLM?,14,7,0.9416032,0.48498818278312683,0:0.0083|1:0.0084|2:0.0083|3:0.0083|4:0.0083|5:0.0083|6:0.0083|7:0.9416
17,math_geometry_2015,math-geometry-2015.js,multiple-select,Given: △ABC and △QRS Select two relationships that would prove △ABC ~ △QRS by the Side-Angle-Side (SAS) Similarity Theorem.,14,7,0.9415694,0.4852186441421509,0:0.0083|1:0.0084|2:0.0083|3:0.0084|4:0.0084|5:0.0083|6:0.0083|7:0.9416
18,math_geometry_2015,math-geometry-2015.js,multiple-choice,The diagonals of a square measure 14 cm. Which is the length of a side of the square?,6,5,0.87492085,0.8949284553527832,0:0.0179|1:0.0179|2:0.0179|3:0.0179|4:0.0179|5:0.8749|6:0.0179|7:0.0179
19,math_geometry_2015,math-geometry-2015.js,multiple-choice,What values for x and y make △MNO ≅ △PRT?,4,2,0.8248637,1.1609904766082764,0:0.0250|1:0.0250|2:0.8249|3:0.0250|4:0.0250|5:0.0250|6:0.0250|7:0.0250
20,math_geometry_2015,math-geometry-2015.js,multiple-choice,"Based on the given information, which figure contains a pair of similar triangles?",8,0,0.90263534,0.7339229583740234,0:0.9026|1:0.0139|2:0.0139|3:0.0139|4:0.0139|5:0.0139|6:0.0139|7:0.0139
21,math_geometry_2015,math-geometry-2015.js,multiple-choice,A right triangle is shown. Which angle measure is closest to the value of x?,7,5,0.8904376,0.8061751127243042,0:0.0157|1:0.0157|2:0.0156|3:0.0156|4:0.0157|5:0.8904|6:0.0156|7:0.0157
22,math_geometry_2015,math-geometry-2015.js,multiple-choice,"Pine Street, Rector Street, and Taylor Street intersect to form a triangular-shaped park as shown. What is the correct order of the lengths of the streets from longest to shortest?",16,6,0.9484959,0.4373425245285034,0:0.0074|1:0.0074|2:0.0074|3:0.0074|4:0.0074|5:0.0074|6:0.9485|7:0.0074
23,math_geometry_2015,math-geometry-2015.js,multiple-choice,"The diagram shows the locations of Noah and Ben after swimming in different directions from a dock. Let d be the distance from Noah to Ben, in yards. Which represents all the possible values, in yards, of d?",18,1,0.95390457,0.3989790678024292,0:0.0066|1:0.9539|2:0.0066|3:0.0066|4:0.0066|5:0.0066|6:0.0066|7:0.0066
24,math_geometry_2015,math-geometry-2015.js,drag-drop,Select the measures that could be the three side lengths of a right triangle.,8,7,0.90263,0.7339550256729126,0:0.0139|1:0.0139|2:0.0139|3:0.0139|4:0.0139|5:0.0139|6:0.0139|7:0.9026
25,math_geometry_2015,math-geometry-2015.js,multiple-choice,Given: △LMN and △PQR are isosceles What m∠P could be used to prove △LMN ≅ △PQR?,9,1,0.91245127,0.674014687538147,0:0.0125|1:0.9125|2:0.0125|3:0.0125|4:0.0125|5:0.0125|6:0.0125|7:0.0125
26,math_geometry_2015,math-geometry-2015.js,drag-drop,Given: △RST RS = 14 in. ST = 10 in. TR = 16 in. List the interior angles of △RST in order from smallest to largest.,9,3,0.91244125,0.6740767955780029,0:0.0125|1:0.0125|2:0.0125|3:0.9124|4:0.0125|5:0.0125|6:0.0125|7:0.0125
27,math_geometry_2015,math-geometry-2015.js,multiple-choice,Triangle LMN is similar to triangle PQR. Which of the following sets of side lengths could be those of triangle LMN?,12,1,0.9326294,0.5451673269271851,0:0.0096|1:0.9326|2:0.0096|3:0.0096|4:0.0096|5:0.0096|6:0.0096|7:0.0096
28,math_geometry_2015,math-geometry-2015.js,multiple-choice,A right triangle is shown. Which is closest to the value of x?,5,1,0.8539376,1.0099468231201172,0:0.0209|1:0.8539|2:0.0208|3:0.0208|4:0.0209|5:0.0209|6:0.0209|7:0.0209
29,math_geometry_2015,math-geometry-2015.js,multiple-choice,"A convex polygon has only the vertices A, B, C, D, and E. What is the sum of the measures of the interior angles of this polygon?",8,0,0.9025575,0.7343902587890625,0:0.9026|1:0.0139|2:0.0139|3:0.0139|4:0.0140|5:0.0139|6:0.0139|7:0.0139
30,math_geometry_2015,math-geometry-2015.js,multiple-choice,Rectangle JKLM is shown. What is the value of x?,4,5,0.51626295,1.8197506666183472,0:0.0250|1:0.0251|2:0.0250|3:0.3336|4:0.0250|5:0.5163|6:0.0250|7:0.0250
31,math_geometry_2015,math-geometry-2015.js,multiple-choice,Chords WP ― and KZ ― intersect at point L in the circle shown. What is the length of KZ ― ?,6,5,0.8748628,0.8952540159225464,0:0.0179|1:0.0179|2:0.0179|3:0.0179|4:0.0179|5:0.8749|6:0.0179|7:0.0179
32,math_geometry_2015,math-geometry-2015.js,free-response,The height and radius of a cone are each multiplied by 3. What effect does this have on the volume of the cone? The volume of the cone is multiplied by ___,10,2,0.92035764,0.6245020031929016,0:0.0114|1:0.0114|2:0.9204|3:0.0114|4:0.0114|5:0.0114|6:0.0114|7:0.0114
33,math_geometry_2015,math-geometry-2015.js,multiple-choice,"The equation (x − 1)² + (y − 3)² = r² represents circle A. The point B(4, 7) lies on the circle. What is r, the length of the radius of circle A?",9,0,0.90917337,0.6937370300292969,0:0.9092|1:0.0125|2:0.0125|3:0.0157|4:0.0125|5:0.0125|6:0.0125|7:0.0125
34,math_geometry_2015,math-geometry-2015.js,multiple-choice,Rodrigo planted flowers in a section of a circular garden as shown. Which is closest to the area of this section of the garden?,11,1,0.92701423,0.5818660259246826,0:0.0104|1:0.9270|2:0.0104|3:0.0104|4:0.0104|5:0.0104|6:0.0104|7:0.0104
35,math_geometry_2015,math-geometry-2015.js,multiple-choice,The height of a cylinder is 9.5 centimeters. The diameter of this cylinder is 1.5 centimeters longer than the height. Which is closest to the volume of the cylinder?,11,4,0.92704374,0.5816740989685059,0:0.0104|1:0.0104|2:0.0104|3:0.0104|4:0.9270|5:0.0104|6:0.0104|7:0.0104
36,math_geometry_2015,math-geometry-2015.js,multiple-choice,"Which shape must have opposite sides that are parallel and congruent, and diagonals that are perpendicular bisectors of each other?",9,4,0.9124145,0.6742427349090576,0:0.0125|1:0.0125|2:0.0125|3:0.0125|4:0.9124|5:0.0125|6:0.0125|7:0.0125
37,math_geometry_2015,math-geometry-2015.js,drag-drop,"A circle has a center at (4, −7) and a radius of 4 units. Create the equation of this circle.",7,3,0.5059449,1.5891480445861816,0:0.4002|1:0.0157|2:0.0156|3:0.5059|4:0.0156|5:0.0156|6:0.0156|7:0.0156
38,math_geometry_2015,math-geometry-2015.js,multiple-choice,The figure represents the pattern for a quilt. • ∠ABC = 120° • ∠ADC = (2x + 30)° • ∠BCD = x° What is the measure of ∠DCE?,9,0,0.9124224,0.6741929054260254,0:0.9124|1:0.0125|2:0.0125|3:0.0125|4:0.0125|5:0.0125|6:0.0125|7:0.0125
39,math_geometry_2015,math-geometry-2015.js,multiple-choice,A rectangular prism is shown. What is the surface area of the prism?,6,1,0.87486184,0.8952592611312866,0:0.0179|1:0.8749|2:0.0179|3:0.0179|4:0.0179|5:0.0179|6:0.0179|7:0.0179
40,math_geometry_2015,math-geometry-2015.js,multiple-choice,The volumes of two spheres are in a ratio of 1:8. What is the ratio of their radii?,6,3,0.87492406,0.8949098587036133,0:0.0179|1:0.0179|2:0.0179|3:0.8749|4:0.0179|5:0.0179|6:0.0179|7:0.0179
41,math_geometry_2015,math-geometry-2015.js,multiple-choice,The minute hand on a clock is 10 centimeters long and travels through an arc of 108° every 18 minutes. Which measure is closest to the length of the arc the minute hand travels through during this 18-minute period?,18,4,0.95392436,0.3988379240036011,0:0.0066|1:0.0066|2:0.0066|3:0.0066|4:0.9539|5:0.0066|6:0.0066|7:0.0066
42,math_geometry_2015,math-geometry-2015.js,multiple-choice,Which point lies on the circle represented by the equation (x − 1)² + (y − 3)² = 7²?,5,0,0.853983,1.0097037553787231,0:0.8540|1:0.0209|2:0.0209|3:0.0209|4:0.0209|5:0.0209|6:0.0208|7:0.0208
43,math_geometry_2015,math-geometry-2015.js,multiple-select,Select each property that is valid about the diagonals of a square. The diagonals of a square --,7,5,0.8905382,0.8055883646011353,0:0.0156|1:0.0156|2:0.0156|3:0.0156|4:0.0157|5:0.8905|6:0.0156|7:0.0156
44,math_geometry_2015,math-geometry-2015.js,multiple-choice,Sarah is filling a glass sphere with decorative sand. The radius of the sphere is 2 inches. Which is closest to the minimum amount of sand Sarah needs to completely fill the glass sphere?,19,0,0.9562143,0.3823094367980957,0:0.9562|1:0.0063|2:0.0063|3:0.0063|4:0.0063|5:0.0063|6:0.0063|7:0.0063
45,math_geometry_2015,math-geometry-2015.js,multiple-choice,Aaron built a geometrically similar model of the Washington Monument. The height of the actual monument is nearly 555.5 feet. Aaron's model is 505 millimeters in height. The width of the base of the actual monument is 55 feet. Which is closest to the width of the base of the model?,25,0,0.96632326,0.30705079436302185,0:0.9663|1:0.0048|2:0.0048|3:0.0048|4:0.0048|5:0.0048|6:0.0048|7:0.0048
1,math_geometry_practice_2023,math-geometry-practice-2023.js,multiple-choice,"Which value for x is a counterexample to the following statement? For all positive values of x, x 3 ≥ x.",6,7,0.8747969,0.8956238031387329,0:0.0179|1:0.0179|2:0.0179|3:0.0179|4:0.0179|5:0.0179|6:0.0179|7:0.8748
2,math_geometry_practice_2023,math-geometry-practice-2023.js,multiple-choice,"The Venn diagram represents the combination of lunches that athletes selected. • A total of 310 athletes selected a sandwich. • A total of 125 athletes selected both a sandwich and a salad. • A total of 180 athletes selected both a sandwich and a soup. How many athletes selected a sandwich, a soup, and a salad?",27,6,0.96873844,0.28844213485717773,0:0.0045|1:0.0045|2:0.0045|3:0.0045|4:0.0045|5:0.0045|6:0.9687|7:0.0045
3,math_geometry_practice_2023,math-geometry-practice-2023.js,multiple-choice,Given the Venn diagram: Which statement is valid?,5,6,0.8537956,1.010707139968872,0:0.0209|1:0.0209|2:0.0208|3:0.0209|4:0.0209|5:0.0209|6:0.8538|7:0.0208
4,math_geometry_practice_2023,math-geometry-practice-2023.js,multiple-choice,Lines a and b intersect lines c and d. Which of the following statements could be used to prove that a ∥ b and c ∥ d?,8,1,0.9026689,0.7337208390235901,0:0.0139|1:0.9027|2:0.0139|3:0.0139|4:0.0139|5:0.0139|6:0.0139|7:0.0139
5,math_geometry_practice_2023,math-geometry-practice-2023.js,multiple-choice,Lines j and k are cut by transversals m and n. (Figure is not drawn to scale.) Which relationship is sufficient to prove j ∥ k?,9,4,0.91241384,0.6742467880249023,0:0.0125|1:0.0125|2:0.0125|3:0.0125|4:0.9124|5:0.0125|6:0.0125|7:0.0125
6,math_geometry_practice_2023,math-geometry-practice-2023.js,multiple-choice,The perimeter of △JKL is 200 centimeters. • JK = 68 centimeters • KL = 62 centimeters Which statement is true about the interior angles of △JKL?,10,5,0.92039204,0.6242834329605103,0:0.0114|1:0.0114|2:0.0114|3:0.0114|4:0.0114|5:0.9204|6:0.0114|7:0.0114
7,math_geometry_practice_2023,math-geometry-practice-2023.js,multiple-choice,Triangle STW and △XYZ are shown. Which value of x makes △STW ≅ △XYZ?,8,6,0.9027039,0.7335106134414673,0:0.0139|1:0.0139|2:0.0139|3:0.0139|4:0.0139|5:0.0139|6:0.9027|7:0.0139
8,math_geometry_practice_2023,math-geometry-practice-2023.js,multiple-choice,Evelyn is constructing a triangle congruent to △ABC using ray MN. Which triangle should Evelyn construct that will be congruent to △ABC?,12,4,0.93262273,0.5452104806900024,0:0.0096|1:0.0096|2:0.0096|3:0.0096|4:0.9326|5:0.0096|6:0.0096|7:0.0096
9,math_geometry_practice_2023,math-geometry-practice-2023.js,multiple-choice,The figure shown is a regular hexagon. Which measure is the length of the diagonal AC?,7,2,0.89040107,0.8063879013061523,0:0.0157|1:0.0157|2:0.8904|3:0.0157|4:0.0157|5:0.0157|6:0.0156|7:0.0156
10,math_geometry_practice_2023,math-geometry-practice-2023.js,multiple-choice,A carpenter will build a shed with four walls and a roof. The shape of the shed will consist of a triangular prism and a rectangular prism as shown in the model. A vertical plane intersects the model. The plane is parallel to the front face of the model. What is the shape of this cross section?,27,3,0.9687087,0.2886727452278137,0:0.0045|1:0.0045|2:0.0045|3:0.9687|4:0.0045|5:0.0045|6:0.0045|7:0.0045
11,math_geometry_practice_2023,math-geometry-practice-2023.js,multiple-choice,"A carpenter will build a shed with four walls and a roof. The shape of the shed will consist of a triangular prism and a rectangular prism as shown in the model. If w = 12 and h = 6, the surface area of the exterior walls and doors is exactly —",21,3,0.96019727,0.353127121925354,0:0.0057|1:0.0057|2:0.0057|3:0.9602|4:0.0057|5:0.0057|6:0.0057|7:0.0057
12,math_geometry_practice_2023,math-geometry-practice-2023.js,multiple-choice,"A carpenter will build a shed with four walls and a roof. The shape of the shed will consist of a triangular prism and a rectangular prism as shown in the model. If w = 12, which equation correctly models a calculation of the volume of the shed?",21,3,0.9601692,0.35333502292633057,0:0.0057|1:0.0057|2:0.0057|3:0.9602|4:0.0057|5:0.0057|6:0.0057|7:0.0057
13,math_geometry_practice_2023,math-geometry-practice-2023.js,multiple-choice,A cylinder has a volume of 540π cubic centimeters and a base with a circumference of 12π centimeters. What is the height of the cylinder?,9,4,0.91245383,0.6739991903305054,0:0.0125|1:0.0125|2:0.0125|3:0.0125|4:0.9125|5:0.0125|6:0.0125|7:0.0125
14,math_geometry_practice_2023,math-geometry-practice-2023.js,multiple-choice,The height of a rectangular prism is decreased by a factor of 1 3 . The other dimensions are unchanged. Which statement is true?,9,5,0.9123811,0.6744490265846252,0:0.0125|1:0.0125|2:0.0125|3:0.0125|4:0.0125|5:0.9124|6:0.0125|7:0.0125
15,math_geometry_practice_2023,math-geometry-practice-2023.js,multiple-choice,A company makes two similar cylindrical containers. The total surface area of the smaller container is 0.81 times that of the larger container. The height of the larger container is 60 centimeters. What is the height of the smaller container?,21,0,0.96017367,0.3533017337322235,0:0.9602|1:0.0057|2:0.0057|3:0.0057|4:0.0057|5:0.0057|6:0.0057|7:0.0057
16,math_geometry_practice_2023,math-geometry-practice-2023.js,multiple-choice,Given: Quadrilateral ABCD Which expression proves that ABCD is a rectangle?,7,5,0.89054996,0.805519700050354,0:0.0156|1:0.0156|2:0.0156|3:0.0156|4:0.0156|5:0.8905|6:0.0156|7:0.0156
17,math_geometry_practice_2023,math-geometry-practice-2023.js,multiple-choice,The figure shown is composed of a regular pentagon and a rectangle. What is the measure of each of the angles identified as x?,9,2,0.9123333,0.6747440695762634,0:0.0125|1:0.0125|2:0.9123|3:0.0125|4:0.0125|5:0.0126|6:0.0125|7:0.0125
18,math_geometry_practice_2023,math-geometry-practice-2023.js,multiple-choice,"Points Q, R, and S lie on circle P. What is the value of x?",4,3,0.8246482,1.162076711654663,0:0.0250|1:0.0251|2:0.0250|3:0.8246|4:0.0250|5:0.0251|6:0.0251|7:0.0251
19,math_geometry_practice_2023,math-geometry-practice-2023.js,multiple-choice,"In circle P, m∠HJK = 60° and the measure of arc JK = 2 • (the measure of arc HJ). What is the measure of arc HJ?",8,4,0.90268725,0.7336107492446899,0:0.0139|1:0.0139|2:0.0139|3:0.0139|4:0.9027|5:0.0139|6:0.0139|7:0.0139
20,math_geometry_practice_2023,math-geometry-practice-2023.js,multiple-choice,Circle P has a radius of 1 unit. A central angle of circle P is 225°. What is the length of the minor arc?,9,3,0.9124124,0.6742555499076843,0:0.0125|1:0.0125|2:0.0125|3:0.9124|4:0.0125|5:0.0125|6:0.0125|7:0.0125
21,math_geometry_practice_2023,math-geometry-practice-2023.js,multiple-choice,"The design for the arc-shaped stand of the hammock shown was based on a 144° arc, ⏜ST, of a circle with a radius of 2.3 meters. (Figure is not drawn to scale.) The length of ⏜ST is closest to —",15,4,0.94523346,0.46005913615226746,0:0.0078|1:0.0078|2:0.0078|3:0.0078|4:0.9452|5:0.0078|6:0.0078|7:0.0078
22,math_geometry_practice_2023,math-geometry-practice-2023.js,multiple-choice,Given: Three concentric circles with the center O; KL is congruent to LN is congruent to NO; KP = 42 inches Which is closest to the area of the shaded region?,12,3,0.9325852,0.5454587340354919,0:0.0096|1:0.0096|2:0.0096|3:0.9326|4:0.0096|5:0.0096|6:0.0096|7:0.0096
23,math_geometry_practice_2023,math-geometry-practice-2023.js,multiple-choice,Given: Circle T with WP = 36 centimeters Which best represents the area of the shaded sector?,8,1,0.5265024,1.5316417217254639,0:0.0139|1:0.5265|2:0.0139|3:0.0139|4:0.0139|5:0.3901|6:0.0139|7:0.0139
1,math_grade3_2014,math-grade3-2014.js,multiple-choice,Which number sentence will 9 + 6 = 15 help solve?,4,7,0.8248116,1.1612530946731567,0:0.0251|1:0.0250|2:0.0250|3:0.0250|4:0.0250|5:0.0250|6:0.0250|7:0.8248
2,math_grade3_2014,math-grade3-2014.js,multiple-choice,Two sets of circles are shown. Which of the following correctly compares the fraction of circles shaded in Set S to the fraction of circles shaded in Set T?,15,5,0.49839574,1.3460955619812012,0:0.4547|1:0.0078|2:0.0078|3:0.0078|4:0.0078|5:0.4984|6:0.0078|7:0.0078
3,math_grade3_2014,math-grade3-2014.js,multiple-choice,The place value model shown represents a number. What number is represented by this place value model?,11,0,0.9269515,0.5822720527648926,0:0.9270|1:0.0104|2:0.0104|3:0.0104|4:0.0104|5:0.0104|6:0.0104|7:0.0104
4,math_grade3_2014,math-grade3-2014.js,drag-drop,"Round 5,647 to the places shown.",3,1,0.78115696,1.3724191188812256,0:0.0313|1:0.7812|2:0.0313|3:0.0313|4:0.0313|5:0.0313|6:0.0313|7:0.0313
5,math_grade3_2014,math-grade3-2014.js,multiple-choice,Two packages of eggs are shown. Which statement correctly compares the fraction of the number of eggs in Package P to the fraction of the number of eggs in Package Q?,15,3,0.9452454,0.4599767327308655,0:0.0078|1:0.0078|2:0.0078|3:0.9452|4:0.0078|5:0.0078|6:0.0078|7:0.0078
6,math_grade3_2014,math-grade3-2014.js,multiple-choice,"Which shows the number 78,025 written in word form?",5,7,0.6070293,1.6449159383773804,0:0.0209|1:0.0208|2:0.2678|3:0.0209|4:0.0209|5:0.0209|6:0.0208|7:0.6070
7,math_grade3_2014,math-grade3-2014.js,multiple-choice,This model is shaded to represent one whole. Look at the following model. What number do the shaded parts in this model represent?,13,0,0.93745166,0.5130742192268372,0:0.9375|1:0.0089|2:0.0089|3:0.0089|4:0.0089|5:0.0089|6:0.0089|7:0.0089
8,math_grade3_2014,math-grade3-2014.js,multiple-choice,Which number sentence can be completed using the basic fact sentence 3 × 2 = 6?,7,0,0.89041287,0.8063194751739502,0:0.8904|1:0.0157|2:0.0156|3:0.0157|4:0.0157|5:0.0156|6:0.0156|7:0.0156
9,math_grade3_2014,math-grade3-2014.js,drag-drop,Select the symbol that will make each number sentence true.,6,4,0.87482697,0.8954549431800842,0:0.0179|1:0.0179|2:0.0179|3:0.0179|4:0.8748|5:0.0179|6:0.0179|7:0.0179
10,math_grade3_2014,math-grade3-2014.js,multiple-choice,In which group are exactly 3 8 of the shapes circles?,4,5,0.824888,1.1608681678771973,0:0.0250|1:0.0250|2:0.0250|3:0.0250|4:0.0250|5:0.8249|6:0.0250|7:0.0250
11,math_grade3_2014,math-grade3-2014.js,multiple-choice,What number goes in the box to make this number sentence true? 63 ÷ ☐ = 9,7,0,0.8904654,0.8060131072998047,0:0.8905|1:0.0156|2:0.0156|3:0.0156|4:0.0156|5:0.0156|6:0.0157|7:0.0157
12,math_grade3_2014,math-grade3-2014.js,multiple-choice,This model is shaded to represent one whole. These two models are each shaded to represent a fraction. What is the sum of these two fractions?,13,0,0.9374643,0.5129892826080322,0:0.9375|1:0.0089|2:0.0089|3:0.0089|4:0.0089|5:0.0089|6:0.0089|7:0.0089
13,math_grade3_2014,math-grade3-2014.js,multiple-choice,Which number sentence best represents this set of flowers?,6,0,0.5046453,1.6508738994598389,0:0.5046|1:0.0179|2:0.0179|3:0.0179|4:0.3880|5:0.0179|6:0.0179|7:0.0179
14,math_grade3_2014,math-grade3-2014.js,multiple-choice,"Kiku had a total of 25 plants at her store on Tuesday morning. During the day, she sold 16 of these plants and then received 136 new plants. At the end of the day, exactly how many plants did Kiku have?",18,5,0.95390236,0.398995041847229,0:0.0066|1:0.0066|2:0.0066|3:0.0066|4:0.0066|5:0.9539|6:0.0066|7:0.0066
15,math_grade3_2014,math-grade3-2014.js,multiple-choice,This model is shaded to represent one whole. These two models are shaded to represent a fraction. What is the difference between these two fractions?,13,0,0.9374634,0.5129951238632202,0:0.9375|1:0.0089|2:0.0089|3:0.0089|4:0.0089|5:0.0089|6:0.0089|7:0.0089
16,math_grade3_2014,math-grade3-2014.js,free-response,A store has 57 packages of gum with 5 pieces of gum in each package. What is the total number of pieces of gum in these packages? Write the number only; do not include units.,15,3,0.9452863,0.4596935510635376,0:0.0078|1:0.0078|2:0.0078|3:0.9453|4:0.0078|5:0.0078|6:0.0078|7:0.0078
17,math_grade3_2014,math-grade3-2014.js,multiple-choice,What is 3 4 + 1 4 ?,0,0,0.125,3.0,0:0.1250|1:0.1250|2:0.1250|3:0.1250|4:0.1250|5:0.1250|6:0.1250|7:0.1250
18,math_grade3_2014,math-grade3-2014.js,multiple-choice,"3,000 - 285 = ?",0,0,0.125,3.0,0:0.1250|1:0.1250|2:0.1250|3:0.1250|4:0.1250|5:0.1250|6:0.1250|7:0.1250
19,math_grade3_2014,math-grade3-2014.js,multiple-choice,Which of these is best represented by this number line?,4,4,0.8247869,1.1613776683807373,0:0.0250|1:0.0250|2:0.0250|3:0.0250|4:0.8248|5:0.0250|6:0.0250|7:0.0250
20,math_grade3_2014,math-grade3-2014.js,multiple-select,Select each multiplication fact that equals 48.,4,5,0.82484674,1.161076307296753,0:0.0250|1:0.0250|2:0.0250|3:0.0250|4:0.0250|5:0.8248|6:0.0250|7:0.0250
21,math_grade3_2014,math-grade3-2014.js,multiple-choice,How many minutes are there from 10:30 A.M. to 1:00 P.M.?,2,4,0.7079961,1.6910544633865356,0:0.0418|1:0.0417|2:0.0417|3:0.0417|4:0.7080|5:0.0417|6:0.0417|7:0.0417
22,math_grade3_2014,math-grade3-2014.js,multiple-choice,Harry drew a picture with the figures shown. Which best describes the figures in this picture?,9,1,0.9123986,0.674341082572937,0:0.0125|1:0.9124|2:0.0125|3:0.0125|4:0.0125|5:0.0125|6:0.0125|7:0.0125
23,math_grade3_2014,math-grade3-2014.js,multiple-choice,Which is the most reasonable length of a bed?,3,5,0.7811591,1.372409701347351,0:0.0313|1:0.0313|2:0.0313|3:0.0313|4:0.0313|5:0.7812|6:0.0313|7:0.0313
24,math_grade3_2014,math-grade3-2014.js,multiple-choice,Which is closest to the time shown on this clock?,4,1,0.82487667,1.1609246730804443,0:0.0250|1:0.8249|2:0.0250|3:0.0250|4:0.0250|5:0.0250|6:0.0250|7:0.0250
25,math_grade3_2014,math-grade3-2014.js,free-response,What is the temperature in °F on this thermometer? Write the number only; do not include units.,6,3,0.8749213,0.8949257135391235,0:0.0179|1:0.0179|2:0.0179|3:0.8749|4:0.0179|5:0.0179|6:0.0179|7:0.0179
26,math_grade3_2014,math-grade3-2014.js,multiple-choice,Jack built a tower of blocks as shown. Which tower of blocks appears to be congruent to Jack's tower of blocks?,12,6,0.9326191,0.5452349185943604,0:0.0096|1:0.0096|2:0.0096|3:0.0096|4:0.0096|5:0.0096|6:0.9326|7:0.0096
27,math_grade3_2014,math-grade3-2014.js,multiple-choice,Franklin began selling lumber in the morning at the time shown on the clock. He finished selling lumber three hours later. At what time did Franklin finish selling lumber?,19,5,0.9562078,0.3823573887348175,0:0.0063|1:0.0063|2:0.0063|3:0.0063|4:0.0063|5:0.9562|6:0.0063|7:0.0063
28,math_grade3_2014,math-grade3-2014.js,multiple-choice,What is the perimeter of the shaded figure on this grid?,4,0,0.8247981,1.1613211631774902,0:0.8248|1:0.0251|2:0.0250|3:0.0250|4:0.0250|5:0.0250|6:0.0250|7:0.0250
29,math_grade3_2014,math-grade3-2014.js,multiple-choice,Christina has the money shown. Exactly how much money does Christina have?,7,1,0.89052266,0.8056793212890625,0:0.0156|1:0.8905|2:0.0156|3:0.0157|4:0.0156|5:0.0156|6:0.0156|7:0.0156
30,math_grade3_2014,math-grade3-2014.js,multiple-choice,Alfred drew two rays and a line segment in his geometry notebook. Which of these could be the picture Alfred drew?,12,2,0.9326174,0.545245885848999,0:0.0096|1:0.0096|2:0.9326|3:0.0096|4:0.0096|5:0.0096|6:0.0096|7:0.0096
31,math_grade3_2014,math-grade3-2014.js,multiple-choice,Each side of this figure is the same length. Which measurement is closest to the perimeter of this figure?,7,1,0.8904589,0.8060508966445923,0:0.0157|1:0.8905|2:0.0156|3:0.0156|4:0.0157|5:0.0157|6:0.0156|7:0.0156
32,math_grade3_2014,math-grade3-2014.js,multiple-choice,This chart shows the type of toy and color choices for a reward in a teacher's basket. Which shows all the possible outcomes for a reward using one type of toy and one color?,19,5,0.9561969,0.3824363052845001,0:0.0063|1:0.0063|2:0.0063|3:0.0063|4:0.0063|5:0.9562|6:0.0063|7:0.0063
33,math_grade3_2014,math-grade3-2014.js,multiple-choice,This pattern repeats after the first four circles. Joanne removed two circles from this repeating pattern. Which ordered pair of circles did she remove?,15,7,0.94523823,0.4600256681442261,0:0.0078|1:0.0078|2:0.0078|3:0.0078|4:0.0078|5:0.0078|6:0.0078|7:0.9452
34,math_grade3_2014,math-grade3-2014.js,multiple-choice,Tia surveyed 14 students. She asked each student to choose one favorite food from four choices. Which chart could show the data from Tia's survey?,17,4,0.9513431,0.41726154088974,0:0.0070|1:0.0069|2:0.0069|3:0.0070|4:0.9513|5:0.0070|6:0.0070|7:0.0070
35,math_grade3_2014,math-grade3-2014.js,multiple-choice,"This table shows the number of minutes it takes Kendal to run laps around a track. If the pattern in the table continues in the same way, which of the following should be used to determine how many minutes it takes Kendal to run 10 laps?",23,2,0.9635024,0.32845771312713623,0:0.0052|1:0.0052|2:0.9635|3:0.0052|4:0.0052|5:0.0052|6:0.0052|7:0.0052
36,math_grade3_2014,math-grade3-2014.js,multiple-choice,Stephanie recorded the number of inches of rainfall in her city during 4 weeks. The graph below shows the results. Which bar graph shows the same information?,14,0,0.713812,1.1847255229949951,0:0.7138|1:0.0083|2:0.0083|3:0.0084|4:0.0084|5:0.2361|6:0.0083|7:0.0083
37,math_grade3_2014,math-grade3-2014.js,multiple-choice,Which number sentence shows the use of the identity property of multiplication?,7,4,0.4994889,1.5910972356796265,0:0.0157|1:0.0156|2:0.0156|3:0.0156|4:0.4995|5:0.4067|6:0.0156|7:0.0156
38,math_grade3_2014,math-grade3-2014.js,multiple-choice,"Look at this pattern. 1, 3, 9, 27, 81. Which describes the rule used in this pattern?",6,1,0.8748888,0.8951080441474915,0:0.0179|1:0.8749|2:0.0179|3:0.0179|4:0.0179|5:0.0179|6:0.0179|7:0.0179
39,math_grade3_2014,math-grade3-2014.js,multiple-choice,This line plot shows the number of points scored by students on a team. What was the total number of points scored by the students?,13,4,0.9373321,0.5138766765594482,0:0.0090|1:0.0089|2:0.0090|3:0.0090|4:0.9373|5:0.0090|6:0.0089|7:0.0090
40,math_grade3_2014,math-grade3-2014.js,multiple-choice,Debi will pick a card from the bag without looking. Which combination of 8 cards in the bag show that the likelihood of Debi picking a card with a star is equally likely as picking a card with a heart?,20,3,0.95828545,0.3672068119049072,0:0.0060|1:0.0060|2:0.0060|3:0.9583|4:0.0060|5:0.0060|6:0.0060|7:0.0060
1,math_grade3_practice_2023,math-grade3-practice-2023.js,multiple-choice,"Which number sentence will make this statement true? ? > 8,243",5,0,0.8539384,1.0099433660507202,0:0.8539|1:0.0209|2:0.0209|3:0.0209|4:0.0209|5:0.0209|6:0.0209|7:0.0209
2,math_grade3_practice_2023,math-grade3-practice-2023.js,multiple-choice,This set of circles is shaded to represent one whole. Which model is shaded to represent this expression? 1 4 + 1 4 + 1 4 + 1 4 + 1 4,10,0,0.9203088,0.6248119473457336,0:0.9203|1:0.0114|2:0.0114|3:0.0114|4:0.0114|5:0.0114|6:0.0114|7:0.0114
3,math_grade3_practice_2023,math-grade3-practice-2023.js,multiple-choice,This model is shaded to represent one whole. Model R is shaded to represent a fraction. Which of these is shaded to represent a fraction that is less than the fraction represented by Model R?,16,0,0.9484728,0.4375043511390686,0:0.9485|1:0.0074|2:0.0074|3:0.0074|4:0.0074|5:0.0074|6:0.0074|7:0.0074
4,math_grade3_practice_2023,math-grade3-practice-2023.js,multiple-choice,"The table shows the number of miles a family traveled on three days. Based on the table, which is closest to the difference between the total number of miles this family traveled on Day 1 and Day 2 combined and the number of miles traveled on Day 3?",24,7,0.96496654,0.3173893690109253,0:0.0050|1:0.0050|2:0.0050|3:0.0050|4:0.0050|5:0.0050|6:0.0050|7:0.9650
5,math_grade3_practice_2023,math-grade3-practice-2023.js,multiple-choice,There were a total of 750 drinks in the cafeteria. There were 249 chocolate milks and 203 whole milks. The rest of the drinks were orange juice. Which estimate is closest to the number of orange juices in the cafeteria?,17,2,0.95134526,0.417245090007782,0:0.0070|1:0.0070|2:0.9513|3:0.0070|4:0.0070|5:0.0069|6:0.0069|7:0.0070
6,math_grade3_practice_2023,math-grade3-practice-2023.js,multiple-choice,Mr. Gary's class has a goal of selling 500 pizzas in three months. The class sold 135 pizzas in the first month and 257 pizzas in the second month. Exactly how many more pizzas does the class need to sell to reach its goal?,23,4,0.9635069,0.32842475175857544,0:0.0052|1:0.0052|2:0.0052|3:0.0052|4:0.9635|5:0.0052|6:0.0052|7:0.0052
7,math_grade3_practice_2023,math-grade3-practice-2023.js,multiple-choice,Which of these best represents this set of cherries?,4,5,0.82471544,1.1617377996444702,0:0.0250|1:0.0251|2:0.0250|3:0.0250|4:0.0250|5:0.8247|6:0.0250|7:0.0251
8,math_grade3_practice_2023,math-grade3-practice-2023.js,multiple-choice,Which of these is best represented by this number line?,4,4,0.8247904,1.1613597869873047,0:0.0250|1:0.0250|2:0.0250|3:0.0250|4:0.8248|5:0.0250|6:0.0250|7:0.0250
9,math_grade3_practice_2023,math-grade3-practice-2023.js,multiple-choice,Which number sentence is true?,3,0,0.7809411,1.3734214305877686,0:0.7809|1:0.0313|2:0.0313|3:0.0313|4:0.0313|5:0.0313|6:0.0313|7:0.0313
11,math_grade3_practice_2023,math-grade3-practice-2023.js,multiple-choice,This model shows a rectangle that is 3 feet long and 2 feet wide. Which is the closest to the area of the shaded part of this modeL?,12,1,0.756018,1.1435518264770508,0:0.1862|1:0.7560|2:0.0096|3:0.0096|4:0.0096|5:0.0096|6:0.0096|7:0.0096
13,math_grade3_practice_2023,math-grade3-practice-2023.js,multiple-choice,Claudia painted a picture as shown. Which measurement is closest to the perimeter of Claudia's picture?,9,0,0.9124339,0.6741228103637695,0:0.9124|1:0.0125|2:0.0125|3:0.0125|4:0.0125|5:0.0125|6:0.0125|7:0.0125
14,math_grade3_practice_2023,math-grade3-practice-2023.js,multiple-choice,Which is closest to the time shown on this clock?,4,1,0.8248758,1.1609293222427368,0:0.0250|1:0.8249|2:0.0250|3:0.0250|4:0.0250|5:0.0250|6:0.0250|7:0.0250
15,math_grade3_practice_2023,math-grade3-practice-2023.js,multiple-choice,Allen arrived at his friend's house at 3:20 P.M. He left 2 hours later. At what time did Allen leave his friend's house?,12,5,0.9326538,0.5450059771537781,0:0.0096|1:0.0096|2:0.0096|3:0.0096|4:0.0096|5:0.9327|6:0.0096|7:0.0096
16,math_grade3_practice_2023,math-grade3-practice-2023.js,multiple-choice,Claire arrived at the zoo at 12:45 P.M. She left the zoo at 3:45 P.M. What was the total amount of time Claire was at the zoo?,10,5,0.9204096,0.6241727471351624,0:0.0114|1:0.0114|2:0.0114|3:0.0114|4:0.0114|5:0.9204|6:0.0114|7:0.0114
17,math_grade3_practice_2023,math-grade3-practice-2023.js,multiple-choice,Which 3 polygons were combined without overlapping to make the figure shown?,7,0,0.89049226,0.8058562874794006,0:0.8905|1:0.0156|2:0.0156|3:0.0156|4:0.0156|5:0.0156|6:0.0157|7:0.0157
18,math_grade3_practice_2023,math-grade3-practice-2023.js,multiple-choice,Mrs. Morgan wants to know what game the students would like to play during indoor recess. What is the best way for Mrs. Morgan to collect the data?,17,7,0.951369,0.4170774817466736,0:0.0069|1:0.0069|2:0.0069|3:0.0069|4:0.0069|5:0.0069|6:0.0069|7:0.9514
19,math_grade3_practice_2023,math-grade3-practice-2023.js,multiple-choice,Four students have a total of 200 coins. This pictograph represents the number of coins three of the students have. The number of coins Diana has is missing. Which set represents the number of coins Diana has?,19,0,0.95621246,0.3823237419128418,0:0.9562|1:0.0063|2:0.0063|3:0.0063|4:0.0063|5:0.0063|6:0.0063|7:0.0063
1,math_grade4_2014,math-grade4-2014.js,multiple-choice,What is the sum of 3 5 and 1 10 ?,1,0,0.56221503,2.217820167541504,0:0.5622|1:0.0626|2:0.0625|3:0.0625|4:0.0626|5:0.0626|6:0.0625|7:0.0625
2,math_grade4_2014,math-grade4-2014.js,multiple-choice,Wilma drinks 1.09 liters of juice. Richard drinks 0.987 liter of juice. How much more juice does Wilma drink than Richard?,13,7,0.93747437,0.5129218697547913,0:0.0089|1:0.0089|2:0.0089|3:0.0089|4:0.0089|5:0.0089|6:0.0089|7:0.9375
3,math_grade4_2014,math-grade4-2014.js,multiple-choice,What is the least common multiple of 8 and 12?,3,5,0.5168972,1.9502859115600586,0:0.0313|1:0.0313|2:0.0313|3:0.0313|4:0.0313|5:0.5169|6:0.2953|7:0.0313
4,math_grade4_2014,math-grade4-2014.js,multiple-choice,What is the product of 84 and 76?,1,6,0.5622426,2.2177326679229736,0:0.0625|1:0.0626|2:0.0625|3:0.0625|4:0.0626|5:0.0625|6:0.5622|7:0.0625
5,math_grade4_2014,math-grade4-2014.js,free-response,Kristin poured 6 ounces of lemonade into each of 19 glasses. Exactly how many ounces of lemonade did Kristin pour into all of these glasses?,12,3,0.9326713,0.5448905229568481,0:0.0096|1:0.0096|2:0.0096|3:0.9327|4:0.0096|5:0.0096|6:0.0096|7:0.0096
6,math_grade4_2014,math-grade4-2014.js,multiple-choice,"At a store, flowerpots cost $28 each. Which is closest to the total cost of 72 of these flowerpots?",7,0,0.89048225,0.8059147000312805,0:0.8905|1:0.0156|2:0.0156|3:0.0156|4:0.0157|5:0.0156|6:0.0156|7:0.0156
7,math_grade4_2014,math-grade4-2014.js,multiple-choice,A school choir sold 825 tickets for a concert. Each ticket cost $9. What was the total cost of all the tickets sold?,11,1,0.9270174,0.5818449258804321,0:0.0104|1:0.9270|2:0.0104|3:0.0104|4:0.0104|5:0.0104|6:0.0104|7:0.0104
8,math_grade4_2014,math-grade4-2014.js,multiple-choice,This model is shaded to represent 1 whole. What is the sum of Model 1 and Model 2 shown below?,8,0,0.9027249,0.7333832383155823,0:0.9027|1:0.0139|2:0.0139|3:0.0139|4:0.0139|5:0.0139|6:0.0139|7:0.0139
9,math_grade4_2014,math-grade4-2014.js,free-response,"What is the difference between 3,240 and 578?",1,0,0.5622501,2.2177093029022217,0:0.5623|1:0.0625|2:0.0626|3:0.0625|4:0.0625|5:0.0625|6:0.0625|7:0.0626
10,math_grade4_2014,math-grade4-2014.js,multiple-choice,John ran a total of 342 minutes in a 7-day period. He ran about the same number of minutes each day. Which is closest to the number of minutes John ran on one of those days?,17,0,0.9513384,0.4172949492931366,0:0.9513|1:0.0070|2:0.0070|3:0.0069|4:0.0070|5:0.0070|6:0.0069|7:0.0070
11,math_grade4_2014,math-grade4-2014.js,multiple-choice,What is the difference between 5 12 and 1 4,1,0,0.5622623,2.217670440673828,0:0.5623|1:0.0625|2:0.0626|3:0.0625|4:0.0625|5:0.0625|6:0.0625|7:0.0626
12,math_grade4_2014,math-grade4-2014.js,multiple-choice,Carl does 25 sit-ups 3 times per day. What is the total number of sit-ups Carl does in 7 days?,10,5,0.92032456,0.6247120499610901,0:0.0114|1:0.0114|2:0.0114|3:0.0114|4:0.0114|5:0.9203|6:0.0114|7:0.0114
13,math_grade4_2014,math-grade4-2014.js,multiple-choice,"Which number is a common factor of 15, 18, and 30?",3,0,0.78098977,1.3731951713562012,0:0.7810|1:0.0313|2:0.0313|3:0.0313|4:0.0313|5:0.0313|6:0.0313|7:0.0313
14,math_grade4_2014,math-grade4-2014.js,multiple-choice,What digit is in the tenths place in this number? 24.816,4,6,0.8246595,1.1620197296142578,0:0.0251|1:0.0250|2:0.0250|3:0.0251|4:0.0250|5:0.0250|6:0.8247|7:0.0250
15,math_grade4_2014,math-grade4-2014.js,multiple-choice,Which division statement represents 3 8 ?,3,6,0.78105736,1.372881531715393,0:0.0313|1:0.0313|2:0.0313|3:0.0313|4:0.0313|5:0.0313|6:0.7811|7:0.0313
16,math_grade4_2014,math-grade4-2014.js,multiple-choice,Which fraction is represented by point W shown on the number line?,6,0,0.8748614,0.8952617645263672,0:0.8749|1:0.0179|2:0.0179|3:0.0179|4:0.0179|5:0.0179|6:0.0179|7:0.0179
17,math_grade4_2014,math-grade4-2014.js,drag-drop,"Identify the place value for each digit in the number 304,215.",5,6,0.8539032,1.0101313591003418,0:0.0209|1:0.0209|2:0.0209|3:0.0209|4:0.0209|5:0.0209|6:0.8539|7:0.0209
18,math_grade4_2014,math-grade4-2014.js,multiple-choice,This table shows the times it took four students to complete a 40-meter race. Which statement about these times is true?,12,7,0.93262047,0.5452256202697754,0:0.0096|1:0.0096|2:0.0096|3:0.0096|4:0.0096|5:0.0096|6:0.0096|7:0.9326
19,math_grade4_2014,math-grade4-2014.js,multiple-choice,Which statement is true?,2,6,0.70810556,1.6906070709228516,0:0.0417|1:0.0417|2:0.0417|3:0.0417|4:0.0417|5:0.0417|6:0.7081|7:0.0417
20,math_grade4_2014,math-grade4-2014.js,multiple-choice,How is 2.32 written in words?,2,0,0.70804197,1.6908665895462036,0:0.7080|1:0.0417|2:0.0418|3:0.0417|4:0.0417|5:0.0417|6:0.0417|7:0.0417
21,math_grade4_2014,math-grade4-2014.js,multiple-choice,"What is 7,613,542 rounded to the nearest ten thousand?",4,7,0.8248651,1.1609830856323242,0:0.0250|1:0.0250|2:0.0250|3:0.0251|4:0.0250|5:0.0250|6:0.0250|7:0.8249
22,math_grade4_2014,math-grade4-2014.js,multiple-choice,A fractional part of this group of triangles is shaded. Which group below has an equivalent fraction of the arrows shaded?,10,1,0.92034215,0.6246004700660706,0:0.0114|1:0.9203|2:0.0114|3:0.0114|4:0.0114|5:0.0114|6:0.0114|7:0.0114
23,math_grade4_2014,math-grade4-2014.js,multiple-choice,Model 1 is shaded to represent one whole. Model 2 is shaded to represent a fraction. Which decimal number is represented in Model 2?,13,0,0.9374605,0.5130153298377991,0:0.9375|1:0.0089|2:0.0089|3:0.0089|4:0.0089|5:0.0089|6:0.0089|7:0.0089
24,math_grade4_2014,math-grade4-2014.js,drag-drop,Order the fractions from greatest to least.,4,4,0.8248244,1.1611888408660889,0:0.0251|1:0.0250|2:0.0250|3:0.0250|4:0.8248|5:0.0250|6:0.0250|7:0.0250
25,math_grade4_2014,math-grade4-2014.js,multiple-choice,"Which number, when rounded to the nearest hundredth, is equal to 7.59?",5,3,0.8540334,1.0094339847564697,0:0.0208|1:0.0208|2:0.0209|3:0.8540|4:0.0208|5:0.0209|6:0.0209|7:0.0208
26,math_grade4_2014,math-grade4-2014.js,multiple-choice,Which figure has less than four angles?,4,4,0.44568437,1.8468493223190308,0:0.0250|1:0.0250|2:0.0250|3:0.4041|4:0.4457|5:0.0250|6:0.0250|7:0.0250
27,math_grade4_2014,math-grade4-2014.js,multiple-choice,Which estimate best describes the value of 29 1 3 − 13 2 3 ?,4,7,0.8247722,1.161451816558838,0:0.0250|1:0.0250|2:0.0250|3:0.0250|4:0.0251|5:0.0250|6:0.0250|7:0.8248
28,math_grade4_2014,math-grade4-2014.js,multiple-choice,Identify two lines in the figure that appear to be parallel.,6,5,0.87470716,0.8961272835731506,0:0.0179|1:0.0179|2:0.0179|3:0.0179|4:0.0179|5:0.8747|6:0.0179|7:0.0179
29,math_grade4_2014,math-grade4-2014.js,multiple-choice,Lola's puppy weighed 6 pounds. What is the total number of ounces Lola's puppy weighed?,10,3,0.92042726,0.6240607500076294,0:0.0114|1:0.0114|2:0.0114|3:0.9204|4:0.0114|5:0.0114|6:0.0114|7:0.0114
30,math_grade4_2014,math-grade4-2014.js,multiple-choice,Which pair of figures appears to be congruent?,4,1,0.82467866,1.1619234085083008,0:0.0250|1:0.8247|2:0.0250|3:0.0251|4:0.0251|5:0.0251|6:0.0250|7:0.0250
31,math_grade4_2014,math-grade4-2014.js,multiple-choice,A restaurant has 3 gallons of soup. What is the total number of pints of soup this restaurant has?,8,2,0.90271753,0.7334273457527161,0:0.0139|1:0.0139|2:0.9027|3:0.0139|4:0.0139|5:0.0139|6:0.0139|7:0.0139
32,math_grade4_2014,math-grade4-2014.js,multiple-choice,A basketball team left the school at 2:55 P.M. and returned at 5:45 P.M. What was the total amount of time that passed between the time this team left and returned to the school?,14,7,0.94158983,0.4850795269012451,0:0.0083|1:0.0084|2:0.0083|3:0.0083|4:0.0084|5:0.0083|6:0.0083|7:0.9416
33,math_grade4_2014,math-grade4-2014.js,multiple-choice,Which of these objects has a mass closest to 1 kilogram?,4,1,0.43355456,1.847865343093872,0:0.0250|1:0.4336|2:0.0250|3:0.0250|4:0.0250|5:0.0250|6:0.4163|7:0.0250
34,math_grade4_2014,math-grade4-2014.js,multiple-choice,Which picture shows a single reflection of the figure across line r?,7,4,0.8905263,0.8056578636169434,0:0.0157|1:0.0156|2:0.0156|3:0.0156|4:0.8905|5:0.0156|6:0.0156|7:0.0156
35,math_grade4_2014,math-grade4-2014.js,multiple-choice,Which set of figures shows only octagons?,4,5,0.82480973,1.1612625122070312,0:0.0250|1:0.0250|2:0.0250|3:0.0250|4:0.0250|5:0.8248|6:0.0250|7:0.0250
36,math_grade4_2014,math-grade4-2014.js,multiple-choice,2 meters = __ millimeters,2,5,0.70818806,1.690269947052002,0:0.0417|1:0.0417|2:0.0417|3:0.0417|4:0.0417|5:0.7082|6:0.0417|7:0.0417
37,math_grade4_2014,math-grade4-2014.js,multiple-choice,Which of the followign represents ray KL?,3,6,0.78109115,1.3727251291275024,0:0.0313|1:0.0313|2:0.0313|3:0.0313|4:0.0313|5:0.0313|6:0.7811|7:0.0313
38,math_grade4_2014,math-grade4-2014.js,multiple-choice,Tyrone used 1 pint of liquid to completely fill a container. Which container could be the one Tyrone filled?,12,0,0.9326486,0.5450396537780762,0:0.9326|1:0.0096|2:0.0096|3:0.0096|4:0.0096|5:0.0096|6:0.0096|7:0.0096
39,math_grade4_2014,math-grade4-2014.js,multiple-choice,Mandy is making a spinner game. She wants the arrow on the spinner to have an equally likely chance of landing on each of 4 spaces. Each space will have a different shape on it. Which appears to be the spinner Mandy should make?,19,6,0.9561816,0.3825473487377167,0:0.0063|1:0.0063|2:0.0063|3:0.0063|4:0.0063|5:0.0063|6:0.9562|7:0.0063
40,math_grade4_2014,math-grade4-2014.js,multiple-choice,Which equation is true?,2,1,0.70795584,1.691218614578247,0:0.0417|1:0.7080|2:0.0417|3:0.0417|4:0.0417|5:0.0417|6:0.0418|7:0.0417
41,math_grade4_2014,math-grade4-2014.js,multiple-choice,"Lenny bought sunglasses for $3.35 and a beach towel for $8.71, including tax. He gave the clerk $15.00 to pay for these items. What is the amount of change Lenny should receive?",15,2,0.9452693,0.4598110318183899,0:0.0078|1:0.0078|2:0.9453|3:0.0078|4:0.0078|5:0.0078|6:0.0078|7:0.0078
42,math_grade4_2014,math-grade4-2014.js,multiple-choice,The table shows the total number of players on different numbers of bowling teams in a tournament. The pattern continues in the same way. How many bowling teams are needed for a total of 52 players?,19,5,0.9561951,0.38244858384132385,0:0.0063|1:0.0063|2:0.0063|3:0.0063|4:0.0063|5:0.9562|6:0.0063|7:0.0063
43,math_grade4_2014,math-grade4-2014.js,multiple-choice,Lori has a coin with one side heads and one side tails. Which letter on this number line best represents the probability that this coin flipped one time will land with tails facing up?,21,4,0.80446386,0.931704580783844,0:0.0057|1:0.0057|2:0.0057|3:0.0057|4:0.8045|5:0.1614|6:0.0057|7:0.0057
44,math_grade4_2014,math-grade4-2014.js,multiple-choice,"This graph shows the morning temperature in a city for each of four days. The morning temperature on Thursday was 52°F. Based on the data in this graph, which day had a temperature closest to Thursday's temperature?",18,4,0.95390934,0.39894533157348633,0:0.0066|1:0.0066|2:0.0066|3:0.0066|4:0.9539|5:0.0066|6:0.0066|7:0.0066
45,math_grade4_2014,math-grade4-2014.js,multiple-choice,"Todd has the following folders in his backpack: 2 blue 2 red 2 yellow 2 purple The folders are all the same size and shape, Todd reaches into his backpack and selects one folder without looking. What is the likelihood the folder will be green?",22,4,0.9619225,0.3403036594390869,0:0.0054|1:0.0054|2:0.0054|3:0.0054|4:0.9619|5:0.0054|6:0.0054|7:0.0054
46,math_grade4_2014,math-grade4-2014.js,multiple-choice,Which number sentence is correct?,3,0,0.780948,1.373389482498169,0:0.7809|1:0.0313|2:0.0313|3:0.0313|4:0.0313|5:0.0313|6:0.0313|7:0.0313
47,math_grade4_2014,math-grade4-2014.js,multiple-choice,Which equation shows the use of the associative property of multiplication?,6,4,0.8748662,0.8952347040176392,0:0.0179|1:0.0179|2:0.0179|3:0.0179|4:0.8749|5:0.0179|6:0.0179|7:0.0179
48,math_grade4_2014,math-grade4-2014.js,point-select,Jeremy rolls a fair number cube labeled 1 through 6. Place a point on the number line to represent the probability that he will roll a 2 on the first roll.,15,0,0.75007683,1.1066974401474,0:0.7501|1:0.0078|2:0.0078|3:0.2030|4:0.0078|5:0.0078|6:0.0078|7:0.0078
49,math_grade4_2014,math-grade4-2014.js,multiple-choice,"An art club has 2 fourth-grade girls, 4 third-grade boys, 10 third-grade girls, and 8 fourth-grade boys. Which table correctly shows this information?",14,0,0.94162637,0.48482999205589294,0:0.9416|1:0.0083|2:0.0083|3:0.0083|4:0.0083|5:0.0083|6:0.0083|7:0.0083
50,math_grade4_2014,math-grade4-2014.js,multiple-choice,"In increasing pattern is shown. 5, 14, 23, 32, 41 Which pattern uses the same rule as the pattern above?",7,0,0.5798468,1.5460484027862549,0:0.5798|1:0.3263|2:0.0156|3:0.0156|4:0.0157|5:0.0156|6:0.0156|7:0.0156
1,math_grade4_practice_2023,math-grade4-practice-2023.js,multiple-choice,Each circle shown is the same size. Which correctly compares the fractions represented by the shaded regions of each circle?,10,3,0.9203627,0.6244697570800781,0:0.0114|1:0.0114|2:0.0114|3:0.9204|4:0.0114|5:0.0114|6:0.0114|7:0.0114
2,math_grade4_practice_2023,math-grade4-practice-2023.js,multiple-choice,Each model shown is shaded to represent a fraction. Each model is the same size. Which two models appear to have equivalent fractions shaded?,13,0,0.93741995,0.5132873058319092,0:0.9374|1:0.0089|2:0.0089|3:0.0089|4:0.0089|5:0.0089|6:0.0089|7:0.0089
3,math_grade4_practice_2023,math-grade4-practice-2023.js,multiple-choice,Model X represents a number. Key: □ = 1 Which fraction and decimal are equivalent to the number represented by Model X?,10,0,0.63265944,1.379501223564148,0:0.6327|1:0.0114|2:0.0114|3:0.2991|4:0.0114|5:0.0114|6:0.0114|7:0.0114
4,math_grade4_practice_2023,math-grade4-practice-2023.js,multiple-choice,Which estimate best describes the value of 29 1 3 − 13 2 3 ?,4,7,0.8247732,1.1614469289779663,0:0.0250|1:0.0250|2:0.0250|3:0.0250|4:0.0251|5:0.0250|6:0.0250|7:0.8248
5,math_grade4_practice_2023,math-grade4-practice-2023.js,multiple-choice,James needs 1 2 foot of string for each bracelet he makes. He will make 5 bracelets. What is the total length of string James needs to make 5 bracelets?,15,0,0.94528216,0.4597221612930298,0:0.9453|1:0.0078|2:0.0078|3:0.0078|4:0.0078|5:0.0078|6:0.0078|7:0.0078
6,math_grade4_practice_2023,math-grade4-practice-2023.js,multiple-choice,A cook will pour 4 cups of uncooked rice into 8 bags. The cook will pour the same amount of rice into each bag. Which division statement best represents this situation?,16,5,0.94849366,0.4373582601547241,0:0.0074|1:0.0074|2:0.0074|3:0.0074|4:0.0074|5:0.9485|6:0.0074|7:0.0074
7,math_grade4_practice_2023,math-grade4-practice-2023.js,multiple-choice,Which group can be represented by the division statement shown? 4 5 = 4 ÷ 5,5,1,0.85392237,1.0100291967391968,0:0.0209|1:0.8539|2:0.0209|3:0.0209|4:0.0209|5:0.0209|6:0.0209|7:0.0209
8,math_grade4_practice_2023,math-grade4-practice-2023.js,multiple-choice,The array shown represents a number. It has 5 rows and 10 columns. Which list shows all the factor pairs for this number?,11,5,0.92699647,0.5819802284240723,0:0.0104|1:0.0104|2:0.0104|3:0.0104|4:0.0104|5:0.9270|6:0.0104|7:0.0104
9,math_grade4_practice_2023,math-grade4-practice-2023.js,multiple-choice,Cindy rode her bike 4 5 of a mile. Wyatt rode his bike 3 5 of a mile. What is the total distance Cindy and Wyatt rode their bikes?,14,6,0.9416503,0.48466747999191284,0:0.0083|1:0.0083|2:0.0083|3:0.0083|4:0.0083|5:0.0083|6:0.9417|7:0.0083
10,math_grade4_practice_2023,math-grade4-practice-2023.js,multiple-choice,"Lenny bought sunglasses for $3.35 and a beach towel for $8.71, including tax. He gave the clerk $15.00 to pay for these items. What is the amount of change Lenny should receive?",15,2,0.9452684,0.459817111492157,0:0.0078|1:0.0078|2:0.9453|3:0.0078|4:0.0078|5:0.0078|6:0.0078|7:0.0078
11,math_grade4_practice_2023,math-grade4-practice-2023.js,multiple-choice,Which estimate is most reasonable for the weight or the mass of the gym shoes this girl is holding?,8,4,0.90268,0.7336538434028625,0:0.0139|1:0.0139|2:0.0139|3:0.0139|4:0.9027|5:0.0139|6:0.0139|7:0.0139
12,math_grade4_practice_2023,math-grade4-practice-2023.js,multiple-choice,16 ounces = 1 pound 2 pounds = ______ ? ounces,4,3,0.8248527,1.1610455513000488,0:0.0250|1:0.0250|2:0.0250|3:0.8249|4:0.0250|5:0.0251|6:0.0250|7:0.0250
13,math_grade4_practice_2023,math-grade4-practice-2023.js,multiple-choice,3 feet = 1 yard Malik bought 38 feet of fencing to place around his garden. Which length is equivalent to 38 feet?,12,4,0.93259734,0.5453779101371765,0:0.0096|1:0.0096|2:0.0096|3:0.0096|4:0.9326|5:0.0096|6:0.0096|7:0.0096
14,math_grade4_practice_2023,math-grade4-practice-2023.js,multiple-choice,This clock shows the time Xavier finished swim practice. His practice lasted 2 hours 20 minutes. At what time did Xavier's swim practice start?,16,4,0.9484968,0.43733546137809753,0:0.0074|1:0.0074|2:0.0074|3:0.0074|4:0.9485|5:0.0074|6:0.0074|7:0.0074
15,math_grade4_practice_2023,math-grade4-practice-2023.js,multiple-choice,This line graph shows the total number of cups of lemonade Patrick sold on one day from 10:00 A.M. until 3:00 P.M. Which table shows another way to organize the data?,17,5,0.95133203,0.4173392355442047,0:0.0070|1:0.0070|2:0.0070|3:0.0070|4:0.0070|5:0.9513|6:0.0069|7:0.0070
16,math_grade4_practice_2023,math-grade4-practice-2023.js,multiple-choice,Isaiah has erasers in his pocket. • There are orange erasers and purple erasers. • All the erasers are the same size and shape. • Isaiah is least likely to select a purple eraser when he takes one eraser out of his pocket without looking. Which letter best represents the probability Isaiah will select a purple eraser?,30,6,0.97175974,0.26476913690567017,0:0.0040|1:0.0040|2:0.0040|3:0.0040|4:0.0040|5:0.0040|6:0.9718|7:0.0040
17,math_grade4_practice_2023,math-grade4-practice-2023.js,multiple-choice,The probability that the arrow on a spinner will land on a space labeled black is 3 6 . Which spinner best represents this situation?,11,6,0.92702234,0.5818127393722534,0:0.0104|1:0.0104|2:0.0104|3:0.0104|4:0.0104|5:0.0104|6:0.9270|7:0.0104
18,math_grade4_practice_2023,math-grade4-practice-2023.js,multiple-choice,"This list of numbers follows a pattern. 14, 23, 32, 41, 50… The pattern continues in the same way. What will be the 7th number in this pattern?",9,1,0.55806017,1.4749765396118164,0:0.0125|1:0.5581|2:0.0125|3:0.0125|4:0.0125|5:0.3668|6:0.0125|7:0.0125
1,math_grade5_2014,math-grade5-2014.js,multiple-choice,56.791 + 1.9 = ?,0,0,0.125,3.0,0:0.1250|1:0.1250|2:0.1250|3:0.1250|4:0.1250|5:0.1250|6:0.1250|7:0.1250
2,math_grade5_2014,math-grade5-2014.js,multiple-choice,Which decimal is equivalent to 3 5 ?,2,5,0.70817983,1.6903036832809448,0:0.0417|1:0.0417|2:0.0417|3:0.0417|4:0.0417|5:0.7082|6:0.0417|7:0.0417
3,math_grade5_2014,math-grade5-2014.js,multiple-choice,A parking garage has 12 levels. Each level has 86 parking spaces. What is the total number of parking spaces in the garage?,11,4,0.92703897,0.5817049741744995,0:0.0104|1:0.0104|2:0.0104|3:0.0104|4:0.9270|5:0.0104|6:0.0104|7:0.0104
4,math_grade5_2014,math-grade5-2014.js,multiple-choice,What is the value of this expression? 6+4(8-5),2,5,0.70795107,1.6912381649017334,0:0.0417|1:0.0417|2:0.0417|3:0.0418|4:0.0417|5:0.7080|6:0.0417|7:0.0417
5,math_grade5_2014,math-grade5-2014.js,multiple-choice,Which list of numbers is ordered from least to greatest?,5,5,0.8540259,1.009474277496338,0:0.0209|1:0.0208|2:0.0208|3:0.0208|4:0.0209|5:0.8540|6:0.0208|7:0.0209
6,math_grade5_2014,math-grade5-2014.js,multiple-choice,"Based on the order of operations, which shows the first step in simplifying this expression? 16 ÷ 2 + 6(7 + 4 × 5)",8,3,0.42938888,1.8928310871124268,0:0.0139|1:0.0139|2:0.0139|3:0.4294|4:0.3514|5:0.1497|6:0.0139|7:0.0139
7,math_grade5_2014,math-grade5-2014.js,free-response,This table shows the weights of Vincent's three dogs. What is the difference between the combined weight of Hannah and Dillon and the weight of Wilson?,13,7,0.93746877,0.5129594802856445,0:0.0089|1:0.0089|2:0.0089|3:0.0089|4:0.0089|5:0.0089|6:0.0089|7:0.9375
8,math_grade5_2014,math-grade5-2014.js,multiple-choice,"Mary Lee has a total of 216 eggs. Using these eggs, she will fill empty egg cartons that each hold 12 eggs. What is the greatest number of egg cartons that Mary Lee can fill completely?",20,6,0.9582958,0.3671303987503052,0:0.0060|1:0.0060|2:0.0060|3:0.0060|4:0.0060|5:0.0060|6:0.9583|7:0.0060
9,math_grade5_2014,math-grade5-2014.js,multiple-choice,What is the product of 5.06 and 2.1?,1,6,0.56223124,2.217768669128418,0:0.0625|1:0.0626|2:0.0625|3:0.0625|4:0.0626|5:0.0625|6:0.5622|7:0.0625
10,math_grade5_2014,math-grade5-2014.js,free-response,493.57 ÷ 7 = __,0,0,0.125,3.0,0:0.1250|1:0.1250|2:0.1250|3:0.1250|4:0.1250|5:0.1250|6:0.1250|7:0.1250
11,math_grade5_2014,math-grade5-2014.js,multiple-choice,The cost for a movie ticket is $5.50. Soft drinks cost $1.25 each. What is the total cost for 13 people to each purchase a movie ticket and a soft drink?,14,1,0.94162697,0.4848264455795288,0:0.0083|1:0.9416|2:0.0083|3:0.0083|4:0.0083|5:0.0083|6:0.0083|7:0.0083
12,math_grade5_2014,math-grade5-2014.js,multiple-choice,"students are comparing their heights. Jose is 4 1 6 feet tall, Lee is 4 1 4 feet tall, Judi is 4 1 12 feet tall, and Sammy is 4 2 3 feet tall. Which student is the tallest?",17,3,0.95135456,0.4171799421310425,0:0.0070|1:0.0069|2:0.0069|3:0.9514|4:0.0070|5:0.0069|6:0.0069|7:0.0070
13,math_grade5_2014,math-grade5-2014.js,multiple-choice,Michael has a total of 10 pies to serve. This table shows the amounts of pie Michael has already served. Which mixed number represents the total amount of pie Michael has left to serve?,20,1,0.95829725,0.36711907386779785,0:0.0060|1:0.9583|2:0.0060|3:0.0060|4:0.0060|5:0.0060|6:0.0060|7:0.0060
14,math_grade5_2014,math-grade5-2014.js,multiple-choice,"The state of Virginia has a total area of 39,594 square miles. The state of Maryland has a total area of 9,774 square miles. How much larger is the total area of Virginia than Maryland?",18,6,0.6835078,1.174717903137207,0:0.0066|1:0.0066|2:0.0066|3:0.2770|4:0.0066|5:0.0066|6:0.6835|7:0.0066
15,math_grade5_2014,math-grade5-2014.js,multiple-choice,Karla bought 3 packages of chicken. The total weight of the chicken in these packages is 7.52 pounds. This table shows the weight of the chicken in two packages. What is the weight of the chicken in package Y?,18,3,0.95392144,0.39885810017585754,0:0.0066|1:0.0066|2:0.0066|3:0.9539|4:0.0066|5:0.0066|6:0.0066|7:0.0066
16,math_grade5_2014,math-grade5-2014.js,multiple-choice,This chart shows the number of miles Tyra walked on each of three days. What is the total number of miles Tyra walked on these three days?,15,0,0.94526094,0.4598684310913086,0:0.9453|1:0.0078|2:0.0078|3:0.0078|4:0.0078|5:0.0078|6:0.0078|7:0.0078
17,math_grade5_2014,math-grade5-2014.js,multiple-choice,A set of basketball uniforms contains only odd-numbered jerseys. Which could be three of the jersey numbers from this set of uniforms?,12,3,0.9326213,0.5452200174331665,0:0.0096|1:0.0096|2:0.0096|3:0.9326|4:0.0096|5:0.0096|6:0.0096|7:0.0096
18,math_grade5_2014,math-grade5-2014.js,multiple-choice,Tristan saw five helicopters parked at the airport. Which list shows all of the odd numbers on the helicopters?,11,7,0.9270473,0.581650972366333,0:0.0104|1:0.0104|2:0.0104|3:0.0104|4:0.0104|5:0.0104|6:0.0104|7:0.9270
19,math_grade5_2014,math-grade5-2014.js,multiple-choice,Which of the following digits could be found in the ones place of a number that is divisible by 2?,8,0,0.90264857,0.7338426113128662,0:0.9026|1:0.0139|2:0.0139|3:0.0139|4:0.0139|5:0.0139|6:0.0139|7:0.0139
20,math_grade5_2014,math-grade5-2014.js,free-response,"What is 7,459.82 rounded to the nearest whole number?",4,3,0.8248578,1.161020040512085,0:0.0251|1:0.0250|2:0.0250|3:0.8249|4:0.0250|5:0.0250|6:0.0250|7:0.0250
21,math_grade5_2014,math-grade5-2014.js,multiple-choice,530 milliliters = __ liter(s),2,2,0.7082586,1.6899821758270264,0:0.0417|1:0.0417|2:0.7083|3:0.0417|4:0.0417|5:0.0417|6:0.0417|7:0.0417
22,math_grade5_2014,math-grade5-2014.js,multiple-choice,Which is closest to the measure of ∠T?,2,4,0.7080328,1.6909044981002808,0:0.0417|1:0.0417|2:0.0417|3:0.0417|4:0.7080|5:0.0417|6:0.0417|7:0.0417
23,math_grade5_2014,math-grade5-2014.js,multiple-choice,Marissa drew a figure with the following characteristics. Four congruent sides Two pairs of parallel sides Two pairs of congruent opposite angles No right angles Which term best describes the figure Marissa drew?,25,7,0.9662993,0.3072338104248047,0:0.0048|1:0.0048|2:0.0048|3:0.0048|4:0.0048|5:0.0048|6:0.0048|7:0.9663
24,math_grade5_2014,math-grade5-2014.js,multiple-choice,Mario began watching a movie at the time shown on the clock. The movie was 2 hours and 25 minutes long. What time did the movie end?,14,1,0.94162935,0.484809547662735,0:0.0083|1:0.9416|2:0.0083|3:0.0083|4:0.0083|5:0.0083|6:0.0083|7:0.0083
25,math_grade5_2014,math-grade5-2014.js,multiple-choice,"To determine the amount of peanuts a bag will hold, Toby needs to find the--",8,4,0.9025914,0.7341869473457336,0:0.0139|1:0.0139|2:0.0139|3:0.0139|4:0.9026|5:0.0139|6:0.0139|7:0.0139
26,math_grade5_2014,math-grade5-2014.js,multiple-select,This is a flat figure. Destiny plans to cut this figure along the dashed line segments. Identify the names of the three figures she will form.,15,6,0.9452035,0.4602661430835724,0:0.0078|1:0.0078|2:0.0078|3:0.0078|4:0.0078|5:0.0078|6:0.9452|7:0.0078
27,math_grade5_2014,math-grade5-2014.js,multiple-choice,Point S is the center of the circle shown. Which line segment is a radius of the circle?,8,0,0.9026694,0.7337178587913513,0:0.9027|1:0.0139|2:0.0139|3:0.0139|4:0.0139|5:0.0139|6:0.0139|7:0.0139
28,math_grade5_2014,math-grade5-2014.js,multiple-choice,The city is building a new outdoor basketball court. Which is most likely the length of the new outdoor basketball court?,12,4,0.9326538,0.5450056791305542,0:0.0096|1:0.0096|2:0.0096|3:0.0096|4:0.9327|5:0.0096|6:0.0096|7:0.0096
29,math_grade5_2014,math-grade5-2014.js,multiple-choice,Which triangle appears to be a scalene triangle?,4,1,0.82487583,1.1609293222427368,0:0.0250|1:0.8249|2:0.0250|3:0.0250|4:0.0250|5:0.0250|6:0.0250|7:0.0250
30,math_grade5_2014,math-grade5-2014.js,multiple-choice,Perimeter is used to find the--,3,1,0.7809035,1.3735953569412231,0:0.0314|1:0.7809|2:0.0313|3:0.0313|4:0.0313|5:0.0314|6:0.0313|7:0.0313
31,math_grade5_2014,math-grade5-2014.js,multiple-select,Identify each angle that appears to be an acute angle.,5,5,0.8540973,1.0090917348861694,0:0.0208|1:0.0208|2:0.0208|3:0.0209|4:0.0208|5:0.8541|6:0.0208|7:0.0208
32,math_grade5_2014,math-grade5-2014.js,multiple-choice,What is the area of a right triangle with a base of 4 feet and a height of 8 feet?,7,4,0.890448,0.8061145544052124,0:0.0157|1:0.0157|2:0.0156|3:0.0156|4:0.8904|5:0.0156|6:0.0156|7:0.0157
33,math_grade5_2014,math-grade5-2014.js,multiple-choice,"The chart shows the different shirts, pants, and shoes Simon has in his closet. Which lists all of the possible combinations Simon can create of one shirt, one pair of pants, and one pair of shoes?",21,6,0.960192,0.3531659245491028,0:0.0057|1:0.0057|2:0.0057|3:0.0057|4:0.0057|5:0.0057|6:0.9602|7:0.0057
34,math_grade5_2014,math-grade5-2014.js,multiple-choice,This table shows the number of fish in each of 7 aquariums. Jeff emptied all the fish from these aquariums and put a fair share of these fish into each of these 7 aquariums. The number of fish he will put into each aquarium represents the--,19,2,0.9562055,0.3823741674423218,0:0.0063|1:0.0063|2:0.9562|3:0.0063|4:0.0063|5:0.0063|6:0.0063|7:0.0063
35,math_grade5_2014,math-grade5-2014.js,multiple-choice,"This graph shows the high temperature in Richmond for each of 6 days. Based on this graph, which statement is true?",10,4,0.50013083,1.4639880657196045,0:0.0114|1:0.0114|2:0.0114|3:0.0114|4:0.5001|5:0.4316|6:0.0114|7:0.0114
36,math_grade5_2014,math-grade5-2014.js,multiple-choice,Brad has 2 bags with blocks that are all the same shape and size. There are 5 blocks in Bag A and 2 blocks in Bag B as shown. Brad will randomly select one block from each bag. Which list shows all of the possible combinations of one block from each bag?,23,7,0.96349454,0.3285175561904907,0:0.0052|1:0.0052|2:0.0052|3:0.0052|4:0.0052|5:0.0052|6:0.0052|7:0.9635
37,math_grade5_2014,math-grade5-2014.js,free-response,"A set of data is shown. { 24, 14, 37, 14, 25, 37, 14, 33, 27 } What is the mode for this set of data?",6,3,0.87485814,0.8952803015708923,0:0.0179|1:0.0179|2:0.0179|3:0.8749|4:0.0179|5:0.0179|6:0.0179|7:0.0179
38,math_grade5_2014,math-grade5-2014.js,multiple-choice,A number machine uses a rule to change numbers. This table shows the results. Which could be the rule the number machine uses to change the input numbers to the output numbers?,19,4,0.95621014,0.38233980536460876,0:0.0063|1:0.0063|2:0.0063|3:0.0063|4:0.9562|5:0.0063|6:0.0063|7:0.0063
39,math_grade5_2014,math-grade5-2014.js,multiple-choice,"This graph shows the number of boxes of canned soup that were delivered to a grocery store each week for six weeks. Based on this graph, which statement is true?",16,7,0.94845474,0.4376310706138611,0:0.0074|1:0.0074|2:0.0074|3:0.0074|4:0.0074|5:0.0074|6:0.0074|7:0.9485
40,math_grade5_2014,math-grade5-2014.js,multiple-choice,Ms. Chapman wrote this equation on the board. 1 + n = 6 She drew a model of this equation using this key. Which model best represents Ms. Chapman's equation?,14,4,0.7691459,1.0831544399261475,0:0.0084|1:0.1808|2:0.0084|3:0.0083|4:0.7691|5:0.0083|6:0.0084|7:0.0083
41,math_grade5_2014,math-grade5-2014.js,multiple-choice,"Which rule can be used to find the next number in this increasing pattern? 3, 4, 6, 9, 13, 18, 24, _",7,0,0.89051235,0.8057394027709961,0:0.8905|1:0.0157|2:0.0156|3:0.0156|4:0.0156|5:0.0156|6:0.0156|7:0.0156
42,math_grade5_2014,math-grade5-2014.js,multiple-choice,"Jordan needs to walk 6 more miles this week to reach his weekly goal of 21 miles. Which number sentence can be used to find n, the total number of miles that Jordan has walked so far this week?",20,0,0.9583048,0.36706456542015076,0:0.9583|1:0.0060|2:0.0060|3:0.0060|4:0.0060|5:0.0060|6:0.0060|7:0.0060
43,math_grade5_2014,math-grade5-2014.js,multiple-choice,The table shows the number of points Ellie scored in each of five games. The range is 10 because it is the--,9,4,0.5993739,1.4442667961120605,0:0.0125|1:0.0125|2:0.3255|3:0.0125|4:0.5994|5:0.0125|6:0.0125|7:0.0125
44,math_grade5_2014,math-grade5-2014.js,multiple-choice,"This stem-and-leaf plot shows the number of pies sold at a bakery each day for 14 days. Based on the information in the stem-and-leaf plot, which statement is correct?",15,7,0.732105,1.1391167640686035,0:0.0078|1:0.0078|2:0.0078|3:0.0078|4:0.0078|5:0.2210|6:0.0078|7:0.7321
45,math_grade5_2014,math-grade5-2014.js,multiple-choice,"This sample space shows all the possible combinations of one type of main dish and one type of drink from which Roberto can choose. Cereal, Milk Cereal, Juice Eggs, Milk Eggs, Juice Pancakes, Milk Pancakes, Juice According to the sample space, what is the probability Roberto will select eggs and juice?",34,2,0.97498,0.23900648951530457,0:0.0036|1:0.0036|2:0.9750|3:0.0036|4:0.0036|5:0.0036|6:0.0036|7:0.0036
46,math_grade5_2014,math-grade5-2014.js,free-response,"What is the 7th term in this decreasing pattern? 73, 64, 56, 49, 43, ...",3,6,0.78096205,1.3733240365982056,0:0.0313|1:0.0313|2:0.0313|3:0.0313|4:0.0313|5:0.0313|6:0.7810|7:0.0313
47,math_grade5_2014,math-grade5-2014.js,multiple-choice,"This set of data shows the number of pages that Caden read each night for 5 nights. { 15, 12, 18, 10, 30 } What is the range for this set of data?",12,0,0.93260103,0.5453540682792664,0:0.9326|1:0.0096|2:0.0096|3:0.0096|4:0.0096|5:0.0096|6:0.0096|7:0.0096
48,math_grade5_2014,math-grade5-2014.js,multiple-choice,Which situation could be represented by the open sentence 15 - 5 = p?,5,5,0.8538731,1.0102925300598145,0:0.0209|1:0.0209|2:0.0209|3:0.0209|4:0.0209|5:0.8539|6:0.0208|7:0.0209
49,math_grade5_2014,math-grade5-2014.js,multiple-choice,Which equation shows the distributive property?,4,1,0.54179317,1.8013402223587036,0:0.0250|1:0.5418|2:0.0250|3:0.0250|4:0.3080|5:0.0250|6:0.0250|7:0.0250
50,math_grade5_2014,math-grade5-2014.js,multiple-choice,"Sylvia has 18 pieces of red, cherry-flavored candy to share equally among friends. Which is a variable in this situation?",11,7,0.9270497,0.5816357135772705,0:0.0104|1:0.0104|2:0.0104|3:0.0104|4:0.0104|5:0.0104|6:0.0104|7:0.9270
1,math_grade5_practice_2023,math-grade5-practice-2023.js,multiple-choice,4.221 ÷ 7 = ______ ?,0,0,0.125,3.0,0:0.1250|1:0.1250|2:0.1250|3:0.1250|4:0.1250|5:0.1250|6:0.1250|7:0.1250
2,math_grade5_practice_2023,math-grade5-practice-2023.js,multiple-choice,"Using the order of operations, which calculation should be done first to simplify this expression? 54 + 6 × (3 + 6) ÷ 3",8,4,0.90268356,0.7336325645446777,0:0.0139|1:0.0139|2:0.0139|3:0.0139|4:0.9027|5:0.0139|6:0.0139|7:0.0139
3,math_grade5_practice_2023,math-grade5-practice-2023.js,multiple-choice,Which expression represents the prime factorization of 75?,4,3,0.82479477,1.1613380908966064,0:0.0250|1:0.0251|2:0.0250|3:0.8248|4:0.0250|5:0.0250|6:0.0250|7:0.0250
4,math_grade5_practice_2023,math-grade5-practice-2023.js,multiple-choice,"Destiny is delivering a total of 32,000 flowers to several stores. This table shows the number of these flowers she has delivered to Store P and Store Q. Store Number of Flowers Store P 18,104 Store Q 9,294 The total number of these flowers that Destiny still needs to deliver is —",25,4,0.9663201,0.30707448720932007,0:0.0048|1:0.0048|2:0.0048|3:0.0048|4:0.9663|5:0.0048|6:0.0048|7:0.0048
5,math_grade5_practice_2023,math-grade5-practice-2023.js,multiple-choice,"A farmer is picking fruit. She picks 1,457 apples and 678 pears. • She will fill baskets using these pieces of fruit. • She will fill each basket with 24 pieces of fruit. What is the total number of baskets the farmer will be able to fill with these pieces of fruit?",23,7,0.9635212,0.3283168077468872,0:0.0052|1:0.0052|2:0.0052|3:0.0052|4:0.0052|5:0.0052|6:0.0052|7:0.9635
6,math_grade5_practice_2023,math-grade5-practice-2023.js,multiple-choice,What is the least common denominator for 1 4 and 7 12 ?,3,5,0.7810026,1.3731359243392944,0:0.0313|1:0.0313|2:0.0314|3:0.0313|4:0.0313|5:0.7810|6:0.0313|7:0.0313
7,math_grade5_practice_2023,math-grade5-practice-2023.js,multiple-choice,A trail is 3 4 mile long. Robert ran the length of the trail 2 times. A blank number line is provided. What is the total number of miles Robert ran?,17,5,0.9513205,0.4174215495586395,0:0.0070|1:0.0069|2:0.0070|3:0.0070|4:0.0070|5:0.9513|6:0.0070|7:0.0070
8,math_grade5_practice_2023,math-grade5-practice-2023.js,multiple-choice,Mason has a brick and 5 wood blocks. • The brick has a mass of 2.27 kilograms. • Each wood block has a mass of 1.097 kilograms. What is the difference between the combined mass of the 5 wood blocks and the mass of the brick?,18,1,0.95391667,0.3988923728466034,0:0.0066|1:0.9539|2:0.0066|3:0.0066|4:0.0066|5:0.0066|6:0.0066|7:0.0066
9,math_grade5_practice_2023,math-grade5-practice-2023.js,multiple-choice,Ms. Collins bought 2 CDs for $14.55 each and 3 DVDs for $10.39 each. These prices include tax. She gave the cashier $65.00. How much change should Ms. Collins receive?,13,3,0.9374558,0.5130466222763062,0:0.0089|1:0.0089|2:0.0089|3:0.9375|4:0.0089|5:0.0089|6:0.0089|7:0.0089
10,math_grade5_practice_2023,math-grade5-practice-2023.js,multiple-choice,The measurements between four points on a map are shown. (Figure is not drawn to scale.) What is the distance from point C to point D on the map?,12,0,0.9326152,0.5452609062194824,0:0.9326|1:0.0096|2:0.0096|3:0.0096|4:0.0096|5:0.0096|6:0.0096|7:0.0096
11,math_grade5_practice_2023,math-grade5-practice-2023.js,multiple-choice,"A right triangle is shaded inside the rectangle shown. Which expression could be used to find the area, in square units, of the triangle?",14,1,0.9415866,0.48510101437568665,0:0.0084|1:0.9416|2:0.0083|3:0.0083|4:0.0083|5:0.0084|6:0.0083|7:0.0083
12,math_grade5_practice_2023,math-grade5-practice-2023.js,multiple-choice,Which term best describes the amount of jelly a jar will hold?,7,3,0.8903834,0.8064908385276794,0:0.0156|1:0.0157|2:0.0156|3:0.8904|4:0.0157|5:0.0157|6:0.0157|7:0.0157
13,math_grade5_practice_2023,math-grade5-practice-2023.js,multiple-choice,This figure represents a storage container. What is the volume of this storage container?,7,0,0.89053464,0.8056091666221619,0:0.8905|1:0.0156|2:0.0156|3:0.0156|4:0.0156|5:0.0156|6:0.0156|7:0.0156
14,math_grade5_practice_2023,math-grade5-practice-2023.js,multiple-choice,Brady is using grid paper to design a garden. The shaded figure represents the garden. Which best describes the area and perimeter of the shaded figure on this grid?,17,4,0.5046973,1.3142503499984741,0:0.0070|1:0.4536|2:0.0070|3:0.0070|4:0.5047|5:0.0070|6:0.0069|7:0.0069
15,math_grade5_practice_2023,math-grade5-practice-2023.js,multiple-choice,Which angle is an obtuse angle?,3,5,0.7812121,1.3721634149551392,0:0.0313|1:0.0313|2:0.0313|3:0.0313|4:0.0313|5:0.7812|6:0.0313|7:0.0313
16,math_grade5_practice_2023,math-grade5-practice-2023.js,multiple-choice,Which figure appears to be an isosceles triangle?,4,1,0.82480514,1.1612858772277832,0:0.0250|1:0.8248|2:0.0251|3:0.0250|4:0.0250|5:0.0250|6:0.0250|7:0.0250
17,math_grade5_practice_2023,math-grade5-practice-2023.js,multiple-choice,"Which pattern follows the rule ""divide by 4"" to find each number after the first?",7,1,0.64640456,1.4751169681549072,0:0.0157|1:0.6464|2:0.0156|3:0.0156|4:0.0157|5:0.0156|6:0.2597|7:0.0156
18,math_grade5_practice_2023,math-grade5-practice-2023.js,multiple-choice,Seven students in a class are raising money for a fundraiser by riding their bicycles for 10 days. • The students will be paid for every mile they ride. • This table shows the number of miles each student rode in the first four days. Student Blake Charles Eva Jasmine Lucy Micah Robert Number of Miles 10 18 9 10 18 18 22 Which question can the students NOT answer by analyzing the data in the table?,39,4,0.9780925,0.21352273225784302,0:0.0031|1:0.0031|2:0.0031|3:0.0031|4:0.9781|5:0.0031|6:0.0031|7:0.0031
19,math_grade5_practice_2023,math-grade5-practice-2023.js,multiple-choice,"Based on this table of data, the median number of miles is — Student Blake Charles Eva Jasmine Lucy Micah Robert Number of Miles 10 18 9 10 18 18 22",16,0,0.9484769,0.4374751150608063,0:0.9485|1:0.0074|2:0.0074|3:0.0074|4:0.0074|5:0.0074|6:0.0074|7:0.0074
20,math_grade5_practice_2023,math-grade5-practice-2023.js,multiple-choice,A principal wants to know the number of days each student was absent from school last month. Which question would best collect the data?,15,0,0.551303,1.330540657043457,0:0.5513|1:0.0078|2:0.0078|3:0.0078|4:0.0078|5:0.0078|6:0.0078|7:0.4018
21,math_grade5_practice_2023,math-grade5-practice-2023.js,multiple-choice,This line plot shows the number of envelopes Tammie received in the mail on each of ten days. What is the total number of days on which Tammie received at least 6 envelopes in the mail?,18,7,0.9539062,0.3989676833152771,0:0.0066|1:0.0066|2:0.0066|3:0.0066|4:0.0066|5:0.0066|6:0.0066|7:0.9539
22,math_grade5_practice_2023,math-grade5-practice-2023.js,multiple-choice,This table shows the number of beads Irma has in 5 bowls. Bowl Number of Beads A 15 B 10 C 12 D 8 E 10 Irma will empty all the beads from these bowls and will put an equal number of beads back into each bowl. The number of beads she will put in each bowl represents the —,24,1,0.96496695,0.31738609075546265,0:0.0050|1:0.9650|2:0.0050|3:0.0050|4:0.0050|5:0.0050|6:0.0050|7:0.0050
23,math_grade5_practice_2023,math-grade5-practice-2023.js,multiple-choice,"The data sets represent daily low temperatures, in degrees Fahrenheit, for four different cities. In which data set does the range have the greatest spread?",16,7,0.9484767,0.4374769926071167,0:0.0074|1:0.0074|2:0.0074|3:0.0074|4:0.0074|5:0.0074|6:0.0074|7:0.9485
24,math_grade5_practice_2023,math-grade5-practice-2023.js,multiple-choice,"This sample space shows all of the possible combinations of one type of drink and one type of snack that Leslie can choose. Water, Apple Water, Cheese Water, Pretzels Water, Banana Juice, Apple Juice, Cheese Juice, Pretzels Juice, Banana According to the sample space, what is the probability that the combination Leslie chooses will include juice?",38,0,0.9775441,0.2180572748184204,0:0.9775|1:0.0032|2:0.0032|3:0.0032|4:0.0032|5:0.0032|6:0.0032|7:0.0032
1,math_grade6_2014,math-grade6-2014.js,multiple-choice,Which of these numbers is between 1 3 and 87 100 on a number line?,3,4,0.78098726,1.3732068538665771,0:0.0313|1:0.0313|2:0.0313|3:0.0313|4:0.7810|5:0.0313|6:0.0313|7:0.0313
2,math_grade6_2014,math-grade6-2014.js,multiple-choice,Which statement is true?,2,6,0.70809656,1.6906437873840332,0:0.0417|1:0.0417|2:0.0417|3:0.0417|4:0.0417|5:0.0417|6:0.7081|7:0.0417
3,math_grade6_2014,math-grade6-2014.js,drag-drop,List the numbers in order from least to greatest.,5,5,0.85395664,1.0098446607589722,0:0.0209|1:0.0208|2:0.0208|3:0.0209|4:0.0209|5:0.8540|6:0.0209|7:0.0209
4,math_grade6_2014,math-grade6-2014.js,multiple-choice,What is the value of 7² - 4 + 5?,1,6,0.56198466,2.218549966812134,0:0.0625|1:0.0626|2:0.0625|3:0.0625|4:0.0625|5:0.0627|6:0.5620|7:0.0626
5,math_grade6_2014,math-grade6-2014.js,multiple-choice,1 7 8 / 3 = ?,0,0,0.125,3.0,0:0.1250|1:0.1250|2:0.1250|3:0.1250|4:0.1250|5:0.1250|6:0.1250|7:0.1250
6,math_grade6_2014,math-grade6-2014.js,multiple-choice,What is the value of 6 + 3 • 2,1,6,0.5619617,2.2186224460601807,0:0.0625|1:0.0626|2:0.0625|3:0.0625|4:0.0625|5:0.0627|6:0.5620|7:0.0626
7,math_grade6_2014,math-grade6-2014.js,multiple-choice,What is 3 1 2 • 1 1 4,0,0,0.125,3.0,0:0.1250|1:0.1250|2:0.1250|3:0.1250|4:0.1250|5:0.1250|6:0.1250|7:0.1250
8,math_grade6_2014,math-grade6-2014.js,multiple-choice,A bag contains red apples and yellow apples. The ratio of red apples to yellow apples in the bag is 9 to 4. Which of these statements could be true?,15,7,0.9452759,0.45976516604423523,0:0.0078|1:0.0078|2:0.0078|3:0.0078|4:0.0078|5:0.0078|6:0.0078|7:0.9453
9,math_grade6_2014,math-grade6-2014.js,multiple-choice,Which of these is an integer?,1,2,0.56235015,2.2173919677734375,0:0.0626|1:0.0625|2:0.5624|3:0.0625|4:0.0625|5:0.0625|6:0.0625|7:0.0625
10,math_grade6_2014,math-grade6-2014.js,multiple-choice,Which ratio correctly represents 0.1%?,3,3,0.78094035,1.373424768447876,0:0.0313|1:0.0313|2:0.0313|3:0.7809|4:0.0313|5:0.0313|6:0.0313|7:0.0313
11,math_grade6_2014,math-grade6-2014.js,multiple-choice,Which of these lists the numbers in order from least to greatest?,5,4,0.85404766,1.0093574523925781,0:0.0208|1:0.0208|2:0.0208|3:0.0208|4:0.8540|5:0.0209|6:0.0209|7:0.0209
12,math_grade6_2014,math-grade6-2014.js,multiple-select,Identify each statement that is true.,3,6,0.7810898,1.372731328010559,0:0.0313|1:0.0313|2:0.0313|3:0.0313|4:0.0313|5:0.0313|6:0.7811|7:0.0313
13,math_grade6_2014,math-grade6-2014.js,multiple-choice,This picture represents 4 pizzas. Exactly how many 2 5 are in 4?,5,4,0.85390294,1.010132908821106,0:0.0209|1:0.0209|2:0.0209|3:0.0209|4:0.8539|5:0.0209|6:0.0209|7:0.0209
14,math_grade6_2014,math-grade6-2014.js,multiple-choice,Valerie wrote the values of the powers of 3 that she knew. 3¹ = 3 3² = 9 3³ = 27 3⁴ = 81 3⁵ = ? What is the value of 3⁵?,6,6,0.8749409,0.8948156833648682,0:0.0179|1:0.0179|2:0.0179|3:0.0179|4:0.0179|5:0.0179|6:0.8749|7:0.0179
15,math_grade6_2014,math-grade6-2014.js,multiple-choice,Samuel bought 4 rolls of tape to seal boxes. Each roll contains 32.9 meters of tape. He uses 1.2 meters of this tape to seal each box. What is the total number of boxes Samuel can seal with these 4 rolls of tape?,22,7,0.9619357,0.3402053713798523,0:0.0054|1:0.0054|2:0.0054|3:0.0054|4:0.0054|5:0.0054|6:0.0054|7:0.9619
16,math_grade6_2014,math-grade6-2014.js,multiple-choice,Mia is working on projects that require 3 1 2 yards of ribbon per project. Mia has 28 yards of ribbon. What is the greatest number of projects that Mia can complete with this ribbon?,17,0,0.9513478,0.41722702980041504,0:0.9513|1:0.0069|2:0.0070|3:0.0070|4:0.0069|5:0.0069|6:0.0069|7:0.0070
17,math_grade6_2014,math-grade6-2014.js,multiple-choice,Kevin threw a football 19 2 3 yards. Scott threw the football 24 1 3 yards. Which statement is true?,10,0,0.92040294,0.6242149472236633,0:0.9204|1:0.0114|2:0.0114|3:0.0114|4:0.0114|5:0.0114|6:0.0114|7:0.0114
18,math_grade6_2014,math-grade6-2014.js,multiple-choice,"Alisha wants to buy a camera that costs $228, including tax. She has saved $4.75 each week for the past 8 weeks. How much more money does Alisha need to purchase the camera?",17,3,0.9513525,0.4171944260597229,0:0.0070|1:0.0070|2:0.0069|3:0.9514|4:0.0069|5:0.0070|6:0.0069|7:0.0069
19,math_grade6_2014,math-grade6-2014.js,free-response,"The regular price of a meal is $6.75. On Tuesday, the meal is on sale for $1.00 off the regular price. Sarah bought 4 of these meals on Tuesday. What is the total cost of these 4 meals before tax?",16,2,0.9484997,0.4373157024383545,0:0.0074|1:0.0074|2:0.9485|3:0.0074|4:0.0074|5:0.0074|6:0.0074|7:0.0074
20,math_grade6_2014,math-grade6-2014.js,drag-drop,Use the given temperatures to make each statement true.,6,4,0.8748205,0.8954914808273315,0:0.0179|1:0.0179|2:0.0179|3:0.0179|4:0.8748|5:0.0179|6:0.0179|7:0.0179
21,math_grade6_2014,math-grade6-2014.js,multiple-choice,Which ordered pair best represents point Y on the grid?,6,0,0.56252784,1.6175068616867065,0:0.5625|1:0.3302|2:0.0179|3:0.0179|4:0.0179|5:0.0179|6:0.0179|7:0.0179
22,math_grade6_2014,math-grade6-2014.js,multiple-choice,"Victor measured a circular lid and found d, the diameter, was 8 inches and C, the circumference, was 25 inches. Which expression represents an approximate value for π?",13,3,0.48623317,1.3860803842544556,0:0.0089|1:0.0089|2:0.0089|3:0.4862|4:0.0089|5:0.4601|6:0.0089|7:0.0089
23,math_grade6_2014,math-grade6-2014.js,multiple-choice,Neela is making rectangular place mats that are 12 inches wide and 15 inches long. What is the least amount of ribbon that she will need to create a ribbon border around 1 place mat?,19,5,0.95621514,0.38230371475219727,0:0.0063|1:0.0063|2:0.0063|3:0.0063|4:0.0063|5:0.9562|6:0.0063|7:0.0063
24,math_grade6_2014,math-grade6-2014.js,multiple-choice,The edge length of a cube is shown. What is the total surface area of this cube?,8,1,0.90269136,0.7335852980613708,0:0.0139|1:0.9027|2:0.0139|3:0.0139|4:0.0139|5:0.0139|6:0.0139|7:0.0139
25,math_grade6_2014,math-grade6-2014.js,multiple-choice,Ava placed the point of her pencil on the origin of a regular coordinate plane. She marked a point after moving her pencil 4 units to the left and 7 units up. Which ordered pair identifies where Ava marked her point?,21,0,0.9602073,0.35305362939834595,0:0.9602|1:0.0057|2:0.0057|3:0.0057|4:0.0057|5:0.0057|6:0.0057|7:0.0057
26,math_grade6_2014,math-grade6-2014.js,multiple-choice,Which term most accurately classifies all of the figures below?,4,3,0.82487446,1.1609361171722412,0:0.0250|1:0.0250|2:0.0250|3:0.8249|4:0.0250|5:0.0250|6:0.0250|7:0.0250
27,math_grade6_2014,math-grade6-2014.js,multiple-choice,Figure STUVW is shown. Which polygon appears congruent to figure STUVW?,8,1,0.9026752,0.7336825132369995,0:0.0139|1:0.9027|2:0.0139|3:0.0139|4:0.0139|5:0.0139|6:0.0139|7:0.0139
28,math_grade6_2014,math-grade6-2014.js,multiple-select,The area of a rectangle is 56 square inches. Identify the two measurements from those shown that could be the length and width of this rectangle.,12,5,0.93264306,0.5450770854949951,0:0.0096|1:0.0096|2:0.0096|3:0.0096|4:0.0096|5:0.9326|6:0.0096|7:0.0096
29,math_grade6_2014,math-grade6-2014.js,multiple-choice,The diameter of a circular table is 6 feet. Which of the following is closest to the area of the tabletop?,8,1,0.90269285,0.7335761785507202,0:0.0139|1:0.9027|2:0.0139|3:0.0139|4:0.0139|5:0.0139|6:0.0139|7:0.0139
30,math_grade6_2014,math-grade6-2014.js,multiple-choice,"Which of these best describes the location of (0, 9) on a coordinate grid?",5,1,0.85405844,1.0093002319335938,0:0.0208|1:0.8541|2:0.0208|3:0.0208|4:0.0209|5:0.0208|6:0.0209|7:0.0209
31,math_grade6_2014,math-grade6-2014.js,multiple-choice,The radius of a circular swimming pool is 7.8 meters. Which is closest to the circumference of this swimming pool?,9,6,0.91225606,0.6752223968505859,0:0.0125|1:0.0125|2:0.0125|3:0.0125|4:0.0125|5:0.0125|6:0.9123|7:0.0125
32,math_grade6_2014,math-grade6-2014.js,free-response,What is the value of x when x 3 = 2.13?,1,6,0.56198597,2.21854567527771,0:0.0625|1:0.0626|2:0.0625|3:0.0625|4:0.0625|5:0.0627|6:0.5620|7:0.0626
33,math_grade6_2014,math-grade6-2014.js,multiple-select,Phil surveyed 40 students about their favorite color. This circle graph shows the results. Identify two colors that together could represent the results of a group of exactly 20 students.,19,5,0.95621854,0.3822789788246155,0:0.0063|1:0.0063|2:0.0063|3:0.0063|4:0.0063|5:0.9562|6:0.0063|7:0.0063
34,math_grade6_2014,math-grade6-2014.js,multiple-choice,"Ivan created the arithmetic pattern shown. 1, 4, 7, 10 If Ivan continues the pattern, what will be the 7th number in the pattern?",10,1,0.92040724,0.6241873502731323,0:0.0114|1:0.9204|2:0.0114|3:0.0114|4:0.0114|5:0.0114|6:0.0114|7:0.0114
35,math_grade6_2014,math-grade6-2014.js,multiple-choice,"This list shows the number of text messages 5 friends sent last week. 13, 60, 61, 63, 64 The most appropriate measure of center for this data is the--",13,3,0.93744624,0.5131106972694397,0:0.0089|1:0.0089|2:0.0089|3:0.9374|4:0.0089|5:0.0089|6:0.0089|7:0.0089
36,math_grade6_2014,math-grade6-2014.js,multiple-choice,What is the solution to this number sentence? y - 1 3 4 = 3,3,0,0.5027634,1.9611873626708984,0:0.5028|1:0.0313|2:0.0313|3:0.0313|4:0.0313|5:0.0313|6:0.3094|7:0.0313
37,math_grade6_2014,math-grade6-2014.js,multiple-choice,Hector has 15 shirts in his drawer that are all the same size and shape. 6 shirts are white 4 shirts are blue 3 shirts are red 2 shirts are green Hector randomly selects two shirts without replacement. The outcome of the second shirt is--,23,7,0.9635194,0.3283303380012512,0:0.0052|1:0.0052|2:0.0052|3:0.0052|4:0.0052|5:0.0052|6:0.0052|7:0.9635
38,math_grade6_2014,math-grade6-2014.js,multiple-choice,The sixth-grade class held elections for class president. This graph shows the results of the election. Which circle graph best represents the same set of data?,16,5,0.94846845,0.43753498792648315,0:0.0074|1:0.0074|2:0.0074|3:0.0074|4:0.0074|5:0.9485|6:0.0074|7:0.0074
39,math_grade6_2014,math-grade6-2014.js,multiple-choice,Which property is illustrated by this number sentence? (0.7 + 1) · 0 = 0,4,4,0.8247902,1.1613609790802002,0:0.0250|1:0.0250|2:0.0250|3:0.0250|4:0.8248|5:0.0250|6:0.0250|7:0.0250
40,math_grade6_2014,math-grade6-2014.js,multiple-choice,Which of these best describes dependent events?,4,4,0.82483965,1.1611117124557495,0:0.0250|1:0.0250|2:0.0250|3:0.0250|4:0.8248|5:0.0250|6:0.0250|7:0.0250
41,math_grade6_2014,math-grade6-2014.js,multiple-choice,"The first five terms of a sequence are shown. 4, 10, 16, 22, 28, ... What is the common difference of this sequence?",8,0,0.9026875,0.7336084246635437,0:0.9027|1:0.0139|2:0.0139|3:0.0139|4:0.0139|5:0.0139|6:0.0139|7:0.0139
42,math_grade6_2014,math-grade6-2014.js,multiple-choice,Which line plot shows a set of data with a balance point of 23?,7,0,0.89050484,0.8057831525802612,0:0.8905|1:0.0156|2:0.0156|3:0.0156|4:0.0156|5:0.0157|6:0.0156|7:0.0156
43,math_grade6_2014,math-grade6-2014.js,multiple-choice,Which property is illustrated by this number sentence? 13 * 1 = 13,4,4,0.82478803,1.1613720655441284,0:0.0251|1:0.0250|2:0.0250|3:0.0250|4:0.8248|5:0.0250|6:0.0250|7:0.0250
44,math_grade6_2014,math-grade6-2014.js,multiple-choice,Which number sentence illustrates the multiplicative inverse property?,6,0,0.87486523,0.8952402472496033,0:0.8749|1:0.0179|2:0.0179|3:0.0179|4:0.0179|5:0.0179|6:0.0179|7:0.0179
45,math_grade6_2014,math-grade6-2014.js,multiple-choice,"Cale used a certain rule to create this geometric pattern. 3, 12, 48, 192, 768 Which of these patterns follows the same rule as Cale's pattern?",12,1,0.93266064,0.5449609160423279,0:0.0096|1:0.9327|2:0.0096|3:0.0096|4:0.0096|5:0.0096|6:0.0096|7:0.0096
46,math_grade6_2014,math-grade6-2014.js,multiple-choice,"Lee rolls a fair number cube labeled 1 through 6 two times. On both rolls, the number 6 lands face-up. In this situation, the second roll is--",15,3,0.9452523,0.45992857217788696,0:0.0078|1:0.0078|2:0.0078|3:0.9453|4:0.0078|5:0.0078|6:0.0078|7:0.0078
47,math_grade6_2014,math-grade6-2014.js,multiple-choice,Which word describes 5 in the number sentence shown? 5x - 12 = 18,5,7,0.8539197,1.0100432634353638,0:0.0209|1:0.0209|2:0.0209|3:0.0209|4:0.0209|5:0.0209|6:0.0209|7:0.8539
48,math_grade6_2014,math-grade6-2014.js,multiple-choice,Which number sentence can be used to represent all the values of n shown on this graph?,7,0,0.8904854,0.8058961033821106,0:0.8905|1:0.0157|2:0.0156|3:0.0156|4:0.0156|5:0.0156|6:0.0156|7:0.0156
49,math_grade6_2014,math-grade6-2014.js,multiple-choice,"Kylah spent $15 each week for 10 weeks. This circle graph represents how Kylah spent her money on each of 5 types of items. Based on this graph, which appears closest to the total amount Kylah spent on books and music for the 10-week period?",24,5,0.96496594,0.31739383935928345,0:0.0050|1:0.0050|2:0.0050|3:0.0050|4:0.0050|5:0.9650|6:0.0050|7:0.0050
50,math_grade6_2014,math-grade6-2014.js,multiple-choice,Which graph represents the solution set to this inequality? 1 ≥ n,5,1,0.8539793,1.0097236633300781,0:0.0209|1:0.8540|2:0.0208|3:0.0209|4:0.0208|5:0.0209|6:0.0209|7:0.0209
1,math_grade6_practice_2023,math-grade6-practice-2023.js,multiple-choice,Which expression is best represented by this model?,4,3,0.82463014,1.162168025970459,0:0.0251|1:0.0251|2:0.0250|3:0.8246|4:0.0251|5:0.0250|6:0.0250|7:0.0251
2,math_grade6_practice_2023,math-grade6-practice-2023.js,multiple-choice,What is the product of 2 2 3 and 1 1 6 ?,1,6,0.56223696,2.2177505493164062,0:0.0625|1:0.0626|2:0.0625|3:0.0625|4:0.0626|5:0.0625|6:0.5622|7:0.0625
3,math_grade6_practice_2023,math-grade6-practice-2023.js,multiple-choice,The value of 8 1 4 ÷ 1 8 is —,1,6,0.56197906,2.2185676097869873,0:0.0625|1:0.0626|2:0.0625|3:0.0625|4:0.0625|5:0.0627|6:0.5620|7:0.0626
4,math_grade6_practice_2023,math-grade6-practice-2023.js,multiple-choice,Which equation is represented by this model?,3,2,0.78098685,1.3732092380523682,0:0.0313|1:0.0313|2:0.7810|3:0.0313|4:0.0313|5:0.0313|6:0.0313|7:0.0313
5,math_grade6_practice_2023,math-grade6-practice-2023.js,multiple-choice,Which number is less than −8?,2,3,0.70811576,1.6905653476715088,0:0.0417|1:0.0417|2:0.0417|3:0.7081|4:0.0417|5:0.0417|6:0.0417|7:0.0417
6,math_grade6_practice_2023,math-grade6-practice-2023.js,multiple-choice,Which statement best describes a number that is a perfect square?,6,7,0.8748718,0.8952034115791321,0:0.0179|1:0.0179|2:0.0179|3:0.0179|4:0.0179|5:0.0179|6:0.0179|7:0.8749
7,math_grade6_practice_2023,math-grade6-practice-2023.js,multiple-choice,Nigel has 3 rolls of ribbon. Each roll has 8 3 4 feet of ribbon. It takes 1 3 4 feet of ribbon to make one bow. What is the total number of bows that Nigel can make using these 3 rolls of ribbon?,20,2,0.9582992,0.3671044409275055,0:0.0060|1:0.0060|2:0.9583|3:0.0060|4:0.0060|5:0.0060|6:0.0060|7:0.0060
8,math_grade6_practice_2023,math-grade6-practice-2023.js,multiple-choice,Wayne and Dani both drew congruent circles and marked the center points as Q. They each drew a line segment inside their circle as shown. Which statement best describes the line segments in Wayne's and Dani's circles?,22,7,0.9619051,0.340434193611145,0:0.0054|1:0.0054|2:0.0054|3:0.0054|4:0.0054|5:0.0054|6:0.0054|7:0.9619
9,math_grade6_practice_2023,math-grade6-practice-2023.js,multiple-choice,The diameter of the circular base of a storage container is 18.8 meters. The circumference of the base is approximately 59 meters. Which of these could be used to approximate the value of π?,14,5,0.83714616,0.9154205322265625,0:0.1128|1:0.0083|2:0.0083|3:0.0083|4:0.0083|5:0.8371|6:0.0083|7:0.0083
10,math_grade6_practice_2023,math-grade6-practice-2023.js,multiple-choice,"The rectangle and shaded triangle have the same base and height, as shown in the diagram. The area, in square units, of the shaded triangle can be represented as —",13,0,0.5393672,1.3732661008834839,0:0.5394|1:0.4070|2:0.0089|3:0.0089|4:0.0089|5:0.0089|6:0.0089|7:0.0089
11,math_grade6_practice_2023,math-grade6-practice-2023.js,multiple-choice,"Which graphed point is best represented by (−7, 0)?",4,7,0.45002615,1.8461687564849854,0:0.3998|1:0.0250|2:0.0250|3:0.0250|4:0.0250|5:0.0250|6:0.0250|7:0.4500
12,math_grade6_practice_2023,math-grade6-practice-2023.js,multiple-choice,Which figure represents a regular polygon?,4,1,0.5167624,1.819248914718628,0:0.0251|1:0.5168|2:0.3331|3:0.0250|4:0.0250|5:0.0250|6:0.0250|7:0.0250
13,math_grade6_practice_2023,math-grade6-practice-2023.js,multiple-choice,A class will collect data to determine which afterschool event is the favorite for students to attend. Which method would result in data most representative of the entire school population?,17,3,0.951345,0.41724762320518494,0:0.0070|1:0.0069|2:0.0069|3:0.9513|4:0.0070|5:0.0070|6:0.0069|7:0.0070
14,math_grade6_practice_2023,math-grade6-practice-2023.js,multiple-choice,Timothy ordered 150 sandwiches on Monday. This circle graph represents the number of each kind of sandwich he ordered. Which is closest to the total number of turkey sandwiches Timothy ordered?,18,0,0.953908,0.3989545702934265,0:0.9539|1:0.0066|2:0.0066|3:0.0066|4:0.0066|5:0.0066|6:0.0066|7:0.0066
15,math_grade6_practice_2023,math-grade6-practice-2023.js,multiple-choice,Porter recorded the lengths of 8 earthworms. Each length is rounded to the nearest inch. The circle graph and the line plot represent this set of data. What information can be determined from both the circle graph and the line plot?,21,5,0.96018463,0.3532208800315857,0:0.0057|1:0.0057|2:0.0057|3:0.0057|4:0.0057|5:0.9602|6:0.0057|7:0.0057
16,math_grade6_practice_2023,math-grade6-practice-2023.js,multiple-choice,This line plot shows the number of letters in the names of 7 students. What is the balance point for this set of data?,11,0,0.9270062,0.5819176435470581,0:0.9270|1:0.0104|2:0.0104|3:0.0104|4:0.0104|5:0.0104|6:0.0104|7:0.0104
17,math_grade6_practice_2023,math-grade6-practice-2023.js,multiple-choice,"The table shows the number of minutes 10 students each used completing homework one night. The teacher removes the outlier from the data and recalculates the measures of center and spread. When the outlier is removed from the data, the —",21,4,0.96018815,0.3531947731971741,0:0.0057|1:0.0057|2:0.0057|3:0.0057|4:0.9602|5:0.0057|6:0.0057|7:0.0057
18,math_grade6_practice_2023,math-grade6-practice-2023.js,multiple-choice,Cole used 1 4 of his time reading his notes and 3 10 of his time completing problems. He used the rest of his time reviewing his textbook. Cole reviewed his textbook for exactly —,17,4,0.9513502,0.41721096634864807,0:0.0069|1:0.0070|2:0.0069|3:0.0069|4:0.9514|5:0.0069|6:0.0069|7:0.0069
19,math_grade6_practice_2023,math-grade6-practice-2023.js,multiple-choice,The points on the coordinate plane show the proportional relationship between the x- and y-values. Which table of values represents the same proportional relationship that is shown in the graph?,14,1,0.94162536,0.48483723402023315,0:0.0083|1:0.9416|2:0.0083|3:0.0083|4:0.0083|5:0.0083|6:0.0083|7:0.0083
20,math_grade6_practice_2023,math-grade6-practice-2023.js,multiple-choice,"Using the key shown, look at this equation mat. Which equation best represents the equation mat shown?",12,1,0.9326404,0.5450941324234009,0:0.0096|1:0.9326|2:0.0096|3:0.0096|4:0.0096|5:0.0096|6:0.0096|7:0.0096
21,math_grade6_practice_2023,math-grade6-practice-2023.js,multiple-choice,What is the value of m for this equation? 18 = m 6,2,1,0.70792633,1.691339373588562,0:0.0417|1:0.7079|2:0.0417|3:0.0417|4:0.0417|5:0.0418|6:0.0418|7:0.0417
22,math_grade6_practice_2023,math-grade6-practice-2023.js,multiple-choice,Mr. Hansen wrote and solved this equation on the board. r + 3 = 11 r + (3 - 3) = 11 - 3 r = 8 He used the key shown and drew a model to confirm the solution. Which of these best represents a model Mr. Hansen could use to confirm his solution?,20,6,0.9582676,0.36733657121658325,0:0.0060|1:0.0060|2:0.0060|3:0.0060|4:0.0060|5:0.0060|6:0.9583|7:0.0060
23,math_grade6_practice_2023,math-grade6-practice-2023.js,multiple-choice,Which statement is true?,2,6,0.7080993,1.6906325817108154,0:0.0417|1:0.0417|2:0.0417|3:0.0417|4:0.0417|5:0.0417|6:0.7081|7:0.0417
1,math_grade7_2014,math-grade7-2014.js,multiple-choice,Which of the following is true?,2,1,0.7079352,1.691303014755249,0:0.0417|1:0.7079|2:0.0417|3:0.0417|4:0.0417|5:0.0417|6:0.0418|7:0.0417
2,math_grade7_2014,math-grade7-2014.js,multiple-choice,Which number is a square root of 400?,3,7,0.7810309,1.3730047941207886,0:0.0313|1:0.0313|2:0.0313|3:0.0313|4:0.0313|5:0.0313|6:0.0313|7:0.7810
3,math_grade7_2014,math-grade7-2014.js,multiple-choice,What is 0.000012 written in scientific notation?,3,5,0.78112054,1.3725885152816772,0:0.0313|1:0.0313|2:0.0313|3:0.0313|4:0.0313|5:0.7811|6:0.0313|7:0.0313
4,math_grade7_2014,math-grade7-2014.js,drag-drop,Arrange the three numbers shown in order from least to greatest.,7,7,0.89044565,0.8061280846595764,0:0.0156|1:0.0157|2:0.0156|3:0.0157|4:0.0157|5:0.0157|6:0.0156|7:0.8904
5,math_grade7_2014,math-grade7-2014.js,multiple-choice,Which list of numbers is arranged from least to greatest?,5,7,0.85402685,1.0094692707061768,0:0.0208|1:0.0208|2:0.0208|3:0.0208|4:0.0209|5:0.0209|6:0.0209|7:0.8540
6,math_grade7_2014,math-grade7-2014.js,free-response,What is the value of (-15) - (-18) ÷ 3?,1,5,0.56186575,2.218926191329956,0:0.0625|1:0.0626|2:0.0625|3:0.0625|4:0.0625|5:0.5619|6:0.0627|7:0.0626
7,math_grade7_2014,math-grade7-2014.js,multiple-choice,Which number is a square root of 1?,3,7,0.7810287,1.37301504611969,0:0.0313|1:0.0313|2:0.0313|3:0.0313|4:0.0313|5:0.0313|6:0.0313|7:0.7810
8,math_grade7_2014,math-grade7-2014.js,multiple-choice,"Let n represent any number in this sequence. 2, 24, 46, 68, ... Which of these can be used to determine the next number?",8,3,0.9026691,0.7337195873260498,0:0.0139|1:0.0139|2:0.0139|3:0.9027|4:0.0139|5:0.0139|6:0.0139|7:0.0139
9,math_grade7_2014,math-grade7-2014.js,multiple-choice,Which number sentence is represented by this model?,4,0,0.8248348,1.1611356735229492,0:0.8248|1:0.0250|2:0.0250|3:0.0250|4:0.0250|5:0.0250|6:0.0250|7:0.0250
10,math_grade7_2014,math-grade7-2014.js,multiple-choice,Clarence made a scale drawing of a classroom. The scale in the drawing is 2 inches represents 9 feet. The actual length of the classroom is 36 feet. What is the length of the classroom on the scale drawing?,18,1,0.95390457,0.39897871017456055,0:0.0066|1:0.9539|2:0.0066|3:0.0066|4:0.0066|5:0.0066|6:0.0066|7:0.0066
11,math_grade7_2014,math-grade7-2014.js,multiple-choice,Which fraction and decimal are equivalent to 10⁻³?,3,5,0.7810787,1.3727827072143555,0:0.0313|1:0.0313|2:0.0313|3:0.0313|4:0.0313|5:0.7811|6:0.0313|7:0.0313
12,math_grade7_2014,math-grade7-2014.js,multiple-choice,What is the absolute value of -8.2?,2,6,0.70816463,1.6903659105300903,0:0.0417|1:0.0417|2:0.0417|3:0.0417|4:0.0417|5:0.0417|6:0.7082|7:0.0417
13,math_grade7_2014,math-grade7-2014.js,multiple-choice,"Which statement is true about the pattern shown? 5, 20, 80, 320, ...",4,6,0.8247717,1.161454200744629,0:0.0250|1:0.0251|2:0.0250|3:0.0250|4:0.0250|5:0.0250|6:0.8248|7:0.0250
14,math_grade7_2014,math-grade7-2014.js,multiple-choice,Kelly received a 25% discount on the purchase of a $240 bicycle. What was the amount of the discount Kelly received?,9,0,0.9124517,0.6740124225616455,0:0.9125|1:0.0125|2:0.0125|3:0.0125|4:0.0125|5:0.0125|6:0.0125|7:0.0125
15,math_grade7_2014,math-grade7-2014.js,multiple-choice,Which number sentence is represented by this model?,4,0,0.8248348,1.1611356735229492,0:0.8248|1:0.0250|2:0.0250|3:0.0250|4:0.0250|5:0.0250|6:0.0250|7:0.0250
16,math_grade7_2014,math-grade7-2014.js,multiple-choice,What is | -11 12 |?,0,0,0.125,3.0,0:0.1250|1:0.1250|2:0.1250|3:0.1250|4:0.1250|5:0.1250|6:0.1250|7:0.1250
17,math_grade7_2014,math-grade7-2014.js,multiple-choice,The length of Rectangular Prism A is shown. The length of this prism is multiplied by a scale factor of 1 2 to create Rectangular Prism B. The volume of Rectangular Prism B is--,15,5,0.9452456,0.4599747955799103,0:0.0078|1:0.0078|2:0.0078|3:0.0078|4:0.0078|5:0.9452|6:0.0078|7:0.0078
18,math_grade7_2014,math-grade7-2014.js,multiple-choice,Which statement is false?,2,6,0.708216,1.6901559829711914,0:0.0417|1:0.0417|2:0.0417|3:0.0417|4:0.0417|5:0.0417|6:0.7082|7:0.0417
19,math_grade7_2014,math-grade7-2014.js,multiple-choice,Quadrilateral KLMN is rotated 180° clockwise about the origin. Which coordinates best represent the image of point K?,10,5,0.9203652,0.6244544982910156,0:0.0114|1:0.0114|2:0.0114|3:0.0114|4:0.0114|5:0.9204|6:0.0114|7:0.0114
20,math_grade7_2014,math-grade7-2014.js,multiple-choice,"A spinner has 8 equal-sized sections. • 2 red • 1 yellow • 3 blue • 2 green A class spun the arrow on the spinner 20 times. The arrow landed on green 3 times. The class will spin the arrow on the spinner a total of 500 times. As the number of spins increases, the experimental probability of the arrow landing on green will most likely approach –",32,2,0.97346336,0.2512120306491852,0:0.0038|1:0.0038|2:0.9735|3:0.0038|4:0.0038|5:0.0038|6:0.0038|7:0.0038
21,math_grade7_2014,math-grade7-2014.js,multiple-select,The dimensions of 4 rectangular prisms are shown. Identify each of the prisms for which the maximum amount of sand the prism can hold is 30 cubic inches.,13,5,0.9374488,0.5130934119224548,0:0.0089|1:0.0089|2:0.0089|3:0.0089|4:0.0089|5:0.9374|6:0.0089|7:0.0089
22,math_grade7_2014,math-grade7-2014.js,multiple-choice,"A rectangular prism has a height of 3 inches and a volume of 27 cubic inches. The height of this prism is changed to 6 inches, and the other dimensions stay the same. What is the volume of the prism with this change?",16,4,0.9484901,0.43738317489624023,0:0.0074|1:0.0074|2:0.0074|3:0.0074|4:0.9485|5:0.0074|6:0.0074|7:0.0074
23,math_grade7_2014,math-grade7-2014.js,multiple-choice,Every rhombus is also a--,3,4,0.47934684,1.9747133255004883,0:0.0313|1:0.0313|2:0.3330|3:0.0313|4:0.4793|5:0.0313|6:0.0313|7:0.0313
24,math_grade7_2014,math-grade7-2014.js,multiple-choice,Quadrilateral PQMN is similar to quadrilateral WXYZ. What is the measure of angle Z?,7,3,0.89050746,0.8057679533958435,0:0.0157|1:0.0156|2:0.0156|3:0.8905|4:0.0156|5:0.0157|6:0.0156|7:0.0156
25,math_grade7_2014,math-grade7-2014.js,multiple-choice,This table shows the dimensions of four rectangular prisms. Which rectangular prism has the greatest volume?,10,4,0.5115921,1.4610211849212646,0:0.0114|1:0.0114|2:0.0114|3:0.0114|4:0.5116|5:0.4202|6:0.0114|7:0.0114
26,math_grade7_2014,math-grade7-2014.js,multiple-choice,Which numbered triangle is a 90° counterclockwise rotation about the origin of the shaded triangle?,6,7,0.68104666,1.4743759632110596,0:0.2117|1:0.0179|2:0.0179|3:0.0179|4:0.0179|5:0.0179|6:0.0179|7:0.6810
27,math_grade7_2014,math-grade7-2014.js,multiple-choice,The diameter and height of a cylindrical container are shown. The container is filled completely with cheese sauce. Which of these represents the total number of cubic inches of cheese sauce in the container?,18,0,0.9539091,0.3989475667476654,0:0.9539|1:0.0066|2:0.0066|3:0.0066|4:0.0066|5:0.0066|6:0.0066|7:0.0066
28,math_grade7_2014,math-grade7-2014.js,point-select,Figure LMNP will be reflected across the y-axis. Place the point on the graph that represents point N'.,10,0,0.9203949,0.6242657899856567,0:0.9204|1:0.0114|2:0.0114|3:0.0114|4:0.0114|5:0.0114|6:0.0114|7:0.0114
29,math_grade7_2014,math-grade7-2014.js,multiple-choice,Triangle PQR is similar to triangle STU. Which proportion can be used to find n?,8,1,0.9027493,0.7332364320755005,0:0.0139|1:0.9027|2:0.0139|3:0.0139|4:0.0139|5:0.0139|6:0.0139|7:0.0139
30,math_grade7_2014,math-grade7-2014.js,multiple-choice,"The number of 8-ounce glasses of water Shane drank each day for 12 days is represented in this histogram. Based on this histogram, which statement must be true?",15,4,0.9452563,0.45990100502967834,0:0.0078|1:0.0078|2:0.0078|3:0.0078|4:0.9453|5:0.0078|6:0.0078|7:0.0078
31,math_grade7_2014,math-grade7-2014.js,multiple-choice,"The digits 1, 2, 3, and 4 are used to make a 3-digit number. Each digit can be repeated. What is the total number of 3-digit numbers that can be made using these digits?",14,3,0.94157666,0.48516935110092163,0:0.0083|1:0.0083|2:0.0084|3:0.9416|4:0.0083|5:0.0083|6:0.0083|7:0.0083
32,math_grade7_2014,math-grade7-2014.js,multiple-choice,"If k = 2, what is the value of k³ - (k - 10) + 4k?",1,6,0.5619736,2.2185850143432617,0:0.0625|1:0.0626|2:0.0625|3:0.0625|4:0.0625|5:0.0627|6:0.5620|7:0.0626
33,math_grade7_2014,math-grade7-2014.js,multiple-choice,"A spinner has 5 sections of equal size labeled P, Q, R, S, and T. The arrow of this spinner was spun 15 times and landed 4 times on the section labeled Q. Which statement best describes the experimental probability and theoretical probability of the arrow landing on the section labeled Q?",24,6,0.9649831,0.31726354360580444,0:0.0050|1:0.0050|2:0.0050|3:0.0050|4:0.0050|5:0.0050|6:0.9650|7:0.0050
34,math_grade7_2014,math-grade7-2014.js,multiple-choice,"Ethan earns $12 per hour to walk 2 dogs, plus an additional $7 for brushing the 2 dogs after their walk. Let x represent the hours Ethan works. Let y represent the total he earns each day. Which number sentence best represents this situation?",26,7,0.96756357,0.2975276708602905,0:0.0046|1:0.0046|2:0.0046|3:0.0046|4:0.0046|5:0.0046|6:0.0046|7:0.9676
35,math_grade7_2014,math-grade7-2014.js,multiple-choice,Aidan's age is 6 years less than half of Maggie's age. Aidan's age is 4 years. What is Maggie's age?,12,7,0.93266857,0.5449082851409912,0:0.0096|1:0.0096|2:0.0096|3:0.0096|4:0.0096|5:0.0096|6:0.0096|7:0.9327
36,math_grade7_2014,math-grade7-2014.js,multiple-choice,What is the solution to -12x ≤ -72?,1,6,0.5622206,2.2178025245666504,0:0.0625|1:0.0626|2:0.0626|3:0.0626|4:0.0625|5:0.0625|6:0.5622|7:0.0625
37,math_grade7_2014,math-grade7-2014.js,multiple-choice,Which property is illustrated by this number sentence? (-1 • 7) + 3 = 3 + (-1 • 7),4,4,0.8247898,1.161362886428833,0:0.0250|1:0.0250|2:0.0250|3:0.0250|4:0.8248|5:0.0250|6:0.0250|7:0.0250
38,math_grade7_2014,math-grade7-2014.js,multiple-choice,Which graph represents the solution set to this inequality? x + 5,5,1,0.8539792,1.0097243785858154,0:0.0209|1:0.8540|2:0.0208|3:0.0209|4:0.0208|5:0.0209|6:0.0209|7:0.0209
39,math_grade7_2014,math-grade7-2014.js,multiple-choice,This stem-and-leaf plot shows the high temperatures for a city over 20 days. Which histogram represents the same set of data?,11,7,0.521163,1.428314208984375,0:0.0104|1:0.0104|2:0.0104|3:0.4163|4:0.0104|5:0.0104|6:0.0104|7:0.5212
40,math_grade7_2014,math-grade7-2014.js,multiple-choice,Marjorie bought 24 bottles of juice. Each day she opens and drinks 2 of these bottles of juice. Which of the following best represents the number of unopened bottles of juice Marjorie has at the end of d days?,19,7,0.9562131,0.3823186159133911,0:0.0063|1:0.0063|2:0.0063|3:0.0063|4:0.0063|5:0.0063|6:0.0063|7:0.9562
41,math_grade7_2014,math-grade7-2014.js,multiple-choice,"If n = 3, what is the value of (3 + n 4 ) ÷ 3?",1,6,0.5619532,2.218649387359619,0:0.0625|1:0.0626|2:0.0625|3:0.0625|4:0.0625|5:0.0627|6:0.5620|7:0.0626
42,math_grade7_2014,math-grade7-2014.js,multiple-choice,"This spinner has 6 sections of equal size. The arrow of this spinner was spun 60 times. On 45 out of 60 times, the arrow landed on a section labeled with a multiple of 4. What was the experimenal probability of the arrow landing on a section labeled with a multiple of 4?",21,6,0.9602122,0.35301753878593445,0:0.0057|1:0.0057|2:0.0057|3:0.0057|4:0.0057|5:0.0057|6:0.9602|7:0.0057
43,math_grade7_2014,math-grade7-2014.js,multiple-choice,What is the solution to x -4 = 10,1,6,0.5622382,2.2177467346191406,0:0.0625|1:0.0626|2:0.0626|3:0.0626|4:0.0625|5:0.0625|6:0.5622|7:0.0625
44,math_grade7_2014,math-grade7-2014.js,multiple-choice,"Which of the following is the algebraic form for the verbal statement shown? ""13 more than the product of 4 and a number, n""",8,1,0.9026467,0.7338535189628601,0:0.0139|1:0.9026|2:0.0139|3:0.0139|4:0.0139|5:0.0139|6:0.0139|7:0.0139
45,math_grade7_2014,math-grade7-2014.js,multiple-choice,"The table shows the results of 50 rolls of a fair number cube numbered 1 to 6. According to the data in the table, what was the experimental probability of rolling a 1?",14,7,0.9415823,0.48513028025627136,0:0.0083|1:0.0083|2:0.0083|3:0.0083|4:0.0083|5:0.0083|6:0.0084|7:0.9416
46,math_grade7_2014,math-grade7-2014.js,multiple-choice,"A spinner has sections labeled W, X, Y, and Z. The faces of a number cube are labeled 1, 2, 3, 4, 5, and 6. What is the total number of possible outcomes of 1 spin of the arrow on the spinner and 1 roll of the number cube?",17,3,0.54644215,1.3025091886520386,0:0.0070|1:0.0070|2:0.0070|3:0.5464|4:0.0069|5:0.0070|6:0.4118|7:0.0070
47,math_grade7_2014,math-grade7-2014.js,multiple-choice,Which value of k makes -5 > k + 11 true?,3,6,0.78109515,1.3727061748504639,0:0.0313|1:0.0313|2:0.0313|3:0.0313|4:0.0313|5:0.0313|6:0.7811|7:0.0313
48,math_grade7_2014,math-grade7-2014.js,multiple-choice,Which table contains only the points that lie on the line represented by y = 5 4 x - 3?,6,3,0.874765,0.8958032131195068,0:0.0179|1:0.0179|2:0.0179|3:0.8748|4:0.0179|5:0.0179|6:0.0179|7:0.0179
49,math_grade7_2014,math-grade7-2014.js,multiple-choice,What is the value of n that makes the following true? n + (-7) = -77,4,6,0.82478154,1.1614043712615967,0:0.0250|1:0.0251|2:0.0250|3:0.0250|4:0.0250|5:0.0250|6:0.8248|7:0.0250
50,math_grade7_2014,math-grade7-2014.js,multiple-choice,What is the solution to c - 14 < 16?,1,6,0.56222206,2.2177979946136475,0:0.0625|1:0.0626|2:0.0626|3:0.0626|4:0.0625|5:0.0625|6:0.5622|7:0.0625
1,math_grade7_practice_2023,math-grade7-practice-2023.js,multiple-choice,Samantha stated that 324 is a perfect square. Which factors could Samantha have used to justify her statement?,10,0,0.9203629,0.6244687438011169,0:0.9204|1:0.0114|2:0.0114|3:0.0114|4:0.0114|5:0.0114|6:0.0114|7:0.0114
2,math_grade7_practice_2023,math-grade7-practice-2023.js,multiple-choice,Which operation should be performed last when using the order of operations to simplify this expression? 20 − 6 2 • 2,8,1,0.9026614,0.7337664365768433,0:0.0139|1:0.9027|2:0.0139|3:0.0139|4:0.0139|5:0.0139|6:0.0139|7:0.0139
3,math_grade7_practice_2023,math-grade7-practice-2023.js,multiple-choice,Adam had 820 baseball cards. He gave 25% of the cards to his brother. How many cards did Adam give to his brother?,11,6,0.9270663,0.5815280079841614,0:0.0104|1:0.0104|2:0.0104|3:0.0104|4:0.0104|5:0.0104|6:0.9271|7:0.0104
4,math_grade7_practice_2023,math-grade7-practice-2023.js,multiple-choice,The table shows the number of different-colored roses sold at a flower shop. The shop owner will create a circle graph to represent the data. What percent of the circle should be used to represent the number of pink roses sold?,22,3,0.635939,1.1888848543167114,0:0.0054|1:0.0054|2:0.0054|3:0.6359|4:0.0054|5:0.3314|6:0.0054|7:0.0054
5,math_grade7_practice_2023,math-grade7-practice-2023.js,multiple-choice,A cylinder has a radius of 7 inches and a height of 20 inches. Which is closest to the surface area of this cylinder?,9,4,0.9124071,0.6742879748344421,0:0.0125|1:0.0125|2:0.0125|3:0.0125|4:0.9124|5:0.0125|6:0.0125|7:0.0125
6,math_grade7_practice_2023,math-grade7-practice-2023.js,multiple-choice,"The measurements of a rectangular prism are shown. If the height of this rectangular prism was multiplied by 1 2 , the surface area would —",11,5,0.92697877,0.5820950269699097,0:0.0104|1:0.0104|2:0.0104|3:0.0104|4:0.0104|5:0.9270|6:0.0104|7:0.0104
7,math_grade7_practice_2023,math-grade7-practice-2023.js,multiple-choice,Two similar triangles are shown. Which statement is NOT true?,6,1,0.8747087,0.8961185216903687,0:0.0179|1:0.8747|2:0.0179|3:0.0179|4:0.0179|5:0.0179|6:0.0179|7:0.0179
8,math_grade7_practice_2023,math-grade7-practice-2023.js,multiple-choice,Triangle STU is similar to triangle XYZ. Which proportion can be used to find m?,8,1,0.90273774,0.733305811882019,0:0.0139|1:0.9027|2:0.0139|3:0.0139|4:0.0139|5:0.0139|6:0.0139|7:0.0139
9,math_grade7_practice_2023,math-grade7-practice-2023.js,multiple-choice,Triangle PQR is dilated by a scale factor of 2 using the origin as the center of dilation. What appears to be the new coordinates of point R after this dilation?,14,3,0.76457757,1.0925102233886719,0:0.0084|1:0.1854|2:0.0083|3:0.7646|4:0.0083|5:0.0083|6:0.0083|7:0.0083
10,math_grade7_practice_2023,math-grade7-practice-2023.js,multiple-choice,"The distance, d, a spring stretches is directly proportional to the force, F, on the spring. The constant of proportionality is 0.25. Which equation represents this relationship?",12,2,0.9326261,0.5451882481575012,0:0.0096|1:0.0096|2:0.9326|3:0.0096|4:0.0096|5:0.0096|6:0.0096|7:0.0096
11,math_grade7_practice_2023,math-grade7-practice-2023.js,multiple-choice,"One brand of dog food is sold in 4-pound bags, 12-pound bags, and 24-pound bags. • A 4-pound bag costs $6.00. • A 12-pound bag costs $18.00. • A 24-pound bag costs $36.00. • All of the costs include tax. What is the slope of the linear equation that models the relationship between the number of pounds of dog food, x, and the cost in dollars, y?",34,5,0.9749715,0.23907464742660522,0:0.0036|1:0.0036|2:0.0036|3:0.0036|4:0.0036|5:0.9750|6:0.0036|7:0.0036
12,math_grade7_practice_2023,math-grade7-practice-2023.js,multiple-choice,The graph of a line is shown. Which statement best describes the slope of this line?,8,5,0.9025747,0.7342877388000488,0:0.0139|1:0.0139|2:0.0139|3:0.0139|4:0.0139|5:0.9026|6:0.0139|7:0.0139
13,math_grade7_practice_2023,math-grade7-practice-2023.js,multiple-choice,"A school club is selling T-shirts to raise money for a field trip. The club members — • purchase a pack of 24 T-shirts for $348 • sell each T-shirt for $19.00 Which equation best represents the total sales in dollars, y, of x T-shirts?",22,6,0.96191835,0.34033507108688354,0:0.0054|1:0.0054|2:0.0054|3:0.0054|4:0.0054|5:0.0054|6:0.9619|7:0.0054
14,math_grade7_practice_2023,math-grade7-practice-2023.js,multiple-choice,A school club is selling T-shirts to raise money for a field trip. The club members — • purchase a pack of 24 T-shirts for $348 • sell each T-shirt for $19.00 The T-shirt supplier sells T-shirts only in packages of 24. Which table best shows the amount the club will earn after paying for the T-shirt packages and selling the T-shirts?,31,5,0.9726319,0.25784832239151,0:0.0039|1:0.0039|2:0.0039|3:0.0039|4:0.0039|5:0.9726|6:0.0039|7:0.0039
15,math_grade7_practice_2023,math-grade7-practice-2023.js,multiple-choice,A school club is selling T-shirts to raise money for a field trip. The club members — • purchase a pack of 24 T-shirts for $348 • sell each T-shirt for $19.00 The club members decide to increase the price of the T-shirts. They will charge 5% more than the original amount. Which dollar value represents 5% of the original price?,29,6,0.970814,0.2722287178039551,0:0.0042|1:0.0042|2:0.0042|3:0.0042|4:0.0042|5:0.0042|6:0.9708|7:0.0042
16,math_grade7_practice_2023,math-grade7-practice-2023.js,multiple-choice,"If n = 3, what is the value of (3 + n 4 ) ÷ 3?",1,6,0.56197697,2.218574047088623,0:0.0625|1:0.0626|2:0.0625|3:0.0625|4:0.0625|5:0.0627|6:0.5620|7:0.0626
17,math_grade7_practice_2023,math-grade7-practice-2023.js,multiple-choice,What is the solution to the equation? d − 3.4 7 = 2.8,2,1,0.70806617,1.690767765045166,0:0.0417|1:0.7081|2:0.0417|3:0.0417|4:0.0417|5:0.0417|6:0.0418|7:0.0417
18,math_grade7_practice_2023,math-grade7-practice-2023.js,multiple-choice,Beatrice has 18 pencils. Beatrice has 2 more than 4 times the number of pencils Rick has. Exactly how many pencils does Rick have?,11,3,0.92704135,0.5816899538040161,0:0.0104|1:0.0104|2:0.0104|3:0.9270|4:0.0104|5:0.0104|6:0.0104|7:0.0104
19,math_grade7_practice_2023,math-grade7-practice-2023.js,multiple-choice,Which set of values contains only solutions to −3x < 15?,4,3,0.82472974,1.161665678024292,0:0.0250|1:0.0251|2:0.0250|3:0.8247|4:0.0250|5:0.0250|6:0.0251|7:0.0250
20,math_grade7_practice_2023,math-grade7-practice-2023.js,multiple-choice,"A spinner has 8 equal-sized sections. • 2 red • 1 yellow • 3 blue • 2 green A class spun the arrow on the spinner 20 times. The arrow landed on green 3 times. The class will spin the arrow on the spinner a total of 500 times. As the number of spins increases, the experimental probability of the arrow landing on green will most likely approach —",32,2,0.9734633,0.2512124478816986,0:0.0038|1:0.0038|2:0.9735|3:0.0038|4:0.0038|5:0.0038|6:0.0038|7:0.0038
21,math_grade7_practice_2023,math-grade7-practice-2023.js,multiple-choice,"A fair number cube has faces labeled 1, 2, 3, 4, 5, and 6. Wesley rolled this number cube 30 times. This table shows his results. Wesley compared the theoretical and experimental probabilities. Which statement correctly compares the theoretical and experimental probabilities that the number landing face-up is a multiple of 3?",28,6,0.9697813,0.28032249212265015,0:0.0043|1:0.0043|2:0.0043|3:0.0043|4:0.0043|5:0.0043|6:0.9698|7:0.0043
22,math_grade7_practice_2023,math-grade7-practice-2023.js,multiple-choice,Jason represented the values of his 35 baseball cards in a histogram and in a stem-and-leaf plot. Which statement best describes the graph Jason could use to find the median value of his 35 baseball cards?,20,6,0.95827574,0.3672775328159332,0:0.0060|1:0.0060|2:0.0060|3:0.0060|4:0.0060|5:0.0060|6:0.9583|7:0.0060
1,math_grade8_2014,math-grade8-2014.js,multiple-choice,What is the value of 4(6 + 2)²?,1,5,0.56187266,2.218904495239258,0:0.0625|1:0.0626|2:0.0625|3:0.0625|4:0.0625|5:0.5619|6:0.0627|7:0.0626
2,math_grade8_2014,math-grade8-2014.js,free-response,What is - 324 ?,0,0,0.125,3.0,0:0.1250|1:0.1250|2:0.1250|3:0.1250|4:0.1250|5:0.1250|6:0.1250|7:0.1250
3,math_grade8_2014,math-grade8-2014.js,multiple-choice,"If x = 2 and t = 4 , what is the value of 1 8 (x³ - 4)(t² + 8) ?",1,5,0.56185794,2.2189507484436035,0:0.0625|1:0.0626|2:0.0625|3:0.0625|4:0.0625|5:0.5619|6:0.0627|7:0.0626
4,math_grade8_2014,math-grade8-2014.js,multiple-choice,A food company reduced the amount of salt in one of their food products from 700 milligrams to 630 milligrams. What is the percent decrease in the amount of salt in this food product?,16,6,0.94850284,0.4372935891151428,0:0.0074|1:0.0074|2:0.0074|3:0.0074|4:0.0074|5:0.0074|6:0.9485|7:0.0074
5,math_grade8_2014,math-grade8-2014.js,multiple-choice,Which number is an irrational number?,3,0,0.7810283,1.3730167150497437,0:0.7810|1:0.0313|2:0.0313|3:0.0313|4:0.0313|5:0.0313|6:0.0313|7:0.0313
6,math_grade8_2014,math-grade8-2014.js,multiple-select,Identify each number between 1.7 × 10⁰ and 195%.,2,5,0.70781535,1.6917927265167236,0:0.0418|1:0.0417|2:0.0418|3:0.0418|4:0.0417|5:0.7078|6:0.0417|7:0.0417
7,math_grade8_2014,math-grade8-2014.js,multiple-choice,"Dora bought a total of 48 cupcakes. Each cupcake cost $0.55, including tax. Of the cupcakes she bought, 3 8 were vanilla cupcakes. What was the total cost of only the vanilla cupcakes?",16,0,0.9484973,0.43733254075050354,0:0.9485|1:0.0074|2:0.0074|3:0.0074|4:0.0074|5:0.0074|6:0.0074|7:0.0074
8,math_grade8_2014,math-grade8-2014.js,multiple-choice,Which list of numbers is ordered from greatest to least?,5,5,0.8540331,1.0094352960586548,0:0.0209|1:0.0208|2:0.0208|3:0.0208|4:0.0209|5:0.8540|6:0.0208|7:0.0209
9,math_grade8_2014,math-grade8-2014.js,multiple-choice,"Emil bought a camera for $268.26, including tax. He made a down payment of $12.00 and paid the balance in 6 equal monthly payments. What was Emil's monthly payment for this camera?",16,1,0.9484739,0.4374968409538269,0:0.0074|1:0.9485|2:0.0074|3:0.0074|4:0.0074|5:0.0074|6:0.0074|7:0.0074
10,math_grade8_2014,math-grade8-2014.js,multiple-choice,Which pair of numbers are both between 6 and 7?,2,6,0.70794153,1.691277265548706,0:0.0417|1:0.0417|2:0.0417|3:0.0417|4:0.0418|5:0.0417|6:0.7079|7:0.0417
11,math_grade8_2014,math-grade8-2014.js,free-response,Kyle caught 9 insects for his science project in the first week. He caught 13 insects in the second week. What is the percent increase in the number of insects Kyle caught from the first week to the second week? Round your answer to the nearest whole percent.,26,0,0.9675755,0.29743510484695435,0:0.9676|1:0.0046|2:0.0046|3:0.0046|4:0.0046|5:0.0046|6:0.0046|7:0.0046
12,math_grade8_2014,math-grade8-2014.js,multiple-choice,"Which number in this list is NOT an integer? 12 4 , -4², 25 , -4.8",3,2,0.7809536,1.3733630180358887,0:0.0313|1:0.0313|2:0.7810|3:0.0313|4:0.0313|5:0.0313|6:0.0313|7:0.0313
13,math_grade8_2014,math-grade8-2014.js,multiple-choice,Which statement best describes 50 ?,3,6,0.7810116,1.3730943202972412,0:0.0313|1:0.0313|2:0.0313|3:0.0313|4:0.0313|5:0.0313|6:0.7810|7:0.0313
14,math_grade8_2014,math-grade8-2014.js,multiple-choice,What is the value of 8 3 n³ when n = 3 2 ?,1,6,0.56195134,2.2186553478240967,0:0.0625|1:0.0626|2:0.0625|3:0.0625|4:0.0625|5:0.0627|6:0.5620|7:0.0626
15,math_grade8_2014,math-grade8-2014.js,multiple-choice,"For the rectangle shown, which equation can be used to find the value of x ?",6,1,0.87488556,0.8951267004013062,0:0.0179|1:0.8749|2:0.0179|3:0.0179|4:0.0179|5:0.0179|6:0.0179|7:0.0179
16,math_grade8_2014,math-grade8-2014.js,multiple-choice,What is the area of this polygon?,2,1,0.70815104,1.690421223640442,0:0.0417|1:0.7082|2:0.0417|3:0.0417|4:0.0417|5:0.0417|6:0.0417|7:0.0417
17,math_grade8_2014,math-grade8-2014.js,multiple-choice,Which grid shows only a translation of the shaded polygon to create the unshaded polygon?,8,1,0.90268826,0.7336041927337646,0:0.0139|1:0.9027|2:0.0139|3:0.0139|4:0.0139|5:0.0139|6:0.0139|7:0.0139
18,math_grade8_2014,math-grade8-2014.js,multiple-choice,Which of the following could be the measurements of two supplementary angles?,6,5,0.8748899,0.89510178565979,0:0.0179|1:0.0179|2:0.0179|3:0.0179|4:0.0179|5:0.8749|6:0.0179|7:0.0179
19,math_grade8_2014,math-grade8-2014.js,multiple-choice,Which number has a value between − 9 and π?,2,5,0.70771307,1.6922101974487305,0:0.0418|1:0.0417|2:0.0417|3:0.0418|4:0.0418|5:0.7077|6:0.0417|7:0.0418
20,math_grade8_2014,math-grade8-2014.js,multiple-choice,Josh has two rectangular prisms. The length of the second prism is 10 times the length of the first prism. The heights and widths of the two prisms are the same. Which best describes the volume of the second prism?,20,5,0.958261,0.36738574504852295,0:0.0060|1:0.0060|2:0.0060|3:0.0060|4:0.0060|5:0.9583|6:0.0060|7:0.0060
21,math_grade8_2014,math-grade8-2014.js,multiple-choice,This figure is formed by a square and an isosceles trapezoid. What is the perimeter of this figure?,7,2,0.8905105,0.8057501912117004,0:0.0156|1:0.0156|2:0.8905|3:0.0156|4:0.0156|5:0.0157|6:0.0156|7:0.0156
22,math_grade8_2014,math-grade8-2014.js,multiple-choice,The radius of the base of a cone is 6 inches. The height of the cone is 6 inches. Which is closest to the volume of the cone?,10,0,0.92036736,0.6244405508041382,0:0.9204|1:0.0114|2:0.0114|3:0.0114|4:0.0114|5:0.0114|6:0.0114|7:0.0114
23,math_grade8_2014,math-grade8-2014.js,multiple-choice,One piece of a stained glass is transformed three times. What transformation was used to create this section of the stained glass window?,14,2,0.9416072,0.4849608540534973,0:0.0083|1:0.0083|2:0.9416|3:0.0083|4:0.0083|5:0.0083|6:0.0083|7:0.0083
24,math_grade8_2014,math-grade8-2014.js,multiple-choice,A three-dimensional figure is constructed using identical cubes. Three views of this figure are shown. Which could be this three-dimensional figure?,11,1,0.9270099,0.5818932056427002,0:0.0104|1:0.9270|2:0.0104|3:0.0104|4:0.0104|5:0.0104|6:0.0104|7:0.0104
25,math_grade8_2014,math-grade8-2014.js,multiple-choice,"A wire connects the top of a flagpole to the ground as shown. Which is closest to the height, h , of the flagpole?",9,7,0.9124126,0.674254298210144,0:0.0125|1:0.0125|2:0.0125|3:0.0125|4:0.0125|5:0.0125|6:0.0125|7:0.9124
26,math_grade8_2014,math-grade8-2014.js,multiple-choice,Raymond needs to cover the entire surface of this square-based pyramid with paper. What is the minimum amount of paper he will need?,12,2,0.9326229,0.5452095866203308,0:0.0096|1:0.0096|2:0.9326|3:0.0096|4:0.0096|5:0.0096|6:0.0096|7:0.0096
27,math_grade8_2014,math-grade8-2014.js,multiple-select,Look at the angles. Identify each angle that is adjacent to Angle 2.,6,5,0.8749329,0.8948605060577393,0:0.0179|1:0.0179|2:0.0179|3:0.0179|4:0.0179|5:0.8749|6:0.0179|7:0.0179
28,math_grade8_2014,math-grade8-2014.js,multiple-select,Identify each three-dimensional figure that could be represented by these three views.,6,2,0.87485015,0.8953250646591187,0:0.0179|1:0.0179|2:0.8749|3:0.0179|4:0.0179|5:0.0179|6:0.0179|7:0.0179
29,math_grade8_2014,math-grade8-2014.js,multiple-choice,What is the solution of this equation? x = 5x + 6,2,1,0.708062,1.6907850503921509,0:0.0417|1:0.7081|2:0.0417|3:0.0417|4:0.0417|5:0.0417|6:0.0418|7:0.0417
30,math_grade8_2014,math-grade8-2014.js,multiple-choice,Which line appears to contain both ordered pairs shown in this table?,7,5,0.5761858,1.549160122871399,0:0.0156|1:0.0157|2:0.0156|3:0.0157|4:0.0156|5:0.5762|6:0.0156|7:0.3299
31,math_grade8_2014,math-grade8-2014.js,multiple-select,Identify each equation that illustrates the commutative property of multiplication.,6,6,0.87486905,0.895219087600708,0:0.0179|1:0.0179|2:0.0179|3:0.0179|4:0.0179|5:0.0179|6:0.8749|7:0.0179
32,math_grade8_2014,math-grade8-2014.js,multiple-choice,"The hourly wages of the 25 employees at a restaurant are shown. Based on the graph, what is the mean hourly wage of the 25 employees at this restaurant?",12,0,0.93264276,0.5450788736343384,0:0.9326|1:0.0096|2:0.0096|3:0.0096|4:0.0096|5:0.0096|6:0.0096|7:0.0096
33,math_grade8_2014,math-grade8-2014.js,multiple-choice,What value of x makes this equation true? 5x + 8 + 3x = 26 + 6x,4,6,0.8247864,1.1613802909851074,0:0.0250|1:0.0251|2:0.0250|3:0.0250|4:0.0250|5:0.0250|6:0.8248|7:0.0250
34,math_grade8_2014,math-grade8-2014.js,multiple-choice,Which line appears to be a graph of the equation shown? y = -2x - 1,5,1,0.8539584,1.0098357200622559,0:0.0209|1:0.8540|2:0.0209|3:0.0209|4:0.0209|5:0.0209|6:0.0208|7:0.0209
35,math_grade8_2014,math-grade8-2014.js,multiple-choice,Two fair coins are flipped at the same time. What is the probability that both display tails?,8,5,0.9026749,0.7336845397949219,0:0.0139|1:0.0139|2:0.0139|3:0.0139|4:0.0139|5:0.9027|6:0.0139|7:0.0139
36,math_grade8_2014,math-grade8-2014.js,multiple-choice,Which graph appears to contain all the ordered pairs in this relation?,6,7,0.8747986,0.8956143260002136,0:0.0179|1:0.0179|2:0.0179|3:0.0179|4:0.0179|5:0.0179|6:0.0179|7:0.8748
37,math_grade8_2014,math-grade8-2014.js,multiple-choice,Which graph best represents the solution to 7 8 ≥ 1 4 x + 1 2 ?,4,1,0.8248219,1.1612014770507812,0:0.0250|1:0.8248|2:0.0250|3:0.0250|4:0.0250|5:0.0250|6:0.0250|7:0.0250
38,math_grade8_2014,math-grade8-2014.js,multiple-choice,Which of these best describes the relationship of the data shown on this scatterplot?,6,7,0.8748261,0.8954601287841797,0:0.0179|1:0.0179|2:0.0179|3:0.0179|4:0.0179|5:0.0179|6:0.0179|7:0.8748
39,math_grade8_2014,math-grade8-2014.js,multiple-choice,What is the solution to n + 4 2 - 3 = 13 ?,1,6,0.56223977,2.2177417278289795,0:0.0625|1:0.0626|2:0.0626|3:0.0626|4:0.0625|5:0.0625|6:0.5622|7:0.0625
40,math_grade8_2014,math-grade8-2014.js,multiple-choice,"The graph shows Anna's height on each of her last five birthdays. Based on the graph, between which two consecutive years was the increase in Anna's height the greatest?",16,4,0.9484856,0.43741461634635925,0:0.0074|1:0.0074|2:0.0074|3:0.0074|4:0.9485|5:0.0074|6:0.0074|7:0.0074
41,math_grade8_2014,math-grade8-2014.js,multiple-choice,Which best represents y = x - 1 ?,2,1,0.70798993,1.6910793781280518,0:0.0417|1:0.7080|2:0.0417|3:0.0417|4:0.0417|5:0.0417|6:0.0417|7:0.0418
42,math_grade8_2014,math-grade8-2014.js,multiple-choice,What is the range of this relation?,2,6,0.7082735,1.6899209022521973,0:0.0417|1:0.0417|2:0.0417|3:0.0417|4:0.0417|5:0.0417|6:0.7083|7:0.0417
43,math_grade8_2014,math-grade8-2014.js,multiple-choice,What is the solution of this inequality? 1.6 ≥ 0.8x + 4,2,6,0.70810944,1.6905910968780518,0:0.0417|1:0.0418|2:0.0417|3:0.0417|4:0.0417|5:0.0417|6:0.7081|7:0.0417
44,math_grade8_2014,math-grade8-2014.js,multiple-choice,"Which is the greatest value in the range of y = -5x + 3 for the domain {-2, 0, 1, 3}?",4,6,0.82485867,1.1610157489776611,0:0.0250|1:0.0250|2:0.0250|3:0.0250|4:0.0250|5:0.0250|6:0.8249|7:0.0250
45,math_grade8_2014,math-grade8-2014.js,multiple-choice,Which table contains only points that lie on the line represented by y = 2x 3 - 6,6,3,0.8747663,0.8957957029342651,0:0.0179|1:0.0179|2:0.0179|3:0.8748|4:0.0179|5:0.0179|6:0.0179|7:0.0179
46,math_grade8_2014,math-grade8-2014.js,multiple-choice,"The graph shows the number of text messages two students sent each day for 4 days. Based on the graph, which statement is true?",14,4,0.94158715,0.48509737849235535,0:0.0083|1:0.0083|2:0.0083|3:0.0083|4:0.9416|5:0.0083|6:0.0083|7:0.0083
47,math_grade8_2014,math-grade8-2014.js,multiple-choice,The scatterplot shows the relationship between Marvin's age and the time it took him to run a mile. Which statement best describes the relationship between Marvin's age and the time it takes him to run a mile?,19,6,0.95620596,0.3823704719543457,0:0.0063|1:0.0063|2:0.0063|3:0.0063|4:0.0063|5:0.0063|6:0.9562|7:0.0063
48,math_grade8_2014,math-grade8-2014.js,multiple-choice,"Which relation has a domain of {3, 5, 8}",2,6,0.7082458,1.690034031867981,0:0.0417|1:0.0417|2:0.0417|3:0.0417|4:0.0417|5:0.0417|6:0.7082|7:0.0417
49,math_grade8_2014,math-grade8-2014.js,multiple-choice,What value of p makes this equation true? 2 p = − 3 ( p + 2 ) 4,4,6,0.82477975,1.161413550376892,0:0.0250|1:0.0251|2:0.0250|3:0.0250|4:0.0250|5:0.0250|6:0.8248|7:0.0250
50,math_grade8_2014,math-grade8-2014.js,multiple-choice,A box contains 9 new light bulbs and 6 used light bulbs. Each light bulb is the same size and shape. Meredith will randomly select 2 light bulbs from the box without replacement. What is the probability Meredith will select a new light bulb and then a used light bulb?,29,6,0.97080606,0.27229082584381104,0:0.0042|1:0.0042|2:0.0042|3:0.0042|4:0.0042|5:0.0042|6:0.9708|7:0.0042
1,math_grade8_practice_2023,math-grade8-practice-2023.js,multiple-choice,Two friends went out to dinner. The total bill was $38.90 before tax and tip. • The tax rate was 5.5%. • They wanted to tip 20% on the total before tax. Which expression could NOT be used to estimate the total cost including tax and tip?,23,3,0.9635122,0.32838499546051025,0:0.0052|1:0.0052|2:0.0052|3:0.9635|4:0.0052|5:0.0052|6:0.0052|7:0.0052
2,math_grade8_practice_2023,math-grade8-practice-2023.js,multiple-choice,The original price of a holiday decoration was $28. The price decreased to $0.60 after the holiday was over. Which is closest to the percent decrease in the holiday decoration price?,13,3,0.9374577,0.513034462928772,0:0.0089|1:0.0089|2:0.0089|3:0.9375|4:0.0089|5:0.0089|6:0.0089|7:0.0089
3,math_grade8_practice_2023,math-grade8-practice-2023.js,multiple-choice,Which number has a value between − 9 and π?,2,5,0.7077134,1.6922087669372559,0:0.0418|1:0.0417|2:0.0417|3:0.0418|4:0.0418|5:0.7077|6:0.0417|7:0.0418
4,math_grade8_practice_2023,math-grade8-practice-2023.js,multiple-choice,Look at these angles. Which two angles are complementary?,5,4,0.8539896,1.0096688270568848,0:0.0209|1:0.0209|2:0.0208|3:0.0208|4:0.8540|5:0.0209|6:0.0208|7:0.0209
5,math_grade8_practice_2023,math-grade8-practice-2023.js,multiple-choice,Angle C and angle D are supplementary. The measure of angle D is 72°. What is the measure of angle C?,7,5,0.8905618,0.8054507970809937,0:0.0156|1:0.0156|2:0.0156|3:0.0156|4:0.0156|5:0.8906|6:0.0156|7:0.0156
6,math_grade8_practice_2023,math-grade8-practice-2023.js,multiple-choice,A student made the square-based pyramid shown. What is the area of the base of this pyramid?,8,4,0.65138125,1.425126314163208,0:0.0139|1:0.2652|2:0.0139|3:0.0139|4:0.6514|5:0.0139|6:0.0139|7:0.0139
7,math_grade8_practice_2023,math-grade8-practice-2023.js,multiple-choice,Trapezoid MNPQ is graphed on the coordinate plane. Trapezoid MNPQ will be translated 3 units to the left and 2 units down. Which of these best represents the coordinates of N′?,14,0,0.9415942,0.48504966497421265,0:0.9416|1:0.0084|2:0.0083|3:0.0083|4:0.0083|5:0.0083|6:0.0083|7:0.0084
8,math_grade8_practice_2023,math-grade8-practice-2023.js,multiple-choice,Each model shown consists of three squares and a triangle. The areas of the squares are given in square centimeters. For which model could the Pythagorean Theorem be used to prove that the triangle is a right triangle? Note: Models are not drawn to scale.,24,0,0.9649546,0.3174794316291809,0:0.9650|1:0.0050|2:0.0050|3:0.0050|4:0.0050|5:0.0050|6:0.0050|7:0.0050
9,math_grade8_practice_2023,math-grade8-practice-2023.js,multiple-choice,A composite figure is shown. What is the area of this figure?,5,1,0.85403454,1.0094282627105713,0:0.0209|1:0.8540|2:0.0209|3:0.0208|4:0.0209|5:0.0208|6:0.0209|7:0.0208
10,math_grade8_practice_2023,math-grade8-practice-2023.js,multiple-choice,A rectangle as shown has a length of 0.9 centimeters and a width of 0.4 cm. A circle is drawn inside that touches the rectangle at two points. Which is closest to the area of the shaded region in the rectangle?,17,5,0.9513349,0.41731885075569153,0:0.0070|1:0.0070|2:0.0069|3:0.0070|4:0.0070|5:0.9513|6:0.0069|7:0.0070
11,math_grade8_practice_2023,math-grade8-practice-2023.js,multiple-choice,Leslie built a walkway around a rectangular garden as shown. The walkway is the same width on all sides of the garden. What is the perimeter of this garden?,13,0,0.93743104,0.5132131576538086,0:0.9374|1:0.0089|2:0.0089|3:0.0089|4:0.0089|5:0.0089|6:0.0089|7:0.0089
12,math_grade8_practice_2023,math-grade8-practice-2023.js,multiple-choice,"Which set has a domain of {2, 3} and a range of {5, 8}?",3,6,0.7810256,1.373029351234436,0:0.0313|1:0.0313|2:0.0313|3:0.0313|4:0.0313|5:0.0313|6:0.7810|7:0.0313
13,math_grade8_practice_2023,math-grade8-practice-2023.js,multiple-choice,"Some students are selling candy bars to raise money to purchase new gym equipment. The more candy bars they sell, the more money they raise. Which of these is the independent variable in this situation?",18,5,0.9539236,0.3988431692123413,0:0.0066|1:0.0066|2:0.0066|3:0.0066|4:0.0066|5:0.9539|6:0.0066|7:0.0066
14,math_grade8_practice_2023,math-grade8-practice-2023.js,multiple-choice,A line contains the points represented by this table of values. This line has a y-intercept of —,8,0,0.90261495,0.7340457439422607,0:0.9026|1:0.0139|2:0.0139|3:0.0139|4:0.0139|5:0.0139|6:0.0139|7:0.0139
15,math_grade8_practice_2023,math-grade8-practice-2023.js,multiple-choice,Which graph appears to contain all the ordered pairs in this table?,6,7,0.8747972,0.8956218361854553,0:0.0179|1:0.0179|2:0.0179|3:0.0179|4:0.0179|5:0.0179|6:0.0179|7:0.8748
16,math_grade8_practice_2023,math-grade8-practice-2023.js,multiple-choice,"Aaron has 5 ounces of water in a container. He adds 2.6 ounces of water each minute. Which table of values represents the number of ounces of water in the container, y, after x minutes?",16,0,0.94848895,0.4373916685581207,0:0.9485|1:0.0074|2:0.0074|3:0.0074|4:0.0074|5:0.0074|6:0.0074|7:0.0074
17,math_grade8_practice_2023,math-grade8-practice-2023.js,multiple-choice,Which equation represents all the values in the table?,4,1,0.82480973,1.1612626314163208,0:0.0250|1:0.8248|2:0.0250|3:0.0250|4:0.0250|5:0.0250|6:0.0250|7:0.0250
18,math_grade8_practice_2023,math-grade8-practice-2023.js,multiple-choice,What value of p makes this equation true? 2 p = − 3 ( p + 2 ) 4,4,6,0.82478285,1.1613980531692505,0:0.0250|1:0.0251|2:0.0250|3:0.0250|4:0.0250|5:0.0250|6:0.8248|7:0.0250
19,math_grade8_practice_2023,math-grade8-practice-2023.js,multiple-choice,The math club had $200 to buy supplies for t-shirt decorating. • They spent $10 for the first t-shirt and $8 for each additional t-shirt. • They purchased y t-shirts. Which inequality best represents this situation?,17,5,0.95134795,0.41722601652145386,0:0.0070|1:0.0070|2:0.0069|3:0.0069|4:0.0069|5:0.9513|6:0.0070|7:0.0070
20,math_grade8_practice_2023,math-grade8-practice-2023.js,multiple-choice,Greta has 2 bags of tiles that are all the same size and shape. • Bag A has 1 blue tile and 3 green tiles. • Bag B has 2 yellow tiles and 4 black tiles. Which of these best describes dependent events?,19,4,0.95622325,0.3822456896305084,0:0.0063|1:0.0063|2:0.0063|3:0.0063|4:0.9562|5:0.0063|6:0.0063|7:0.0063
21,math_grade8_practice_2023,math-grade8-practice-2023.js,multiple-choice,"A spinner has four equal sections labeled W, X, Y, and Z. A fair coin has faces labeled heads and tails. Edward will spin the arrow of the spinner and flip the coin one time each. What is the probability the arrow will land on the section labeled Z and the coin will land with heads face-up?",28,5,0.68453425,1.0954861640930176,0:0.0043|1:0.0043|2:0.0043|3:0.0043|4:0.0043|5:0.6845|6:0.2896|7:0.0043
22,math_grade8_practice_2023,math-grade8-practice-2023.js,multiple-choice,"Stella has some colored cards that are the same size and shape. • The probability of randomly selecting a blue card is 20%. • The probability of randomly selecting a red card is 30%. What is the probability Stella will randomly select a card that is NOT blue, replace it, then randomly select a card that is red?",26,4,0.9675749,0.2974401116371155,0:0.0046|1:0.0046|2:0.0046|3:0.0046|4:0.9676|5:0.0046|6:0.0046|7:0.0046
23,math_grade8_practice_2023,math-grade8-practice-2023.js,multiple-choice,"Emma is on the school golf team. Her scores from 15 practice rounds are shown. 93, 95, 102, 107, 107, 108, 111, 113, 114, 114, 115, 118, 120, 120, 125 From the sample scores collected, can you perform a non-biased statistical analysis for the school golf team?",18,5,0.95388484,0.3991212546825409,0:0.0066|1:0.0066|2:0.0066|3:0.0066|4:0.0066|5:0.9539|6:0.0066|7:0.0066
24,math_grade8_practice_2023,math-grade8-practice-2023.js,multiple-choice,A baker recorded the number of batches of cookies he made on each of seven days. He baked a different number of batches of cookies each day. This boxplot summarizes his data. The baker baked 30 batches of cookies on the eighth day. He redraws the boxplot to include the additional data. Which statement comparing the new boxplot to the original boxplot is NOT true?,35,1,0.9756586,0.23350219428539276,0:0.0035|1:0.9757|2:0.0035|3:0.0035|4:0.0035|5:0.0035|6:0.0035|7:0.0035
25,math_grade8_practice_2023,math-grade8-practice-2023.js,multiple-choice,The number of points scored by four basketball players during each of 20 games is summarized in these boxplots. Which player scored 10 or more points in the greatest number of games?,15,4,0.94527835,0.4597485363483429,0:0.0078|1:0.0078|2:0.0078|3:0.0078|4:0.9453|5:0.0078|6:0.0078|7:0.0078
26,math_grade8_practice_2023,math-grade8-practice-2023.js,multiple-choice,The number of points scored by two basketball teams is summarized in these boxplots. • Team A scored a different number of points in each of the team's 14 games. • Team B scored a different number of points in each of the team's 13 games. What is the total number of games in which Team A and Team B each scored 55 or more points?,29,4,0.9708111,0.2722508907318115,0:0.0042|1:0.0042|2:0.0042|3:0.0042|4:0.9708|5:0.0042|6:0.0042|7:0.0042
27,math_grade8_practice_2023,math-grade8-practice-2023.js,multiple-choice,"A student will collect data about fertilizer and its effect on grass. The student will create a scatterplot to display the amount of fertilizer used and the height of grass after 2 weeks. To create this scatterplot, the student does NOT need to include —",21,7,0.96017104,0.35332146286964417,0:0.0057|1:0.0057|2:0.0057|3:0.0057|4:0.0057|5:0.0057|6:0.0057|7:0.9602
28,math_grade8_practice_2023,math-grade8-practice-2023.js,multiple-choice,Which scatterplot shows data with a negative relationship?,5,7,0.854017,1.0095216035842896,0:0.0209|1:0.0209|2:0.0208|3:0.0209|4:0.0209|5:0.0209|6:0.0208|7:0.8540
