qid,test_id,source_file,type,question_text,dominant_topic,dominant_topic_probability,topic_entropy_bits,topic_distribution
1,math_algebra1_2014,math-algebra1-2014.js,multiple-choice,"Look at the graphed function shown. Based on the zeros, which best represents the graphed function?",4,0.3486678736908252,2.7613307568583085,0:0.0950|1:0.0923|2:0.0925|3:0.0924|4:0.3487|5:0.0944|6:0.0924|7:0.0923
2,math_algebra1_2014,math-algebra1-2014.js,multiple-choice,"Travis would like to buy some toys to donate to charity. He plans to buy 9 dolls at d dollars each, 2 toy cars at c dollars each, and 3 train sets at t dollars each. Which expression represents the total cost, in dollars, of these items that Travis wants to buy?",7,0.20019673011539846,2.956512354907602,0:0.1057|1:0.1031|2:0.1135|3:0.1032|4:0.1518|5:0.1195|6:0.1031|7:0.2002
3,math_algebra1_2014,math-algebra1-2014.js,multiple-choice,Which expression is equivalent to 18 c 8 d 9 9 c 3 d 6 ? Assume the denominator does not equal zero.,7,0.34133664025482724,2.7745295945086608,0:0.0945|1:0.0929|2:0.0919|3:0.0919|4:0.1025|5:0.0930|6:0.0919|7:0.3413
4,math_algebra1_2014,math-algebra1-2014.js,multiple-select,Identify each expression that is a factor of this polynomial. 4 x 2 - 2 x - 2,7,0.23370155158623218,2.932773892267388,0:0.1049|1:0.1245|2:0.1068|3:0.1066|4:0.1188|5:0.1025|6:0.1021|7:0.2337
5,math_algebra1_2014,math-algebra1-2014.js,multiple-choice,Look at this key. Which model correctly represents the product of ( x + 3 ) and ( x + 4 ) ?,7,0.25341976674908634,2.903782535819171,0:0.1012|1:0.1006|2:0.1006|3:0.1006|4:0.1016|5:0.1414|6:0.1007|7:0.2534
6,math_algebra1_2014,math-algebra1-2014.js,multiple-choice,What is 18 written in simplest radical form?,1,0.19434283225855475,2.9670679937289215,0:0.1099|1:0.1943|2:0.1099|3:0.1099|4:0.1126|5:0.1110|6:0.1099|7:0.1424
7,math_algebra1_2014,math-algebra1-2014.js,multiple-choice,Which binomial is a factor of c 2 - 12 c + 32 ?,1,0.15046466740869305,2.995488693289973,0:0.1264|1:0.1505|2:0.1192|3:0.1198|4:0.1268|5:0.1186|6:0.1189|7:0.1199
8,math_algebra1_2014,math-algebra1-2014.js,multiple-choice,What is the value of this expression when x = 2 3 ? x 2 + 3 x - 2,2,0.3028230386850169,2.747575877958517,0:0.0798|1:0.0797|2:0.3028|3:0.0797|4:0.0798|5:0.0800|6:0.0797|7:0.2184
9,math_algebra1_2014,math-algebra1-2014.js,multiple-choice,Which expression is equivalent to ( 3 x -4 ) 2 ( 5 x -2 ) ?,7,0.3973705819768269,2.661178305638865,0:0.0859|1:0.0859|2:0.0870|3:0.0859|4:0.0859|5:0.0859|6:0.0859|7:0.3974
10,math_algebra1_2014,math-algebra1-2014.js,multiple-choice,Which polynomial is equivalent to 18 n 2 - 9 n + 1 3 n - 1 ? Assume the divisor is not equal to zero.,7,0.27875663146239876,2.876916876653916,0:0.1006|1:0.1100|2:0.0991|3:0.0991|4:0.1140|5:0.0994|6:0.0991|7:0.2788
11,math_algebra1_2014,math-algebra1-2014.js,free-response,What is the value of this expression when a = 64 and b = - 5 ? - 2 a 3 + b 2,2,0.3028230386850169,2.747575877958517,0:0.0798|1:0.0797|2:0.3028|3:0.0797|4:0.0798|5:0.0800|6:0.0797|7:0.2184
12,math_algebra1_2014,math-algebra1-2014.js,multiple-choice,"When n > 0 , which expression is equivalent to 42 n 9 in simplest form?",7,0.3137709115903288,2.810296236951449,0:0.0909|1:0.1400|2:0.0913|3:0.0909|4:0.0909|5:0.0913|6:0.0909|7:0.3138
13,math_algebra1_2014,math-algebra1-2014.js,multiple-choice,Look at the system of equations. y = - x + 2 7 x + 4 y = - 1 What is the value of x for the solution to this system of equations?,0,0.21007386116243937,2.9276054077787004,0:0.2101|1:0.1077|2:0.1757|3:0.0945|4:0.0948|5:0.0945|6:0.1268|7:0.0959
14,math_algebra1_2014,math-algebra1-2014.js,multiple-choice,Pierre solved an inequality as shown. Step 1: - 8 ≥ n + 3 Step 2: - 8 + ( - 3 ) ≥ n + 3 + ( - 3 ) Step 3: - 11 ≥ n + 0 Step 4: - 11 ≥ n What property justifies the work between Step 3 and Step 4?,0,0.22892205680298922,2.9371519995337856,0:0.2289|1:0.1046|2:0.1048|3:0.1069|4:0.1143|5:0.1311|6:0.1047|7:0.1047
15,math_algebra1_2014,math-algebra1-2014.js,multiple-choice,Which property of real numbers justifies the work shown? 13 x - 1 = ( 12 x + 15 ) + 7 x 13 x - 1 = 7 x + ( 12 x + 15 ),0,0.21762044674639067,2.941840375568619,0:0.2176|1:0.1014|2:0.1016|3:0.1036|4:0.1400|5:0.1319|6:0.1015|7:0.1023
16,math_algebra1_2014,math-algebra1-2014.js,multiple-choice,What is the slope of the line represented by 1 8 x + 3 y = 3 ?,5,0.364804120627075,2.7258025050099333,0:0.0871|1:0.0871|2:0.0871|3:0.0871|4:0.0874|5:0.3648|6:0.0875|7:0.1122
17,math_algebra1_2014,math-algebra1-2014.js,free-response,Solve for x: - 2 x + 6 x - 6,0,0.125,3.0,0:0.1250|1:0.1250|2:0.1250|3:0.1250|4:0.1250|5:0.1250|6:0.1250|7:0.1250
18,math_algebra1_2014,math-algebra1-2014.js,multiple-choice,Which graph best models y ≤ 2 7 x - 2 ?,4,0.2788549878644943,2.8781393359356384,0:0.1036|1:0.1007|2:0.1007|3:0.1007|4:0.2789|5:0.1074|6:0.1043|7:0.1036
19,math_algebra1_2014,math-algebra1-2014.js,multiple-choice,Which inequality represents all the solutions of 9 ( 4 x - 8 ) 4 ( 6 x + 9 ) ?,5,0.17900845229823079,2.9805904420206657,0:0.1339|1:0.1133|2:0.1133|3:0.1133|4:0.1141|5:0.1790|6:0.1199|7:0.1133
20,math_algebra1_2014,math-algebra1-2014.js,multiple-choice,"A total of 243 adults and children are at a movie theater. There are 109 more adults than children in the theater. If a represents the number of adults and b represents the number of children, which system of equations could be used to find the number of adults and the number of children in the theater?",4,0.33555348303962507,2.778339900826973,0:0.0999|1:0.0879|2:0.1213|3:0.0850|4:0.3356|5:0.0873|6:0.0981|7:0.0850
21,math_algebra1_2014,math-algebra1-2014.js,multiple-select,"A system of inequalities is shown. y > 1 2 x + 1 y + 3 x ≤ 6 From the given points, select each point that is a solution to this system of inequalities.",0,0.230920352253496,2.8715940231656205,0:0.2309|1:0.0898|2:0.0887|3:0.0885|4:0.0880|5:0.1168|6:0.2091|7:0.0882
22,math_algebra1_2014,math-algebra1-2014.js,multiple-choice,The graph of line n is shown. Which number is closest in value to the slope of line n?,5,0.29627912684600594,2.743717479757347,0:0.0755|1:0.0713|2:0.2162|3:0.0714|4:0.1265|5:0.2963|6:0.0714|7:0.0714
23,math_algebra1_2014,math-algebra1-2014.js,multiple-choice,"The formula shown can be used to find A, the amount of money Raul has in his savings account. A = P + P r t Raul wants to find r, the rate of interest his money earns. Which equation is correctly solved for r?",5,0.18321948380867384,2.9576060012844962,0:0.1492|1:0.1002|2:0.1576|3:0.1004|4:0.1061|5:0.1832|6:0.1005|7:0.1028
24,math_algebra1_2014,math-algebra1-2014.js,multiple-choice,What are the real roots of x 2 - 7 x + 10 = 0 ?,4,0.14251105374725487,2.996495620206516,0:0.1369|1:0.1204|2:0.1182|3:0.1182|4:0.1425|5:0.1210|6:0.1182|7:0.1244
25,math_algebra1_2014,math-algebra1-2014.js,multiple-choice,A data set with an even number of data points is ordered from least to greatest. The middle two data points are represented by x₁ and x₂. This formula can be used to find the median of the data set. m = x 1 + x 2 2 Which shows this formula solved for x₁?,7,0.32430278343878854,2.791723521776972,0:0.0831|1:0.0830|2:0.1017|3:0.0830|4:0.1181|5:0.1237|6:0.0830|7:0.3243
26,math_algebra1_2014,math-algebra1-2014.js,multiple-choice,"Which equation represents the horizontal line passing through (7, 5)?",5,0.4458941266614125,2.5471084628189082,0:0.0792|1:0.0792|2:0.0792|3:0.0792|4:0.0792|5:0.4459|6:0.0792|7:0.0792
27,math_algebra1_2014,math-algebra1-2014.js,multiple-choice,The graph of y = x 2 - 2 x - 8 is shown. What are the solutions to x 2 - 2 x - 8 = 0 ?,0,0.22356877123511715,2.8929998774905696,0:0.2236|1:0.0935|2:0.0936|3:0.0946|4:0.2022|5:0.0970|6:0.1020|7:0.0935
28,math_algebra1_2014,math-algebra1-2014.js,multiple-choice,What value of p will make this equation true? 6 p + 4 6 = 4 p - 8 3,2,0.21856186157090218,2.852004109957476,0:0.0801|1:0.0801|2:0.2186|3:0.1814|4:0.0825|5:0.1971|6:0.0801|7:0.0801
29,math_algebra1_2014,math-algebra1-2014.js,free-response,What is the slope of the line represented by this equation? 3 x + 5 y = - 7,5,0.41794122237848025,2.612237977095506,0:0.0805|1:0.0805|2:0.0805|3:0.0805|4:0.0807|5:0.4179|6:0.0809|7:0.0986
30,math_algebra1_2014,math-algebra1-2014.js,multiple-choice,"The length, l, of a rectangle is 3 times its width. The perimeter of the rectangle is greater than 48 centimeters. Which inequality expresses all the possible lengths, in centimeters, of the rectangle?",0,0.19641174753459623,2.965194262792509,0:0.1964|1:0.1073|2:0.1240|3:0.1112|4:0.1072|5:0.1059|6:0.1389|7:0.1091
31,math_algebra1_2014,math-algebra1-2014.js,multiple-choice,"These box-and-whisker plots summarize the percent of the workforce employed in agriculture, industry, and service jobs in twenty towns. Which statement is NOT true?",3,0.3361056014243892,2.784830396551595,0:0.0948|1:0.0948|2:0.0948|3:0.3361|4:0.0948|5:0.0948|6:0.0948|7:0.0948
32,math_algebra1_2014,math-algebra1-2014.js,multiple-select,"Using the ordered pairs shown, create a relation containing three ordered pairs with a domain of {-1, 2, 4}.",4,0.17512282896358244,2.9705402707964073,0:0.1635|1:0.1073|2:0.1200|3:0.1056|4:0.1751|5:0.1126|6:0.1095|7:0.1063
33,math_algebra1_2014,math-algebra1-2014.js,multiple-choice,"This relation is an inverse variation. {(-1, 8), (4, -2), (-2, 4)} Which equation represents this relation?",5,0.2821201552014527,2.8733698235817844,0:0.1012|1:0.1079|2:0.1011|3:0.1011|4:0.1044|5:0.2821|6:0.1011|7:0.1011
34,math_algebra1_2014,math-algebra1-2014.js,multiple-choice,Which equation represents the pattern shown in the table?,5,0.2705595349072849,2.828849990112073,0:0.1995|1:0.0866|2:0.0867|3:0.0867|4:0.0966|5:0.2706|6:0.0866|7:0.0867
35,math_algebra1_2014,math-algebra1-2014.js,multiple-choice,The graph of the equation representing a direct variation passes through point A. Locate one additional point that is on the graph of this equation.,5,0.32180934595360583,2.7768215139351318,0:0.0867|1:0.0850|2:0.0850|3:0.0850|4:0.0863|5:0.3218|6:0.1639|7:0.0863
36,math_algebra1_2014,math-algebra1-2014.js,multiple-choice,Look at the data in this table. Which equation most closely represents the line of best fit for this data?,5,0.4292124716593087,2.5878953782856087,0:0.0815|1:0.0815|2:0.0815|3:0.0815|4:0.0816|5:0.4292|6:0.0815|7:0.0818
37,math_algebra1_2014,math-algebra1-2014.js,multiple-choice,What is the range of this relation?,4,0.2149782612263612,2.9528278012100695,0:0.1088|1:0.1282|2:0.1094|3:0.1110|4:0.2150|5:0.1092|6:0.1086|7:0.1098
38,math_algebra1_2014,math-algebra1-2014.js,multiple-choice,Katie recorded the number of miles she drove for each of 9 days. She drove a different number of miles each day. This box-and-whisker plot summarizes her information. Katie drove 30 miles on each of two additional days. She redrew the box-and-whisker plot to include this data. Which statement must be true?,4,0.2621967278191324,2.8715803557666457,0:0.0932|1:0.0930|2:0.0930|3:0.1706|4:0.2622|5:0.0935|6:0.0999|7:0.0946
39,math_algebra1_2014,math-algebra1-2014.js,multiple-choice,"Two relationships are described. Relationship S: Karen drove 160 miles in 4 hours, and then she drove 80 miles in 2 hours. Relationship T: Vernon cooked 6 hamburgers in 10 minutes, and then he cooked 9 hamburgers in 15 minutes. Which statement is true about these relationships?",3,0.21200164103862768,2.952660785263955,0:0.1099|1:0.1034|2:0.1027|3:0.2120|4:0.1255|5:0.1136|6:0.1026|7:0.1302
40,math_algebra1_2014,math-algebra1-2014.js,point-select,Identify the y-intercept of the relation shown.,0,0.1963833697744132,2.937263502480257,0:0.1964|1:0.1062|2:0.0987|3:0.1059|4:0.1868|5:0.1012|6:0.0986|7:0.1063
41,math_algebra1_2014,math-algebra1-2014.js,multiple-choice,What is f(-8) for the function f? f ( x ) = 11 ( x - 24 ) 2,4,0.4075989406663323,2.638302507382699,0:0.0846|1:0.0846|2:0.0846|3:0.0846|4:0.4076|5:0.0847|6:0.0846|7:0.0846
42,math_algebra1_2014,math-algebra1-2014.js,multiple-choice,"The number of complaints a company received at the end of each of six weeks is shown in this table. Based on the line of best fit, how many complaints should the company expect at the end of week 8?",5,0.19523970499946228,2.949349422642147,0:0.1301|1:0.1400|2:0.0960|3:0.0960|4:0.1512|5:0.1952|6:0.0957|7:0.0959
43,math_algebra1_2014,math-algebra1-2014.js,multiple-choice,The table shows the relationship between corresponding values of x and y. To determine the y-value —,7,0.19613597202069527,2.9603906339612305,0:0.1058|1:0.1114|2:0.1083|3:0.1025|4:0.1244|5:0.1497|6:0.1018|7:0.1961
44,math_algebra1_2014,math-algebra1-2014.js,multiple-choice,Which relation is a function?,4,0.36615161092176146,2.726935336056218,0:0.0898|1:0.0949|2:0.0898|3:0.0898|4:0.3662|5:0.0899|6:0.0898|7:0.0898
45,math_algebra1_2014,math-algebra1-2014.js,multiple-choice,The manager of a company recorded the number of hours his employees worked during each of two weeks. The following statistics were calculated. • Week 1: The mean was 35 hours with a standard deviation of 1.5 hours. • Week 2: The mean was 40 hours with a standard deviation of 2.0 hours. The manager concluded that there was more variation in the number of hours worked for Week 2 than for Week 1. The manager's conclusion was —,4,0.19743778926599947,2.963890576273015,0:0.1129|1:0.1436|2:0.1079|3:0.1087|4:0.1974|5:0.1085|6:0.1078|7:0.1131
46,math_algebra1_2014,math-algebra1-2014.js,multiple-choice,Which graph appears to show a relation that is NOT a function?,4,0.391998766951879,2.6724839679962193,0:0.0859|1:0.0872|2:0.0937|3:0.0854|4:0.3920|5:0.0853|6:0.0852|7:0.0852
47,math_algebra1_2014,math-algebra1-2014.js,multiple-choice,"A scientist dropped an object from a height of 200 feet. She recorded the height of the object in 0.5-second intervals. Her data is shown. Based on a quadratic model, which best approximates the height at 3 seconds?",0,0.22240088915678968,2.8731483658823533,0:0.2224|1:0.0919|2:0.0951|3:0.0929|4:0.0922|5:0.0928|6:0.0920|7:0.2208
48,math_algebra1_2014,math-algebra1-2014.js,multiple-choice,Look at function g. g ( x ) = 9 x 2 - 16 Which set contains only the zeros of function g?,4,0.3973042349806645,2.6611279291732095,0:0.0907|1:0.0853|2:0.0853|3:0.0853|4:0.3973|5:0.0854|6:0.0853|7:0.0855
49,math_algebra1_2014,math-algebra1-2014.js,multiple-choice,Statistical information for a data set is given. • The mean is 18.1. • The z-score for 13.0 is -1.7. What is the standard deviation for this data set?,7,0.34504196864891473,2.7528984967961754,0:0.0887|1:0.0858|2:0.0858|3:0.0858|4:0.0859|5:0.0859|6:0.1372|7:0.3450
50,math_algebra1_2014,math-algebra1-2014.js,multiple-choice,A representation of a function is shown. f ( x ) = - 4 x + 2 What are the x-intercept and the y-intercept of this function?,4,0.4106543861928164,2.6313196600040474,0:0.0858|1:0.0838|2:0.0840|3:0.0840|4:0.4107|5:0.0839|6:0.0839|7:0.0839
1,math_algebra1_2015,math-algebra1-2015.js,multiple-choice,"Which expression represents four less than half a number, n?",4,0.23259780867621088,2.8861659750836566,0:0.0941|1:0.0937|2:0.0991|3:0.0937|4:0.2326|5:0.0949|6:0.0937|7:0.1982
2,math_algebra1_2015,math-algebra1-2015.js,multiple-choice,Which of the following binomials is a factor of x 2 - x - 6 ?,1,0.32857716555258953,2.7983085462891815,0:0.0954|1:0.3286|2:0.0954|3:0.0954|4:0.0989|5:0.0954|6:0.0954|7:0.0954
3,math_algebra1_2015,math-algebra1-2015.js,multiple-select,Identify each expression that is in simplest radical form.,7,0.23261870434940593,2.920812982254402,0:0.0990|1:0.1559|2:0.1029|3:0.0997|4:0.1135|5:0.0988|6:0.0976|7:0.2326
4,math_algebra1_2015,math-algebra1-2015.js,multiple-choice,Which expression is equivalent to 1 6 ( 30 x - 24 y ) - 1 8 ( 32 x - 16 y ) ?,7,0.3973705819768269,2.661178305638865,0:0.0859|1:0.0859|2:0.0870|3:0.0859|4:0.0859|5:0.0859|6:0.0859|7:0.3974
5,math_algebra1_2015,math-algebra1-2015.js,multiple-choice,Which is equivalent to 48 3 in simplest form?,7,0.2498281330150118,2.89729881008071,0:0.0982|1:0.1603|2:0.0982|3:0.0982|4:0.0984|5:0.0988|6:0.0982|7:0.2498
6,math_algebra1_2015,math-algebra1-2015.js,multiple-choice,What is the value of 128 in simplest radical form?,2,0.2575644676176143,2.885690213041192,0:0.0941|1:0.1588|2:0.2576|3:0.0941|4:0.0946|5:0.0941|6:0.0941|7:0.1125
7,math_algebra1_2015,math-algebra1-2015.js,multiple-choice,Which polynomial is equivalent to this expression if n ≠ - 1 ? 3 + n - 2 n 2 1 + n,7,0.34616430183460395,2.7661397201599276,0:0.0933|1:0.0941|2:0.0933|3:0.0933|4:0.0933|5:0.0933|6:0.0933|7:0.3462
8,math_algebra1_2015,math-algebra1-2015.js,multiple-choice,Which is a factor of 2 n 2 - 5 n - 42 ?,1,0.15046466740869305,2.995488693289973,0:0.1264|1:0.1505|2:0.1192|3:0.1198|4:0.1268|5:0.1186|6:0.1189|7:0.1199
9,math_algebra1_2015,math-algebra1-2015.js,multiple-choice,Which of the following is equivalent to a 12 b 2 a 3 b 6 ?,1,0.2863399315168896,2.758579523682986,0:0.0803|1:0.2863|2:0.0803|3:0.0803|4:0.0803|5:0.0804|6:0.0803|7:0.2318
10,math_algebra1_2015,math-algebra1-2015.js,multiple-choice,What is the value of this expression when n = - 15 ? - 2 | n + 6 |,2,0.3028230386850169,2.747575877958517,0:0.0798|1:0.0797|2:0.3028|3:0.0797|4:0.0798|5:0.0800|6:0.0797|7:0.2184
11,math_algebra1_2015,math-algebra1-2015.js,multiple-choice,Which graph best represents the equation 4 x + 5 y = - 20 ?,5,0.3957856735247536,2.6646726687581612,0:0.0866|1:0.0862|2:0.0862|3:0.0862|4:0.0868|5:0.3958|6:0.0862|7:0.0862
12,math_algebra1_2015,math-algebra1-2015.js,multiple-choice,A formula to find the angle measures of an isosceles triangle is shown. 180 = 2 x + y Which equation can be used to find x ?,2,0.29953763464733946,2.8185076028834866,0:0.0899|1:0.0891|2:0.2995|3:0.0892|4:0.0913|5:0.1627|6:0.0891|7:0.0891
13,math_algebra1_2015,math-algebra1-2015.js,multiple-choice,"Which equation represents the line that passes through the points ( - 4 , 4 ) and ( 8 , - 2 ) ?",5,0.4259609011912428,2.595656071713171,0:0.0820|1:0.0820|2:0.0820|3:0.0820|4:0.0820|5:0.4260|6:0.0820|7:0.0820
14,math_algebra1_2015,math-algebra1-2015.js,multiple-choice,"For which system of inequalities is ( - 3 , 1 ) a solution?",0,0.31535229884973015,2.8186037928859546,0:0.3154|1:0.0981|2:0.0942|3:0.0942|4:0.0942|5:0.0942|6:0.1156|7:0.0942
15,math_algebra1_2015,math-algebra1-2015.js,multiple-choice,What is the solution to this system of equations? 2 x + 4 y = 22 7 x + y = 12,0,0.2864858854370956,2.86162794287148,0:0.2865|1:0.1077|2:0.0957|3:0.0957|4:0.0962|5:0.0957|6:0.1267|7:0.0957
16,math_algebra1_2015,math-algebra1-2015.js,multiple-choice,"What is 3,456 3 in simplest form?",1,0.19434283225855475,2.9670679937289215,0:0.1099|1:0.1943|2:0.1099|3:0.1099|4:0.1126|5:0.1110|6:0.1099|7:0.1424
17,math_algebra1_2015,math-algebra1-2015.js,multiple-choice,What value of x makes this equation true? 3 x - 20 = - 2 x,2,0.2294322697398973,2.833166686292907,0:0.0781|1:0.0781|2:0.2294|3:0.1780|4:0.0781|5:0.2021|6:0.0781|7:0.0781
18,math_algebra1_2015,math-algebra1-2015.js,multiple-choice,Which equation best represents line m ?,5,0.4445754971575835,2.5503919056199296,0:0.0794|1:0.0793|2:0.0793|3:0.0793|4:0.0794|5:0.4446|6:0.0793|7:0.0793
19,math_algebra1_2015,math-algebra1-2015.js,multiple-choice,Christopher incorrectly solved an inequality. Between which two consecutive steps did Christopher make a mistake? Step 1: - 4 ( x - 7 ) + 1 ≤ - 3 Step 2: - 4 ( x - 7 ) ≤ - 4 Step 3: - 4 x + 28 ≤ - 4 Step 4: - 4 x ≤ - 32 Step 5: x ≤ 8,0,0.1511063048361002,2.9894340083737982,0:0.1511|1:0.1111|2:0.1110|3:0.1345|4:0.1214|5:0.1146|6:0.1113|7:0.1450
20,math_algebra1_2015,math-algebra1-2015.js,free-response,Solve for n : 3 n - 7 6 = 2 n + 5 3,0,0.125,3.0,0:0.1250|1:0.1250|2:0.1250|3:0.1250|4:0.1250|5:0.1250|6:0.1250|7:0.1250
21,math_algebra1_2015,math-algebra1-2015.js,multiple-choice,What values of x are solutions of 3 x 2 + 11 x = 20 ?,7,0.13845264683172362,2.9971355435703106,0:0.1154|1:0.1315|2:0.1252|3:0.1162|4:0.1168|5:0.1312|6:0.1251|7:0.1385
22,math_algebra1_2015,math-algebra1-2015.js,multiple-choice,The graph of line l is shown. Which number is closest in value to the slope of line l ?,5,0.29627912684600594,2.743717479757347,0:0.0755|1:0.0713|2:0.2162|3:0.0714|4:0.1265|5:0.2963|6:0.0714|7:0.0714
23,math_algebra1_2015,math-algebra1-2015.js,free-response,"Based on the transitive property, complete this statement. If 2 ( y - 3 ) ≥ 3 x - 4 and 3 x - 4 ≥ 6 - y , then 2 ( y - 3 ) ≥ __?__",3,0.22650606146521413,2.9403371318779024,0:0.1042|1:0.1052|2:0.1038|3:0.2265|4:0.1250|5:0.1214|6:0.1085|7:0.1054
24,math_algebra1_2015,math-algebra1-2015.js,multiple-choice,This system of linear equations is graphed as shown. What is the solution to this system of equations? 3 x + y = 2 x + 3 y = - 18,0,0.2687104279097251,2.8866702181886468,0:0.2687|1:0.1119|2:0.0979|3:0.0979|4:0.0981|5:0.0979|6:0.1296|7:0.0979
25,math_algebra1_2015,math-algebra1-2015.js,multiple-choice,Renee is going bowling. • The cost per game is $2.50. • Renee will need to rent a pair of bowling shoes for $1.50. • She can spend up to $16.00 to bowl and rent a pair of shoes. What is the maximum number of games that Renee can bowl?,4,0.20271392484892845,2.9653191726616406,0:0.1136|1:0.1125|2:0.1126|3:0.1126|4:0.2027|5:0.1136|6:0.1199|7:0.1125
26,math_algebra1_2015,math-algebra1-2015.js,multiple-choice,Malik can spend no more than $24 to buy pecans and cashews. He will pay $6 per pound for pecans and $8 per pound for cashews. Which graph best represents the number of pounds of pecans and the number of pounds of cashews Malik can buy?,4,0.29623854076313616,2.852346605385627,0:0.1005|1:0.1004|2:0.1004|3:0.1004|4:0.2962|5:0.1014|6:0.1004|7:0.1004
27,math_algebra1_2015,math-algebra1-2015.js,multiple-choice,What is the quotient of ( 15 x 2 − 8 x − 12 ) and ( 3 x + 2 ) ? Assume the denominator does not equal zero.,7,0.20208570855878608,2.9636450851805374,0:0.1129|1:0.1177|2:0.1086|3:0.1086|4:0.1309|5:0.1107|6:0.1086|7:0.2021
28,math_algebra1_2015,math-algebra1-2015.js,multiple-choice,Which graph has exactly one x-intercept and one y-intercept?,4,0.2078517922314588,2.9420149986171147,0:0.1043|1:0.1029|2:0.1047|3:0.1029|4:0.2079|5:0.1047|6:0.1057|7:0.1668
29,math_algebra1_2015,math-algebra1-2015.js,multiple-choice,"Which equation best represents this data set? {(-4, -4.8), (-3, -8.2), (-2, -9.1), (-1, -8.1), (0, -4.7), (1, 0.3)}",5,0.44797878908774186,2.5418146486641815,0:0.0816|1:0.0783|2:0.0783|3:0.0783|4:0.0785|5:0.4480|6:0.0783|7:0.0787
30,math_algebra1_2015,math-algebra1-2015.js,multiple-choice,A relationship between x and y is shown in this table. Which equation represents this relationship?,5,0.27414282967157294,2.845823493605717,0:0.1791|1:0.0910|2:0.0912|3:0.0911|4:0.0912|5:0.2741|6:0.0911|7:0.0914
31,math_algebra1_2015,math-algebra1-2015.js,multiple-choice,"Ms. Scott will pay $2,000 to have her house painted. The amount each painter earns, A, varies inversely for the number of painters, n, that will paint the house. Which equation best represents this situation?",5,0.2743184847661986,2.8394444379580364,0:0.0901|1:0.0901|2:0.0901|3:0.0901|4:0.1851|5:0.2743|6:0.0901|7:0.0901
32,math_algebra1_2015,math-algebra1-2015.js,multiple-choice,The following graph shows a relation. Which of the following best describes the range of this relation?,1,0.2831033320517239,2.7890880482835563,0:0.0836|1:0.2831|2:0.0834|3:0.0834|4:0.2147|5:0.0845|6:0.0834|7:0.0839
33,math_algebra1_2015,math-algebra1-2015.js,drag-drop,"Each of these data sets has a mean of 20. Set 1: {18, 19, 20, 21, 22} Set 2: {20, 20, 20, 20, 20} Set 3: {16, 18, 20, 21, 25} Order the sets from greatest standard deviation to least standard deviation.",7,0.31690425182515936,2.818217254996333,0:0.1036|1:0.0957|2:0.1007|3:0.0957|4:0.0959|5:0.0959|6:0.0957|7:0.3169
34,math_algebra1_2015,math-algebra1-2015.js,multiple-choice,A study was conducted to determine the number of cars that passed through two intersections each day for 20 days. The results are summarized in these box-and-whisker plots. Which statement is best supported by these data?,4,0.293093679716139,2.828228295931937,0:0.0898|1:0.0917|2:0.0896|3:0.1643|4:0.2931|5:0.0902|6:0.0897|7:0.0915
35,math_algebra1_2015,math-algebra1-2015.js,multiple-choice,Which of these functions has exactly two different zeros?,7,0.18056541293388653,2.978642818987903,0:0.1376|1:0.1142|2:0.1116|3:0.1169|4:0.1164|5:0.1113|6:0.1114|7:0.1806
36,math_algebra1_2015,math-algebra1-2015.js,multiple-choice,In which table does y vary directly with x ?,5,0.21017565652766973,2.9556011957509303,0:0.1120|1:0.1078|2:0.1082|3:0.1081|4:0.1348|5:0.2102|6:0.1080|7:0.1110
37,math_algebra1_2015,math-algebra1-2015.js,multiple-choice,"Which equation could represent a graph with x-intercepts of (4, 0) and (-7, 0)?",5,0.2942079098949567,2.806368472232822,0:0.0832|1:0.0853|2:0.0955|3:0.0812|4:0.0830|5:0.2942|6:0.0944|7:0.1832
38,math_algebra1_2015,math-algebra1-2015.js,multiple-choice,Which number is a zero of the function h ? h ( x ) = x 2 + 3 x - 18,4,0.39556962421085257,2.6573164233033006,0:0.0814|1:0.0814|2:0.0814|3:0.0814|4:0.3956|5:0.0814|6:0.0814|7:0.1159
39,math_algebra1_2015,math-algebra1-2015.js,multiple-choice,Which of the following graphs appears to be a function?,4,0.29334779505766834,2.7497156619214227,0:0.0781|1:0.2287|2:0.0875|3:0.0781|4:0.2933|5:0.0781|6:0.0781|7:0.0781
40,math_algebra1_2015,math-algebra1-2015.js,multiple-choice,"If f(x) = (x - 3)² + 1, what is f(6)?",0,0.125,3.0,0:0.1250|1:0.1250|2:0.1250|3:0.1250|4:0.1250|5:0.1250|6:0.1250|7:0.1250
41,math_algebra1_2015,math-algebra1-2015.js,multiple-choice,"Which number is NOT an element in the domain of this relation? {(-2, 3), (0, 4), (1, 1), (6, 0)}",4,0.29554194197542544,2.8531585022860018,0:0.0994|1:0.1062|2:0.1015|3:0.0994|4:0.2955|5:0.0994|6:0.0994|7:0.0994
42,math_algebra1_2015,math-algebra1-2015.js,multiple-choice,"{(-5, 9), (2, 31), (9, 143), (11, 151), (0, 42), (5, 97)} Using the equation line of best fit, which number is the best prediction of the output when the input is 13?",5,0.3366141203192694,2.75622897785041,0:0.0848|1:0.0848|2:0.0848|3:0.0848|4:0.1547|5:0.3366|6:0.0848|7:0.0848
43,math_algebra1_2015,math-algebra1-2015.js,multiple-choice,A data set has a mean of 720 and a standard deviation of 6. Which is closest to the z-score for an element of this data set with a value of 709?,7,0.34863791996089943,2.727100679703062,0:0.0856|1:0.0812|2:0.1596|3:0.0812|4:0.0813|5:0.0813|6:0.0812|7:0.3486
44,math_algebra1_2015,math-algebra1-2015.js,multiple-choice,Ramon drew box-and-whisker plots to summarize the number of pages in each chapter of two books. The values of the interquartile ranges for these box-and-whisker plots are the same. Which box-and-whisker plots could represent these data?,7,0.28255640296735407,2.843854253180453,0:0.0858|1:0.1066|2:0.1001|3:0.0857|4:0.1629|5:0.0858|6:0.0906|7:0.2826
1,math_algebra1_practice_2023,math-algebra1-practice-2023.js,multiple-choice,"What is the value of this expression when a = 8, b = 16, and c = −4? 5 a 3 - c b + 9",2,0.3028230386850169,2.747575877958517,0:0.0798|1:0.0797|2:0.3028|3:0.0797|4:0.0798|5:0.0800|6:0.0797|7:0.2184
2,math_algebra1_practice_2023,math-algebra1-practice-2023.js,multiple-choice,What is the quotient of ( 15 x 2 − 8 x − 12 ) and ( 3 x + 2 ) ? Assume the denominator does not equal zero.,7,0.20208570855878608,2.9636450851805374,0:0.1129|1:0.1177|2:0.1086|3:0.1086|4:0.1309|5:0.1107|6:0.1086|7:0.2021
3,math_algebra1_practice_2023,math-algebra1-practice-2023.js,multiple-choice,Which represents this expression in simplest form? 15 ( x - 2 ) 3 3 ( x - 4 ) - 3,7,0.2256395697261091,2.9272206165066526,0:0.0975|1:0.1480|2:0.1023|3:0.0966|4:0.0988|5:0.1346|6:0.0966|7:0.2256
4,math_algebra1_practice_2023,math-algebra1-practice-2023.js,multiple-choice,For which value of x does x 3 simplify to 5 7 3 ?,2,0.41906152013244385,2.611914771419573,0:0.0830|1:0.0830|2:0.4191|3:0.0830|4:0.0830|5:0.0830|6:0.0830|7:0.0830
5,math_algebra1_practice_2023,math-algebra1-practice-2023.js,multiple-choice,"What is 3,456 3 in simplest form?",1,0.19434283225855475,2.9670679937289215,0:0.1099|1:0.1943|2:0.1099|3:0.1099|4:0.1126|5:0.1110|6:0.1099|7:0.1424
6,math_algebra1_practice_2023,math-algebra1-practice-2023.js,multiple-choice,Frank works at a convenience store. • He earns $7.50 per hour when he works during the day. • He earns $12.50 per hour when he works at night. • He wants to earn at least $300 per week. Which graph best represents this situation?,4,0.17424155097672184,2.9770397702338833,0:0.1118|1:0.1109|2:0.1109|3:0.1127|4:0.1742|5:0.1537|6:0.1138|7:0.1119
7,math_algebra1_practice_2023,math-algebra1-practice-2023.js,multiple-choice,"A square with a side length of x inches is shown. The equation y = 4x represents the relationship between the side length, x, and the perimeter, y, of the square in inches. Which student states the correct domain and range of this relationship?",0,0.20642091757069836,2.9382869304618175,0:0.2064|1:0.0948|2:0.1223|3:0.0949|4:0.1002|5:0.1663|6:0.1193|7:0.0957
8,math_algebra1_practice_2023,math-algebra1-practice-2023.js,multiple-choice,A function f is described. f(x) = (x − 2)² + 3 • The domain of f is all real numbers greater than 0. The range of f is all real numbers greater than or equal to —,4,0.2704211164047729,2.889261035203466,0:0.1066|1:0.1070|2:0.1009|3:0.1005|4:0.2704|5:0.1008|6:0.1005|7:0.1132
9,math_algebra1_practice_2023,math-algebra1-practice-2023.js,multiple-choice,Which function does NOT have a y-intercept of 2?,4,0.3390610755922421,2.77940749636784,0:0.0944|1:0.0944|2:0.0944|3:0.0944|4:0.3391|5:0.0945|6:0.0944|7:0.0944
10,math_algebra1_practice_2023,math-algebra1-practice-2023.js,multiple-choice,The graph of the function f(x) is shown on the coordinate plane. Which of these points is a solution of y = 3f(x)?,4,0.28276747430840404,2.772978468237218,0:0.2265|1:0.0813|2:0.0819|3:0.0826|4:0.2828|5:0.0824|6:0.0813|7:0.0813
11,math_algebra1_practice_2023,math-algebra1-practice-2023.js,multiple-choice,"The graph of an exponential function in the form y = a b x contains the points (0, 2), (1, 1) (2, 1/2). Which graph best represents the function?",4,0.4134762264818746,2.6239637757863297,0:0.0818|1:0.0934|2:0.0821|3:0.0818|4:0.4135|5:0.0824|6:0.0822|7:0.0828
12,math_algebra1_practice_2023,math-algebra1-practice-2023.js,multiple-choice,Which table represents y = ( x + 5 ) 2 ?,5,0.2518093975521369,2.9125230078825757,0:0.1043|1:0.1040|2:0.1040|3:0.1040|4:0.1233|5:0.2518|6:0.1040|7:0.1047
13,math_algebra1_practice_2023,math-algebra1-practice-2023.js,multiple-choice,Each table represents values from four different functions. Which tables could represent an exponential function?,4,0.35725276166980763,2.7434454160214705,0:0.0875|1:0.0977|2:0.1009|3:0.0874|4:0.3573|5:0.0904|6:0.0876|7:0.0913
14,math_algebra1_practice_2023,math-algebra1-practice-2023.js,multiple-choice,Given: f(x) = −x + 5 g(x) = 2x − 5 h(x) = (x + 2)(x − 5) Which functions have at least one equivalent x-intercept?,7,0.25501031865932094,2.8536105479998093,0:0.0903|1:0.0903|2:0.0938|3:0.0906|4:0.0903|5:0.0903|6:0.1995|7:0.2550
15,math_algebra1_practice_2023,math-algebra1-practice-2023.js,multiple-choice,"The principal at Washington High School investigated the relationship between a student's cell phone use and the student's grade point average, GPA. The table shows a sample of the data collected. The correlation coefficient for the curve of best fit is -0.9921. Based on the data, there appears to be —",7,0.2669327292792514,2.8817503421825137,0:0.0946|1:0.0927|2:0.0952|3:0.0940|4:0.0978|5:0.1424|6:0.1164|7:0.2669
16,math_algebra1_practice_2023,math-algebra1-practice-2023.js,multiple-choice,Which conclusion about the relationship between student cell phone use and GPA is best supported by these data?,7,0.24109319664809695,2.9119115035177643,0:0.1019|1:0.1001|2:0.1002|3:0.1002|4:0.1010|5:0.1554|6:0.1001|7:0.2411
17,math_algebra1_practice_2023,math-algebra1-practice-2023.js,multiple-choice,"Using the quadratic curve of best fit, which equation most closely represents the set of data? {(−8, 80.4), (−7, 57.8), (−6, 38.6), (−5, 22.8), (3, 18.8), (5, 51.8), (7, 98.4)}",5,0.4045207252684448,2.6452311669461883,0:0.0866|1:0.0847|2:0.0847|3:0.0847|4:0.0849|5:0.4045|6:0.0847|7:0.0852
18,math_algebra1_practice_2023,math-algebra1-practice-2023.js,multiple-choice,"This table shows the number of months used and the approximate distances driven, in miles, for six buses in a school district. Using the line of best fit for these data, which value is the best prediction of the distance driven, in miles, by a bus that has been used for 40 months?",5,0.2526084817189572,2.8558436390686515,0:0.0837|1:0.0836|2:0.1665|3:0.0836|4:0.1621|5:0.2526|6:0.0836|7:0.0842
1,math_algebra2_2014,math-algebra2-2014.js,multiple-choice,Which expression is equivalent to 3 n n + 3 + 5 n - 4 if no denominator equals zero?,7,0.3311387432638373,2.7936361638912985,0:0.0961|1:0.0944|2:0.0944|3:0.0944|4:0.0999|5:0.0953|6:0.0944|7:0.3311
2,math_algebra2_2014,math-algebra2-2014.js,multiple-choice,Which number is equivalent to ( - 6 - i ) + 5 i - ( 11 + 13 i ) ?,7,0.2631758904211351,2.7883620287114446,0:0.0830|1:0.0830|2:0.0830|3:0.0830|4:0.2389|5:0.0830|6:0.0830|7:0.2632
3,math_algebra2_2014,math-algebra2-2014.js,multiple-choice,Which of the following is the factored form of x 3 - 216 ?,1,0.35891643771599907,2.7410249363734263,0:0.0902|1:0.3589|2:0.0902|3:0.0902|4:0.0913|5:0.0902|6:0.0902|7:0.0990
4,math_algebra2_2014,math-algebra2-2014.js,multiple-choice,"Which expression is equivalent to 75 x 3 - 27 x 3 , if x > 0 ?",7,0.3973705819768269,2.661178305638865,0:0.0859|1:0.0859|2:0.0870|3:0.0859|4:0.0859|5:0.0859|6:0.0859|7:0.3974
5,math_algebra2_2014,math-algebra2-2014.js,multiple-choice,"Assuming that no denominator equals zero, which is equivalent to r 2 - r - 6 ( r - 2 ) ( r - 3 ) ?",7,0.2765143456773136,2.8813065810231198,0:0.1036|1:0.1014|2:0.1014|3:0.1014|4:0.1105|5:0.1027|6:0.1024|7:0.2765
6,math_algebra2_2014,math-algebra2-2014.js,multiple-choice,"Which expression is equivalent to 16 x 15 y 17 4 , where x > 0 and y > 0 ?",7,0.3973705819768269,2.661178305638865,0:0.0859|1:0.0859|2:0.0870|3:0.0859|4:0.0859|5:0.0859|6:0.0859|7:0.3974
7,math_algebra2_2014,math-algebra2-2014.js,multiple-choice,Which is equivalent to ( 6 + 7 ) ( 5 + 7 ) ?,7,0.34256523826445107,2.772905048387295,0:0.0939|1:0.0939|2:0.0939|3:0.0939|4:0.0939|5:0.0939|6:0.0939|7:0.3426
8,math_algebra2_2014,math-algebra2-2014.js,multiple-choice,What are the y-coordinates for the solutions to this system of equations? x 2 + 6 x + 3 y + 6 = 0 x + y + 20 = 0,0,0.15729409597158825,2.9837785810822925,0:0.1573|1:0.1261|2:0.1111|3:0.1111|4:0.1130|5:0.1131|6:0.1571|7:0.1111
9,math_algebra2_2014,math-algebra2-2014.js,multiple-choice,Which expression is equivalent to x 3 7 y 36 7 ?,7,0.3973705819768269,2.661178305638865,0:0.0859|1:0.0859|2:0.0870|3:0.0859|4:0.0859|5:0.0859|6:0.0859|7:0.3974
10,math_algebra2_2014,math-algebra2-2014.js,multiple-select,Identify the factors of the following polynomial: 8 x 2 - 18 x y - 5 y 2,1,0.27744233761716697,2.876895323683657,0:0.1002|1:0.2774|2:0.0971|3:0.0970|4:0.1113|5:0.0990|6:0.0970|7:0.1209
11,math_algebra2_2014,math-algebra2-2014.js,multiple-choice,Which statement illustrates the symmetric property of equality?,3,0.25910372053895947,2.901541049305904,0:0.0997|1:0.1035|2:0.0997|3:0.2591|4:0.1142|5:0.1245|6:0.0997|7:0.0997
12,math_algebra2_2014,math-algebra2-2014.js,multiple-select,Identify each expression that is equivalent to (i).,7,0.35562487999582115,2.746879413768421,0:0.0896|1:0.0892|2:0.0894|3:0.0942|4:0.1024|5:0.0904|6:0.0892|7:0.3556
13,math_algebra2_2014,math-algebra2-2014.js,multiple-choice,"Given: n - 15 9 n 15 - n 3 n 5 . Assuming no denominator equals zero, which expression is equivalent to the given expression?",7,0.2919848181822459,2.797148486272488,0:0.0846|1:0.0846|2:0.0880|3:0.0854|4:0.0846|5:0.0846|6:0.1961|7:0.2920
14,math_algebra2_2014,math-algebra2-2014.js,multiple-choice,What is the solution set of 8 x - 1 + 4 = 8 ?,0,0.41805775026698244,2.614253959862943,0:0.4181|1:0.0830|2:0.0830|3:0.0830|4:0.0832|5:0.0832|6:0.0830|7:0.0836
15,math_algebra2_2014,math-algebra2-2014.js,multiple-choice,Which graph best represents the solution for y ≥ | 2 x + 1 | - 3 ?,0,0.39358043093790224,2.669193978192591,0:0.3936|1:0.0853|2:0.0853|3:0.0853|4:0.0917|5:0.0884|6:0.0853|7:0.0853
16,math_algebra2_2014,math-algebra2-2014.js,multiple-choice,What is the solution set to x 2 = 16 - 4 x ?,0,0.41805775026698244,2.614253959862943,0:0.4181|1:0.0830|2:0.0830|3:0.0830|4:0.0832|5:0.0832|6:0.0830|7:0.0836
17,math_algebra2_2014,math-algebra2-2014.js,multiple-choice,What is the solution set for 1 4 x + 3 = 2 ?,0,0.41805775026698244,2.614253959862943,0:0.4181|1:0.0830|2:0.0830|3:0.0830|4:0.0832|5:0.0832|6:0.0830|7:0.0836
18,math_algebra2_2014,math-algebra2-2014.js,multiple-choice,What is the solution to | x + 4 | 2 ?,0,0.3814811691343877,2.6954832963004147,0:0.3815|1:0.0884|2:0.0884|3:0.0884|4:0.0884|5:0.0884|6:0.0884|7:0.0884
19,math_algebra2_2014,math-algebra2-2014.js,multiple-choice,The graph of g(x) is shown. Which appears to be a solution of g(x) = 0?,0,0.32981687922755937,2.73141332230777,0:0.3298|1:0.0781|2:0.0884|3:0.0781|4:0.1902|5:0.0791|6:0.0781|7:0.0781
20,math_algebra2_2014,math-algebra2-2014.js,multiple-choice,Given: x + y + 10 = 0 x 2 + y - 2 = 0 What are the x-values for the solutions to the given system of equations?,6,0.28462062332201404,2.866303802388722,0:0.1231|1:0.1039|2:0.0980|3:0.0974|4:0.0965|5:0.0972|6:0.2846|7:0.0993
21,math_algebra2_2014,math-algebra2-2014.js,multiple-choice,Which is a solution for w - 4 4 + 11 = 14 ?,0,0.3814811691343877,2.6954832963004147,0:0.3815|1:0.0884|2:0.0884|3:0.0884|4:0.0884|5:0.0884|6:0.0884|7:0.0884
22,math_algebra2_2014,math-algebra2-2014.js,multiple-choice,What is the real solution set of -- x x - 4 - 4 3 = 4 x - 4,0,0.3671513268986689,2.7250843245668213,0:0.3672|1:0.0901|2:0.0901|3:0.0901|4:0.0908|5:0.0905|6:0.0901|7:0.0910
23,math_algebra2_2014,math-algebra2-2014.js,multiple-choice,"Which is a solution to 4 n - 37 3 = 10 n , if n ≠ 0 ?",0,0.3814811691343877,2.6954832963004147,0:0.3815|1:0.0884|2:0.0884|3:0.0884|4:0.0884|5:0.0884|6:0.0884|7:0.0884
24,math_algebra2_2014,math-algebra2-2014.js,multiple-choice,Which is a solution of | 2 x - 7 | + 1 = 9 ?,0,0.3814811691343877,2.6954832963004147,0:0.3815|1:0.0884|2:0.0884|3:0.0884|4:0.0884|5:0.0884|6:0.0884|7:0.0884
25,math_algebra2_2014,math-algebra2-2014.js,free-response,"If x ≠ 0 , what is the solution to the following equation? 1 - x x + 2 = 7 x",1,0.22541258208419465,2.790957200907404,0:0.2170|1:0.2254|2:0.0719|3:0.0719|4:0.0719|5:0.1980|6:0.0719|7:0.0719
26,math_algebra2_2014,math-algebra2-2014.js,multiple-choice,A solution to a quadratic equation is 13 - 11 i 7 . Which of the following must also be a solution to this equation?,0,0.23854465371661987,2.818789940847802,0:0.2385|1:0.1584|2:0.0772|3:0.0772|4:0.0772|5:0.2173|6:0.0772|7:0.0772
27,math_algebra2_2014,math-algebra2-2014.js,multiple-choice,Which of the following functions does NOT have a range of only the real numbers greater than or equal to zero?,1,0.2242815614037225,2.921666888866847,0:0.1007|1:0.2243|2:0.0947|3:0.0947|4:0.1418|5:0.0956|6:0.0947|7:0.1536
28,math_algebra2_2014,math-algebra2-2014.js,free-response,What is the sum of this infinite series? 100 + 60 + 36 + 108 5 + ...,7,0.1664225417651834,2.989512267556334,0:0.1226|1:0.1182|2:0.1186|3:0.1185|4:0.1186|5:0.1182|6:0.1188|7:0.1664
29,math_algebra2_2014,math-algebra2-2014.js,multiple-choice,The graph of a parent function is shown. Which function belongs to this same family?,4,0.4512679918396638,2.5336126864979738,0:0.0793|1:0.0781|2:0.0783|3:0.0782|4:0.4513|5:0.0784|6:0.0782|7:0.0782
30,math_algebra2_2014,math-algebra2-2014.js,multiple-choice,Which number is a zero of f ( x ) = log ( 4 x - 1 ) ?,4,0.24602740433377118,2.9136930755115165,0:0.0997|1:0.1139|2:0.0997|3:0.0997|4:0.2460|5:0.0997|6:0.1030|7:0.1382
31,math_algebra2_2014,math-algebra2-2014.js,multiple-choice,What is the equation of the horizontal asymptote of the graph of the following equation? f ( x ) = 6 ( x - 5 ) - 4,5,0.3423815102015432,2.698558054551401,0:0.0781|1:0.1958|2:0.0766|3:0.0766|4:0.0773|5:0.3424|6:0.0766|7:0.0766
32,math_algebra2_2014,math-algebra2-2014.js,multiple-choice,Which function best represents this graph?,4,0.4183437527804252,2.6135887769404045,0:0.0831|1:0.0830|2:0.0830|3:0.0830|4:0.4183|5:0.0834|6:0.0830|7:0.0830
33,math_algebra2_2014,math-algebra2-2014.js,multiple-choice,The graph of g ( x ) = log ( 2 x ) has —,4,0.2440080740673677,2.9224296281971736,0:0.1077|1:0.1132|2:0.1034|3:0.1036|4:0.2440|5:0.1050|6:0.1198|7:0.1034
34,math_algebra2_2014,math-algebra2-2014.js,multiple-choice,Throughout which of the following intervals is f ( x ) = ( x - 1 ) ( x - 4 ) 2 only decreasing?,1,0.40975456288842504,2.6333966748575337,0:0.0842|1:0.4098|2:0.0842|3:0.0842|4:0.0842|5:0.0849|6:0.0842|7:0.0842
35,math_algebra2_2014,math-algebra2-2014.js,multiple-choice,Given: f ( x ) = log ( x - 16 ) + 15 What is the equation of an asymptote of the graph of the given function?,4,0.23139855917930446,2.8352141484408704,0:0.0790|1:0.0790|2:0.0796|3:0.0790|4:0.2314|5:0.1575|6:0.2144|7:0.0802
36,math_algebra2_2014,math-algebra2-2014.js,multiple-choice,What appears to be the range of this function?,4,0.3509498327123523,2.7558171641237084,0:0.0903|1:0.0936|2:0.1041|3:0.0902|4:0.3509|5:0.0903|6:0.0902|7:0.0903
37,math_algebra2_2014,math-algebra2-2014.js,multiple-choice,The heights of a large population of ostriches are normally distributed. Which is closest to the percentage of these heights that is within 3 standard deviations of the mean?,0,0.18198305610150592,2.9652028745327974,0:0.1820|1:0.1080|2:0.1083|3:0.1082|4:0.1094|5:0.1095|6:0.1086|7:0.1659
38,math_algebra2_2014,math-algebra2-2014.js,multiple-choice,Which of these situations involves a combination?,0,0.125,3.0,0:0.1250|1:0.1250|2:0.1250|3:0.1250|4:0.1250|5:0.1250|6:0.1250|7:0.1250
39,math_algebra2_2014,math-algebra2-2014.js,multiple-choice,What is the 14th term of the arithmetic sequence with a first term of 7 and a common difference of 10?,0,0.13507623757052065,2.999023168952143,0:0.1351|1:0.1257|2:0.1213|3:0.1210|4:0.1249|5:0.1221|6:0.1211|7:0.1289
40,math_algebra2_2014,math-algebra2-2014.js,multiple-choice,The graph of the function g is shown on the following grid. Which graph best represents the inverse of g?,4,0.3567313347808666,2.7075235100003208,0:0.0829|1:0.1621|2:0.0795|3:0.0794|4:0.3567|5:0.0805|6:0.0794|7:0.0794
41,math_algebra2_2014,math-algebra2-2014.js,multiple-select,Identify each of the x- and y-intercepts of the function h ( x ) = x 3 + 3 x 2 - 4 x - 12 .,4,0.35108566643538774,2.7562442514948984,0:0.0908|1:0.0921|2:0.0908|3:0.0933|4:0.3511|5:0.0909|6:0.0908|7:0.1001
42,math_algebra2_2014,math-algebra2-2014.js,multiple-choice,Which of the following describes the end behavior of y = - x 2 + b x + c as x approaches either positive or negative infinity?,1,0.37825471054533977,2.702246533016575,0:0.0888|1:0.3783|2:0.0885|3:0.0885|4:0.0889|5:0.0900|6:0.0885|7:0.0885
43,math_algebra2_2014,math-algebra2-2014.js,multiple-choice,"If f ( x ) = 2 3 x 2 + 1 and g ( x ) = 6 x - 15 , which polynomial is equivalent to g ( f ( x ) ) ?",7,0.2790473031832733,2.8779542022865487,0:0.1022|1:0.1075|2:0.1022|3:0.1022|4:0.1022|5:0.1022|6:0.1022|7:0.2790
44,math_algebra2_2014,math-algebra2-2014.js,multiple-choice,The domain of the function f ( x ) = x + 3 x 2 + 5 x - 24 is all real numbers except —,4,0.3152299831161306,2.821423977147052,0:0.1009|1:0.0971|2:0.0983|3:0.0971|4:0.3152|5:0.0972|6:0.0971|7:0.0972
45,math_algebra2_2014,math-algebra2-2014.js,multiple-choice,The amount of work (W) done when lifting an object varies jointly with the mass of the object (M) and the distance the object is lifted (D). Which equation models this relationship?,5,0.2554267077965107,2.9068016609287914,0:0.1224|1:0.1007|2:0.1014|3:0.1011|4:0.1012|5:0.2554|6:0.1014|7:0.1163
46,math_algebra2_2014,math-algebra2-2014.js,multiple-choice,"Madison deposited $1,000 into a savings account that compounds interest yearly. Using the exponential curve of best fit, which is closest to the expected amount in the savings account 30 years after the time Madison deposited the initial $1,000?",0,0.24274139105417417,2.923176125029011,0:0.2427|1:0.1036|2:0.1037|3:0.1037|4:0.1195|5:0.1192|6:0.1036|7:0.1040
47,math_algebra2_2014,math-algebra2-2014.js,multiple-choice,"Which graph best represents a function with zeros of -2, -1, and 2?",4,0.4183437527804252,2.6135887769404045,0:0.0831|1:0.0830|2:0.0830|3:0.0830|4:0.4183|5:0.0834|6:0.0830|7:0.0830
48,math_algebra2_2014,math-algebra2-2014.js,multiple-choice,The number of permutations of 8 objects taken 3 at a time is —,4,0.3104412124033303,2.82936792368133,0:0.1027|1:0.0977|2:0.0980|3:0.0979|4:0.3104|5:0.0977|6:0.0978|7:0.0978
49,math_algebra2_2014,math-algebra2-2014.js,multiple-choice,"If y varies inversely as the square root of x, what is the constant of proportionality if y = 16 when x = 4?",2,0.16626207430368367,2.986906601637867,0:0.1207|1:0.1136|2:0.1663|3:0.1202|4:0.1379|5:0.1136|6:0.1139|7:0.1138
50,math_algebra2_2014,math-algebra2-2014.js,multiple-choice,Which of the following describes the root(s) of the equation 9 x 2 = 6 x - 1 ?,1,0.3172807890590885,2.727298970881307,0:0.0783|1:0.3173|2:0.0783|3:0.0783|4:0.0783|5:0.2128|6:0.0783|7:0.0783
1,math_algebra2_2015,math-algebra2-2015.js,multiple-choice,Which expression is equivalent to 20 x 16 y 25 for positive x and y values?,7,0.3586114335917442,2.7414370468426714,0:0.0883|1:0.0953|2:0.0978|3:0.0901|4:0.0884|5:0.0931|6:0.0883|7:0.3586
2,math_algebra2_2015,math-algebra2-2015.js,multiple-choice,Which expression is equivalent to 6 w 7 3 · 4 w 5 3 ?,7,0.3973705819768269,2.661178305638865,0:0.0859|1:0.0859|2:0.0870|3:0.0859|4:0.0859|5:0.0859|6:0.0859|7:0.3974
3,math_algebra2_2015,math-algebra2-2015.js,multiple-choice,The steps used to solve an equation are shown. Step 1: 2 3 r = 14 i Step 2: ( 3 2 ) 2 3 r = 14 i ( 3 2 ) Step 3: ( 3 2 · 2 3 ) r = 14 i ( 3 2 ) Step 4: 1 · r = 21 i Step 5: r = 21 i What property justifies the work between Step 4 and Step 5?,5,0.2477384684844786,2.8774884027961405,0:0.1811|1:0.0876|2:0.1169|3:0.0877|4:0.1035|5:0.2477|6:0.0877|7:0.0877
4,math_algebra2_2015,math-algebra2-2015.js,multiple-choice,Which expression is equivalent to the following expression if no denominators equal zero? 11 - w 30 w 2 w - 11 5 w 6,7,0.3257558269724289,2.7520581948453393,0:0.0816|1:0.1803|2:0.0835|3:0.0812|4:0.0853|5:0.0812|6:0.0812|7:0.3258
5,math_algebra2_2015,math-algebra2-2015.js,multiple-choice,What is the complete factorization of 18 x 4 + 12 x 3 - 6 x ?,3,0.13435842726138805,2.999255247954335,0:0.1223|1:0.1223|2:0.1223|3:0.1344|4:0.1257|5:0.1224|6:0.1279|7:0.1227
6,math_algebra2_2015,math-algebra2-2015.js,multiple-choice,Which of these is equivalent to i 75 ?,7,0.34256523826445107,2.772905048387295,0:0.0939|1:0.0939|2:0.0939|3:0.0939|4:0.0939|5:0.0939|6:0.0939|7:0.3426
7,math_algebra2_2015,math-algebra2-2015.js,multiple-choice,For which value of b is x 2 + b x - 60 factorable over the set of integers?,2,0.28944987503353764,2.770759971723315,0:0.0994|1:0.0786|2:0.2894|3:0.0786|4:0.0788|5:0.0789|6:0.0786|7:0.2176
8,math_algebra2_2015,math-algebra2-2015.js,multiple-choice,"If no denominator equals zero, which expression is equivalent to 25 - 4 x 2 6 x 2 + 9 x - 15 · 6 x 2 - 2 x - 4 2 x 2 - x - 10 ?",7,0.3311387432638373,2.7936361638912985,0:0.0961|1:0.0944|2:0.0944|3:0.0944|4:0.0999|5:0.0953|6:0.0944|7:0.3311
9,math_algebra2_2015,math-algebra2-2015.js,multiple-choice,"Assuming the denominators do NOT equal zero, which expression is equivalent to 12 x + 1 + 1 x - 4 ?",7,0.35532209629561584,2.747543794059996,0:0.0913|1:0.0909|2:0.0899|3:0.0899|4:0.1028|5:0.0901|6:0.0899|7:0.3553
10,math_algebra2_2015,math-algebra2-2015.js,multiple-choice,"Which expression is equivalent to 36 x 9 y 25 , where x > 0 and y > 0 ?",7,0.3973705819768269,2.661178305638865,0:0.0859|1:0.0859|2:0.0870|3:0.0859|4:0.0859|5:0.0859|6:0.0859|7:0.3974
11,math_algebra2_2015,math-algebra2-2015.js,multiple-choice,What nonzero value of x is a solution to the following equation? x + 2 x + x - 6 3 x = 2 x + 9 5 x,2,0.19111198932625634,2.8336399201888733,0:0.1844|1:0.1908|2:0.1911|3:0.0664|4:0.0664|5:0.1681|6:0.0664|7:0.0664
12,math_algebra2_2015,math-algebra2-2015.js,multiple-choice,How many values of x will satisfy the equation - 2 | 3 x - 5 | = 0 ?,5,0.27768447468778956,2.8792718567124282,0:0.0999|1:0.1111|2:0.1073|3:0.0998|4:0.1019|5:0.2777|6:0.0998|7:0.1025
13,math_algebra2_2015,math-algebra2-2015.js,multiple-choice,Which graph best represents the solutions for y | x + 4 | - 1 ?,5,0.27183167078957754,2.8874849843213477,0:0.1040|1:0.1015|2:0.1015|3:0.1015|4:0.1044|5:0.2718|6:0.1138|7:0.1015
14,math_algebra2_2015,math-algebra2-2015.js,multiple-choice,What is a solution of 7 - 2 x + 5 = 8 ?,0,0.3814811691343877,2.6954832963004147,0:0.3815|1:0.0884|2:0.0884|3:0.0884|4:0.0884|5:0.0884|6:0.0884|7:0.0884
15,math_algebra2_2015,math-algebra2-2015.js,multiple-choice,Which is the apparent solution set of the system of equations graphed on the following grid?,0,0.2627796478653815,2.841768340804805,0:0.2628|1:0.1980|2:0.0867|3:0.0867|4:0.0871|5:0.0871|6:0.1038|7:0.0878
16,math_algebra2_2015,math-algebra2-2015.js,multiple-choice,This graph best represents the solution to which inequality?,0,0.3653156299151767,2.728613846733008,0:0.3653|1:0.0897|2:0.0897|3:0.0897|4:0.0947|5:0.0916|6:0.0897|7:0.0897
17,math_algebra2_2015,math-algebra2-2015.js,free-response,What value of x makes 2 x - 5 3 = 3 true?,2,0.26623810836148465,2.8195126684621705,0:0.0841|1:0.0841|2:0.2662|3:0.2117|4:0.0841|5:0.1015|6:0.0841|7:0.0841
18,math_algebra2_2015,math-algebra2-2015.js,multiple-choice,What are the apparent roots of the equation graphed on the coordinate grid?,5,0.24420249125081972,2.9234007692704367,0:0.1143|1:0.1090|2:0.1062|3:0.1061|4:0.1071|5:0.2442|6:0.1061|7:0.1069
19,math_algebra2_2015,math-algebra2-2015.js,multiple-choice,"If no denominator is equal to zero, what is the solution set for the following equation? 3 x - 4 x 2 = 3 2 x",0,0.1913531385010496,2.8919058835158804,0:0.1914|1:0.1763|2:0.0779|3:0.0779|4:0.0787|5:0.1708|6:0.0779|7:0.1493
20,math_algebra2_2015,math-algebra2-2015.js,multiple-choice,What is the solution set for the following system of equations? y = 4 x + 2 y = x 2 + x - 8,0,0.28727377168015467,2.790323600878687,0:0.2873|1:0.2067|2:0.0811|3:0.0811|4:0.0814|5:0.0814|6:0.0990|7:0.0819
21,math_algebra2_2015,math-algebra2-2015.js,multiple-select,Identify all the points where the graph of h ( x ) = ( x + 1 ) ( x 2 + 8 x + 16 ) intersects the x-axis.,4,0.2823892578537121,2.8724822516514346,0:0.1018|1:0.0968|2:0.0982|3:0.1027|4:0.2824|5:0.1030|6:0.1099|7:0.1052
22,math_algebra2_2015,math-algebra2-2015.js,multiple-choice,The function f ( x ) = ( 1 - x ) 2 - 4 is decreasing throughout the interval —,4,0.4075989406663323,2.638302507382699,0:0.0846|1:0.0846|2:0.0846|3:0.0846|4:0.4076|5:0.0847|6:0.0846|7:0.0846
23,math_algebra2_2015,math-algebra2-2015.js,multiple-choice,Given: f ( x ) = 4 x 4 - 15 and g ( x ) = 2 x + 11 What is the value of g ( f ( x ) ) ?,2,0.29063779433653425,2.7559444838737512,0:0.0802|1:0.0802|2:0.2906|3:0.0802|4:0.0802|5:0.0802|6:0.2283|7:0.0802
24,math_algebra2_2015,math-algebra2-2015.js,multiple-choice,A normally distributed data set has a mean of 0 and a standard deviation of 0.5. Which is closest to the percent of values between -1 and 1?,7,0.3214680719501599,2.8107087074934944,0:0.0981|1:0.0990|2:0.0992|3:0.0967|4:0.0953|5:0.0952|6:0.0952|7:0.3215
25,math_algebra2_2015,math-algebra2-2015.js,point-select,Point A lies on the graph of f ( x ) = 1 2 x + 2 . Locate the image of Point A that lies on the graph of f - 1 ( x ) .,6,0.22025451282184008,2.9030301059429076,0:0.0977|1:0.0953|2:0.0953|3:0.0953|4:0.1963|5:0.1044|6:0.2203|7:0.0953
26,math_algebra2_2015,math-algebra2-2015.js,multiple-choice,Which equation best represents this graph?,5,0.3957856735247536,2.6646726687581612,0:0.0866|1:0.0862|2:0.0862|3:0.0862|4:0.0868|5:0.3958|6:0.0862|7:0.0862
27,math_algebra2_2015,math-algebra2-2015.js,multiple-choice,"If f ( x ) = x 2 + 3 x and g ( x ) = 2 x 2 , what is g ( f ( - 1 ) ) ?",0,0.125,3.0,0:0.1250|1:0.1250|2:0.1250|3:0.1250|4:0.1250|5:0.1250|6:0.1250|7:0.1250
28,math_algebra2_2015,math-algebra2-2015.js,multiple-choice,"The volume of a cone (V) varies jointly with its height (h) and the square of its radius (r). If k is the constant of proportionality, which of the following equations represents the correct relationship between volume, radius, and height?",0,0.20342030699812458,2.9429014718132507,0:0.2034|1:0.1664|2:0.1058|3:0.0973|4:0.1017|5:0.1019|6:0.1260|7:0.0975
29,math_algebra2_2015,math-algebra2-2015.js,multiple-choice,What is the equation of the horizontal asymptote of the graph of the following equation? f ( x ) = 4 ( x + 1 ) - 10,5,0.3423815102015432,2.698558054551401,0:0.0781|1:0.1958|2:0.0766|3:0.0766|4:0.0773|5:0.3424|6:0.0766|7:0.0766
30,math_algebra2_2015,math-algebra2-2015.js,multiple-choice,"As x approaches negative infinity, which of the following describes the end behavior of f ( x ) = - x 7 + b x 3 + c ?",1,0.37825471054533977,2.702246533016575,0:0.0888|1:0.3783|2:0.0885|3:0.0885|4:0.0889|5:0.0900|6:0.0885|7:0.0885
31,math_algebra2_2015,math-algebra2-2015.js,multiple-choice,"Jessica paid $23,000 for her car and kept a record of its value. Assuming the relationship is exponential, which equation best models the curve of best fit for the data?",5,0.30433996698807353,2.7957159072592335,0:0.0848|1:0.0847|2:0.1771|3:0.0847|4:0.0851|5:0.3043|6:0.0850|7:0.0942
32,math_algebra2_2015,math-algebra2-2015.js,multiple-choice,What is the sum of the infinite geometric series 9 - 6 + 4 - 8 3 + ... ?,7,0.1664225417651834,2.989512267556334,0:0.1226|1:0.1182|2:0.1186|3:0.1185|4:0.1186|5:0.1182|6:0.1188|7:0.1664
33,math_algebra2_2015,math-algebra2-2015.js,multiple-choice,Which number is a zero of f ( x ) = 7 x 2 + 16 x - 48 ?,4,0.2781112564605285,2.8638433746285177,0:0.0953|1:0.0974|2:0.0950|3:0.0950|4:0.2781|5:0.0950|6:0.0950|7:0.1492
34,math_algebra2_2015,math-algebra2-2015.js,multiple-choice,Which function is the inverse of g ( x ) = x 3 + 11 ?,4,0.33338998415606413,2.7897605674676393,0:0.0951|1:0.0958|2:0.0951|3:0.0951|4:0.3334|5:0.0952|6:0.0951|7:0.0951
35,math_algebra2_2015,math-algebra2-2015.js,multiple-choice,What is the domain of g ( x ) = log ( x - 1 ) ?,4,0.16814337516968308,2.987794347017176,0:0.1155|1:0.1294|2:0.1176|3:0.1153|4:0.1681|5:0.1161|6:0.1219|7:0.1161
36,math_algebra2_2015,math-algebra2-2015.js,multiple-choice,"A scientist obtained a sample that contained 80 grams of radioactive Barium-122 that decays exponentially over time. The amount of Barium-122 that remained in the sample at observed times is shown in the table. If the radioactive decay continues at the same rate, which is closest to the amount of the sample of Barium-122 remaining at 5 minutes?",0,0.23322208786964033,2.935082137576768,0:0.2332|1:0.1064|2:0.1065|3:0.1065|4:0.1204|5:0.1133|6:0.1065|7:0.1073
37,math_algebra2_2015,math-algebra2-2015.js,multiple-choice,"What is the sum of the first 20 terms of the arithmetic sequence shown? 1 3 , 2 3 , 1 , 4 3 , 5 3 , ...",0,0.23871507628777588,2.9263781132160673,0:0.2387|1:0.1044|2:0.1045|3:0.1045|4:0.1063|5:0.1054|6:0.1049|7:0.1312
38,math_algebra2_2015,math-algebra2-2015.js,free-response,What is the number of possible permutations of 8 objects taken 3 at a time?,4,0.2670768431294289,2.8943701725343267,0:0.1122|1:0.1033|2:0.1038|3:0.1036|4:0.2671|5:0.1033|6:0.1035|7:0.1034
1,math_algebra2_practice_2023,math-algebra2-practice-2023.js,multiple-choice,Which expression is equivalent to the one shown if the denominators do not equal zero? 2 x x 2 - 49 - 3 ( x - 4 ) ( x - 7 ),7,0.3923926380891021,2.6710968862148405,0:0.0897|1:0.0841|2:0.0844|3:0.0843|4:0.0960|5:0.0849|6:0.0842|7:0.3924
2,math_algebra2_practice_2023,math-algebra2-practice-2023.js,multiple-choice,Which expression is equivalent to the one shown if no denominators equal zero? - 13 + d 42 d 3 13 - d 6 d 9,7,0.3923926380891021,2.6710968862148405,0:0.0897|1:0.0841|2:0.0844|3:0.0843|4:0.0960|5:0.0849|6:0.0842|7:0.3924
3,math_algebra2_practice_2023,math-algebra2-practice-2023.js,multiple-choice,Which expression is equivalent to 576 n 8 p 27 3 ?,7,0.3973705819768269,2.661178305638865,0:0.0859|1:0.0859|2:0.0870|3:0.0859|4:0.0859|5:0.0859|6:0.0859|7:0.3974
4,math_algebra2_practice_2023,math-algebra2-practice-2023.js,multiple-choice,Which is the factored form of 125 m 3 - 343,1,0.1972408865464645,2.9677984609176074,0:0.1107|1:0.1972|2:0.1107|3:0.1107|4:0.1158|5:0.1125|6:0.1107|7:0.1318
5,math_algebra2_practice_2023,math-algebra2-practice-2023.js,multiple-choice,What are the y-coordinates for the solutions to this system of equations? x 2 + 6 x + 3 y + 6 = 0 x + y + 20 = 0,0,0.15729409597158825,2.9837785810822925,0:0.1573|1:0.1261|2:0.1111|3:0.1111|4:0.1130|5:0.1131|6:0.1571|7:0.1111
6,math_algebra2_practice_2023,math-algebra2-practice-2023.js,multiple-choice,What is the real solution set of -- x x - 4 - 4 3 = 4 x - 4,0,0.3671513268986689,2.7250843245668213,0:0.3672|1:0.0901|2:0.0901|3:0.0901|4:0.0908|5:0.0905|6:0.0901|7:0.0910
7,math_algebra2_practice_2023,math-algebra2-practice-2023.js,multiple-choice,What is the solution set for this equation? 3 2 x - 4 + 6 = 3,0,0.28024084863097165,2.7216961791083176,0:0.2802|1:0.0764|2:0.0764|3:0.0764|4:0.0765|5:0.2610|6:0.0764|7:0.0768
8,math_algebra2_practice_2023,math-algebra2-practice-2023.js,multiple-choice,Which function is best represented by this graph?,4,0.44235023994480815,2.555902789686377,0:0.0795|1:0.0794|2:0.0794|3:0.0794|4:0.4424|5:0.0803|6:0.0795|7:0.0800
9,math_algebra2_practice_2023,math-algebra2-practice-2023.js,multiple-choice,Which graph could represent a function g(x) = log(x) + c where c < 0?,4,0.4173214600860619,2.6146859469187125,0:0.0791|1:0.0846|2:0.0914|3:0.0791|4:0.4173|5:0.0791|6:0.0882|7:0.0810
10,math_algebra2_practice_2023,math-algebra2-practice-2023.js,multiple-choice,"An experiment is conducted on a container of gas that is kept at a constant temperature. • When the pressure on the gas is 30 pounds per square inch, the volume is 120 cubic inches. • When the pressure on the gas is 40 pounds per square inch, the volume is 90 cubic inches. • Let p represent the pressure on the gas. • Let v represent the volume of the gas. Which statement is true about this relationship?",3,0.1642827338824349,2.9677400600864505,0:0.1522|1:0.0998|2:0.1086|3:0.1643|4:0.1145|5:0.1006|6:0.1002|7:0.1599
11,math_algebra2_practice_2023,math-algebra2-practice-2023.js,multiple-choice,A relation is shown in this table. Which statement about this relation is true?,3,0.2835394216126802,2.846481589233554,0:0.0929|1:0.0968|2:0.0904|3:0.2835|4:0.1611|5:0.0943|6:0.0902|7:0.0907
12,math_algebra2_practice_2023,math-algebra2-practice-2023.js,multiple-choice,The graph of g ( x ) = x + 1 x has —,4,0.31903007563959473,2.813754391208449,0:0.1018|1:0.0937|2:0.0937|3:0.0954|4:0.3190|5:0.0948|6:0.1077|7:0.0937
13,math_algebra2_practice_2023,math-algebra2-practice-2023.js,multiple-choice,The graph of a function is shown on the grid. What appears to be the domain of this function?,4,0.42477468734897594,2.5984268310683043,0:0.0831|1:0.0816|2:0.0839|3:0.0817|4:0.4248|5:0.0816|6:0.0817|7:0.0816
14,math_algebra2_practice_2023,math-algebra2-practice-2023.js,multiple-choice,Throughout which interval is f ( x ) = - x 3 + 2 x 2 + 4 x - 2 increasing?,0,0.125,3.0,0:0.1250|1:0.1250|2:0.1250|3:0.1250|4:0.1250|5:0.1250|6:0.1250|7:0.1250
15,math_algebra2_practice_2023,math-algebra2-practice-2023.js,multiple-choice,Which of the following describes the end behavior of h ( x ) = x - 6 x 2 as x approaches negative infinity?,1,0.37825471054533977,2.702246533016575,0:0.0888|1:0.3783|2:0.0885|3:0.0885|4:0.0889|5:0.0900|6:0.0885|7:0.0885
16,math_algebra2_practice_2023,math-algebra2-practice-2023.js,multiple-choice,Which of the following describes the end behavior of f ( x ) = 9 log ( 2x 5 ) + 5 as x approaches 0?,1,0.34528999001315525,2.767688199487732,0:0.0927|1:0.3453|2:0.0925|3:0.0925|4:0.0967|5:0.0937|6:0.0940|7:0.0925
17,math_algebra2_practice_2023,math-algebra2-practice-2023.js,multiple-choice,Given: f(x) = x − 1 g(x) = −2x + 4 Which graph best represents f(g(x))?,5,0.24523499246708183,2.8445806438850765,0:0.0888|1:0.0887|2:0.0898|3:0.0887|4:0.0913|5:0.2452|6:0.2188|7:0.0887
18,math_algebra2_practice_2023,math-algebra2-practice-2023.js,multiple-choice,"The test scores of all students on the State 10th Grade English Assessment were collected and displayed in the histogram shown. The data appear normally distributed with a mean test score of 550 and a standard deviation of 82. The principal of a high school in the state wants to compare the data from her school's students with the data in the histogram on the same test. To collect the most appropriate data, the principal should —",7,0.3377795840071661,2.781738718685551,0:0.0963|1:0.0942|2:0.0944|3:0.0943|4:0.0944|5:0.0944|6:0.0943|7:0.3378
19,math_algebra2_practice_2023,math-algebra2-practice-2023.js,multiple-choice,The test scores of all students on the State 10th Grade English Assessment were collected and displayed in the histogram shown. The data appear normally distributed with a mean test score of 550 and a standard deviation of 82. The data set containing the test scores on the State 10th Grade English Assessment for Mr. Carter's English classes has a median test score lower than the median for all students. Which graph best represents the data for Mr. Carter's English classes?,7,0.34440941383498314,2.7604076235256185,0:0.0887|1:0.0864|2:0.0865|3:0.0865|4:0.0953|5:0.1258|6:0.0864|7:0.3444
20,math_algebra2_practice_2023,math-algebra2-practice-2023.js,multiple-choice,A normally distributed set of 968 values has a mean of 108 and a standard deviation of 11. Which is closest to the number of values expected to be above 130?,7,0.24356875262258953,2.9111333098832093,0:0.1057|1:0.1070|2:0.1052|3:0.0961|4:0.1498|5:0.0966|6:0.0960|7:0.2436
21,math_algebra2_practice_2023,math-algebra2-practice-2023.js,multiple-choice,This table shows data on the amount of money raised during a fundraiser for four different classes and for one student in each class. The data is normally distributed. Which of the four students raised the greatest amount of money?,7,0.3044704535959361,2.8389139718186764,0:0.1000|1:0.0971|2:0.0973|3:0.0972|4:0.1041|5:0.1026|6:0.0972|7:0.3045
22,math_algebra2_practice_2023,math-algebra2-practice-2023.js,multiple-choice,"The amount of lost revenue from tickets not sold for a concert is shown in the table. Which equation best models the relationship between y, the amount of lost revenue, and x, the price per ticket?",5,0.23899497979685347,2.8995915064236435,0:0.1751|1:0.0950|2:0.0953|3:0.0952|4:0.1031|5:0.2390|6:0.0954|7:0.1018
1,math_geometry_2014,math-geometry-2014.js,multiple-choice,"Let p represent ""Two angles are vertical angles."" Let q represent ""The angles are congruent."" What is the symbolic representation of the following statement? If two angles are congruent, then the angles are vertical angles.",7,0.17869973971949527,2.963748333368632,0:0.1168|1:0.1613|2:0.0986|3:0.1328|4:0.0983|5:0.0980|6:0.1154|7:0.1787
2,math_geometry_2014,math-geometry-2014.js,multiple-choice,Beth is drawing the perpendicular bisector of S T ¯ . Which point is on the perpendicular bisector of S T ¯ ?,6,0.2441813603266005,2.9171897676105254,0:0.1028|1:0.1025|2:0.1025|3:0.1025|4:0.1034|5:0.1380|6:0.2442|7:0.1041
3,math_geometry_2014,math-geometry-2014.js,multiple-choice,"In this figure, parallel lines a and b are intersected by line c. Which pair of angles is NOT supplementary?",5,0.23030734448710632,2.905846123197396,0:0.1806|1:0.1054|2:0.0990|3:0.0962|4:0.0962|5:0.2303|6:0.0962|7:0.0961
4,math_geometry_2014,math-geometry-2014.js,multiple-choice,What type of construction is illustrated in the figure?,0,0.22068203228966538,2.948935311973545,0:0.2207|1:0.1099|2:0.1104|3:0.1100|4:0.1175|5:0.1115|6:0.1100|7:0.1100
5,math_geometry_2014,math-geometry-2014.js,multiple-choice,"Which value for x is a counterexample to the following statement? For all positive values of x, x 3 ≥ x.",1,0.2317965875004676,2.8260158470580556,0:0.0765|1:0.2318|2:0.2166|3:0.1625|4:0.0772|5:0.0776|6:0.0757|7:0.0821
6,math_geometry_2014,math-geometry-2014.js,multiple-choice,An angle congruent to angle A is being constructed. Which ray could be drawn to construct an angle congruent to ∠A?,2,0.18759432182774485,2.9659085906738087,0:0.1085|1:0.1175|2:0.1876|3:0.1073|4:0.1073|5:0.1072|6:0.1561|7:0.1086
7,math_geometry_2014,math-geometry-2014.js,multiple-choice,Which diagram shows a pair of angle measures that prove lines a and b are parallel?,2,0.15950722605223952,2.9894796490742834,0:0.1138|1:0.1142|2:0.1595|3:0.1096|4:0.1164|5:0.1295|6:0.1361|7:0.1210
8,math_geometry_2014,math-geometry-2014.js,multiple-choice,"Which is a valid conclusion that can be drawn from these statements? If a quadrilateral is a rhombus, then it is a parallelogram. If a quadrilateral is a parallelogram, then its opposite angles are congruent.",6,0.1634661098477572,2.9885883537304125,0:0.1332|1:0.1257|2:0.1242|3:0.1154|4:0.1128|5:0.1126|6:0.1635|7:0.1128
9,math_geometry_2014,math-geometry-2014.js,multiple-choice,"This figure shows parallel stair railings through points M, N, P, and Q. What is the value of x?",2,0.29383167521021897,2.8202163130243685,0:0.0895|1:0.0869|2:0.2938|3:0.0870|4:0.0962|5:0.1712|6:0.0870|7:0.0885
10,math_geometry_2014,math-geometry-2014.js,multiple-choice,"Given: S(-1, 8) and T(7, -9) What is the length of S T ¯ ?",6,0.34313395281329334,2.7717958649698344,0:0.0941|1:0.0931|2:0.0944|3:0.0934|4:0.0931|5:0.0931|6:0.3431|7:0.0958
6,math_geometry_2014,math-geometry-2014.js,multiple-choice,The perimeter of △JKL is 200 centimeters. • JK = 68 centimeters • KL = 62 centimeters Which statement is true about the interior angles of △JKL?,3,0.26658759488071376,2.894831004009389,0:0.1064|1:0.1053|2:0.1024|3:0.2666|4:0.1022|5:0.1021|6:0.1129|7:0.1022
12,math_geometry_2014,math-geometry-2014.js,multiple-choice,Which best describes the construction in the diagram shown?,0,0.2582390653431654,2.8806208369592707,0:0.2582|1:0.1668|2:0.0978|3:0.0957|4:0.0945|5:0.0972|6:0.0955|7:0.0941
13,math_geometry_2014,math-geometry-2014.js,multiple-choice,"Which is the inverse of the following statement? If the measure of an angle is 90°, then it is a right angle.",1,0.1941808181166138,2.939136131361854,0:0.0956|1:0.1942|2:0.1650|3:0.1531|4:0.0967|5:0.0938|6:0.1080|7:0.0935
14,math_geometry_2014,math-geometry-2014.js,multiple-choice,"If TUVW is reflected across the line y = x, what are the coordinates of V′?",5,0.31327569007807937,2.82413953731056,0:0.0962|1:0.0962|2:0.1067|3:0.0989|4:0.0963|5:0.3133|6:0.0962|7:0.0962
15,math_geometry_2014,math-geometry-2014.js,free-response,Lines r and s are cut by a transversal. What value of x proves that r ∥ s?,2,0.27991121745554837,2.875241838622138,0:0.1000|1:0.1035|2:0.2799|3:0.0997|4:0.0997|5:0.1007|6:0.1169|7:0.0997
16,math_geometry_2014,math-geometry-2014.js,multiple-choice,"Given: P(5, 7) and T(-3, 3) What is the slope of P T → ?",6,0.24115941204548483,2.9050702526887484,0:0.0978|1:0.0978|2:0.1006|3:0.0985|4:0.0980|5:0.1652|6:0.2412|7:0.1010
17,math_geometry_2014,math-geometry-2014.js,multiple-choice,For which polygon are both x = -1 and y = -2 lines of symmetry?,0,0.1676923773065245,2.988839052658224,0:0.1677|1:0.1228|2:0.1202|3:0.1177|4:0.1176|5:0.1190|6:0.1176|7:0.1175
18,math_geometry_2014,math-geometry-2014.js,multiple-choice,"The figure represents a ramp with handrails. Segments AB and DE are parallel to GH. Segments BC and EF are parallel to HJ. Segments AG and BH are parallel to CJ. If m∠JCB = 115°, what is m∠CBA?",0,0.1908806670416433,2.9674978413680724,0:0.1909|1:0.1092|2:0.1137|3:0.1094|4:0.1100|5:0.1482|6:0.1094|7:0.1093
19,math_geometry_2014,math-geometry-2014.js,multiple-choice,"Reuben attached a wire between two poles on a hill as shown. Which is closest to x, the distance between the two poles?",0,0.26848990575770953,2.882505144541346,0:0.2685|1:0.0979|2:0.0964|3:0.1016|4:0.0965|5:0.1008|6:0.0966|7:0.1417
20,math_geometry_2014,math-geometry-2014.js,multiple-choice,"Triangles ABE, ADE, and CBE are shown on the coordinate grid, and all the vertices have coordinates that are integers. Which statement is true?",3,0.3090794693932023,2.831416842210307,0:0.1005|1:0.0952|2:0.1014|3:0.3091|4:0.1000|5:0.1017|6:0.0954|7:0.0968
21,math_geometry_2014,math-geometry-2014.js,drag-drop,"The lengths of two sides of a triangle are 24 inches and 43 inches. What is the range of possible lengths, in inches, for the third side, x, of this triangle? ___ < x < ___",2,0.2952476109012265,2.8537093545595287,0:0.1004|1:0.1032|2:0.2952|3:0.0988|4:0.0997|5:0.0998|6:0.0989|7:0.1039
22,math_geometry_2014,math-geometry-2014.js,multiple-choice,Which of the following sets of lengths can represent the measures of the sides of a right triangle?,2,0.23349331683477895,2.8837358119054937,0:0.0884|1:0.1851|2:0.2335|3:0.0883|4:0.0885|5:0.0884|6:0.0885|7:0.1394
23,math_geometry_2014,math-geometry-2014.js,multiple-choice,"Given the measures shown in the diagram, which two triangles are congruent?",6,0.21445604427318762,2.9297831194073787,0:0.1706|1:0.0983|2:0.1157|3:0.1120|4:0.0950|5:0.0949|6:0.2145|7:0.0990
24,math_geometry_2014,math-geometry-2014.js,multiple-choice,"Part of a marching band formed a triangle made with trumpet players on one side, clarinet players on one side, and flute players on the third side. • The angle formed by the trumpet and flute players measured 45°. • The angle formed by the flute and clarinet players measured 68°. Which orders the sides of this triangle from least to greatest using the instrument names?",2,0.2748774202433984,2.879203594324876,0:0.0989|1:0.0985|2:0.2749|3:0.0985|4:0.1013|5:0.0998|6:0.0994|7:0.1287
25,math_geometry_2014,math-geometry-2014.js,multiple-choice,"An equilateral triangle is folded in half. What is x, the height of the equilateral triangle?",2,0.37488096044522373,2.70927711627055,0:0.0894|1:0.0893|2:0.3749|3:0.0893|4:0.0893|5:0.0893|6:0.0893|7:0.0893
26,math_geometry_2014,math-geometry-2014.js,multiple-choice,Look at this triangle. Which triangle is similar to the given triangle?,2,0.35469095443985144,2.741221808137964,0:0.0868|1:0.0868|2:0.3547|3:0.0868|4:0.0868|5:0.0868|6:0.1242|7:0.0871
27,math_geometry_2014,math-geometry-2014.js,drag-drop,Given: Figure ABCD with diagonal AC AB ≅ DC; BC ≅ AD Complete the proof of △ABC ≅ △CDA by selecting reasons for the two statements.,6,0.22053612850653928,2.9361131127822677,0:0.1544|1:0.1025|2:0.1099|3:0.1081|4:0.1006|5:0.1005|6:0.2205|7:0.1035
28,math_geometry_2014,math-geometry-2014.js,multiple-choice,A spectator is viewing the six cars of a roller coaster as it travels down a hill at an amusement park. Which is closest to the total length of the six cars?,0,0.21035193434544852,2.926492351290829,0:0.2104|1:0.0954|2:0.0956|3:0.0956|4:0.1454|5:0.0954|6:0.1667|7:0.0955
29,math_geometry_2014,math-geometry-2014.js,multiple-choice,Three triangles that do not overlap are shown on the coordinate grid. The coordinates of all vertices are integers. Which statement is true?,3,0.3025091769786659,2.8413887275676055,0:0.1003|1:0.0951|2:0.1091|3:0.3025|4:0.0991|5:0.1022|6:0.0954|7:0.0963
30,math_geometry_2014,math-geometry-2014.js,multiple-choice,"Using the information given, which congruence postulate or theorem can be used to prove that △PQR ≅ △TSR?",6,0.20671504303121896,2.9451250881315945,0:0.1006|1:0.1003|2:0.1622|3:0.1010|4:0.1139|5:0.1095|6:0.2067|7:0.1058
31,math_geometry_2014,math-geometry-2014.js,multiple-choice,Which could be the lengths of three sides of a triangle?,2,0.2955882914826893,2.8525075371633823,0:0.0979|1:0.1091|2:0.2956|3:0.0975|4:0.0984|5:0.0991|6:0.0977|7:0.1048
32,math_geometry_2014,math-geometry-2014.js,multiple-choice,Given: Q lies on P R ¯ and S lies on R T ¯ Which condition proves △PRT ~ △QRS?,6,0.25659905201426253,2.9083983277161742,0:0.1050|1:0.1050|2:0.1105|3:0.1050|4:0.1050|5:0.1063|6:0.2566|7:0.1066
33,math_geometry_2014,math-geometry-2014.js,free-response,Given: Parallelogram QRST where QR = 6x - 5 and RS = 4x + 13 What value of x proves this parallelogram is a rhombus?,2,0.23257384328677214,2.868801945276143,0:0.0923|1:0.0923|2:0.2326|3:0.0923|4:0.0923|5:0.0923|6:0.2136|7:0.0923
34,math_geometry_2014,math-geometry-2014.js,multiple-choice,The floor plan for a modern home is modeled by the composite of the regular nonagon and triangle shown. What is the measure of ∠JKL?,2,0.3746122975782255,2.709801683862551,0:0.0912|1:0.0890|2:0.3746|3:0.0891|4:0.0890|5:0.0890|6:0.0891|7:0.0890
35,math_geometry_2014,math-geometry-2014.js,multiple-choice,"Given: Circle P with center at (-4, 1) Which equation could represent circle P?",6,0.382584198010175,2.664359549588421,0:0.0780|1:0.0793|2:0.0780|3:0.0780|4:0.0780|5:0.1474|6:0.3826|7:0.0786
36,math_geometry_2014,math-geometry-2014.js,multiple-choice,This container is composed of a right circular cylinder and a right circular cone. Which is closest to the surface area of the container?,0,0.20486996174337332,2.958216204529859,0:0.2049|1:0.1103|2:0.1418|3:0.1087|4:0.1086|5:0.1086|6:0.1086|7:0.1085
37,math_geometry_2014,math-geometry-2014.js,multiple-choice,Given: Circle J What is the value of y?,6,0.3299750706390669,2.6833377017042217,0:0.0743|1:0.0743|2:0.2243|3:0.0743|4:0.0743|5:0.0743|6:0.3300|7:0.0743
38,math_geometry_2014,math-geometry-2014.js,multiple-choice,A cell phone box in the shape of a rectangular prism is shown. The height of the box is 4 cm. The height of the original box will be increased by 3.5 centimeters. Which is closest to the total surface area of the new box?,0,0.31618334230931194,2.818785848448929,0:0.3162|1:0.0953|2:0.0954|3:0.0954|4:0.1091|5:0.0953|6:0.0956|7:0.0977
39,math_geometry_2014,math-geometry-2014.js,multiple-choice,Parallelogram ABCD is a rhombus with m∠EBC = 36°. What is the m∠DAE?,6,0.1474043853240475,2.996778699058578,0:0.1213|1:0.1213|2:0.1249|3:0.1213|4:0.1213|5:0.1213|6:0.1474|7:0.1213
40,math_geometry_2014,math-geometry-2014.js,multiple-choice,"Circle O has a center at (-2, -2) and a diameter of 10 units. Which point lies on circle O?",6,0.36290266216628364,2.7335932000047682,0:0.0907|1:0.0907|2:0.0907|3:0.0907|4:0.0907|5:0.0929|6:0.3629|7:0.0907
41,math_geometry_2014,math-geometry-2014.js,multiple-choice,An architect used this diagram to design a curved balcony. She drew a circle with a radius of 40 feet and a central angle of 70° to determine the length of railing needed for the balcony. Which is closest to the length of railing needed for the curved section of the balcony?,6,0.3101952575555296,2.825007368329921,0:0.0972|1:0.0943|2:0.1231|3:0.0930|4:0.0949|5:0.0939|6:0.3102|7:0.0934
42,math_geometry_2014,math-geometry-2014.js,multiple-choice,A polygon is shown. What is the measure of ∠U?,0,0.2855695552660635,2.8680589592206815,0:0.2856|1:0.1007|2:0.1102|3:0.1007|4:0.1008|5:0.1007|6:0.1007|7:0.1007
43,math_geometry_2014,math-geometry-2014.js,multiple-choice,The volume of a cube is 64 cubic centimeters. What is the surface area of the cube?,0,0.20238837459182074,2.9655140233835855,0:0.2024|1:0.1116|2:0.1119|3:0.1143|4:0.1187|5:0.1116|6:0.1176|7:0.1120
44,math_geometry_2014,math-geometry-2014.js,multiple-choice,"The diagonals of rectangle KLMN intersect at the point (2, 1). One of the vertices of rectangle KLMN is located at (-4, 5). Which of the following could be the location of another vertex of this rectangle?",1,0.18147143183653688,2.967711756781718,0:0.1314|1:0.1815|2:0.1217|3:0.0972|4:0.0976|5:0.0994|6:0.1455|7:0.1257
45,math_geometry_2014,math-geometry-2014.js,multiple-choice,Given: Circle P Which is closest to the area of the shaded sector of circle P?,6,0.43454104918799197,2.575040671666224,0:0.0812|1:0.0806|2:0.0807|3:0.0806|4:0.0806|5:0.0806|6:0.4345|7:0.0812
46,math_geometry_2014,math-geometry-2014.js,multiple-choice,The ratio of the lengths of the radii of two spheres is 3:5. What is the ratio of the volumes of these two spheres?,7,0.16217179503185775,2.989920455770042,0:0.1290|1:0.1183|2:0.1288|3:0.1181|4:0.1128|5:0.1183|6:0.1125|7:0.1622
47,math_geometry_2014,math-geometry-2014.js,multiple-choice,This figure is composed of an isosceles trapezoid and a regular octagon. What is the value of x?,2,0.3463101181872427,2.7658403734778103,0:0.0952|1:0.0930|2:0.3463|3:0.0931|4:0.0931|5:0.0931|6:0.0931|7:0.0931
48,math_geometry_2014,math-geometry-2014.js,point-select,Plot the center of the circle defined by the equation ( x + 4 ) 2 + ( y - 5 ) 2 = 3 2 .,6,0.26325844764430345,2.822986886548099,0:0.0871|1:0.0870|2:0.0870|3:0.0870|4:0.0871|5:0.2143|6:0.2633|7:0.0873
49,math_geometry_2014,math-geometry-2014.js,multiple-choice,A rectangular pyramid is shown. What is the volume of the pyramid?,0,0.311159023585936,2.8283278880683076,0:0.3112|1:0.0984|2:0.0985|3:0.0984|4:0.0984|5:0.0984|6:0.0984|7:0.0984
50,math_geometry_2014,math-geometry-2014.js,multiple-choice,A company is creating a new cylindrical container to replace its original cylindrical container. • The new container will have 4 times the volume of the original container. • The height of the new container will remain the same as the height of the original container. The length of the radius of the new container will be—,0,0.1874908168441006,2.9761944064536308,0:0.1875|1:0.1128|2:0.1161|3:0.1131|4:0.1172|5:0.1132|6:0.1272|7:0.1129
1,math_geometry_2015,math-geometry-2015.js,multiple-choice,"Which Venn diagram accurately represents the information in the following statement? If a triangle is equilateral, then it is isosceles.",2,0.20877030217317036,2.9010829562358316,0:0.0857|1:0.1882|2:0.2088|3:0.1516|4:0.0861|5:0.1080|6:0.0867|7:0.0849
2,math_geometry_2015,math-geometry-2015.js,multiple-choice,The graph of line j is shown. Which ratio represents the slope of a line parallel to line j?,5,0.3823261161115025,2.6864435978804595,0:0.1170|1:0.0832|2:0.0836|3:0.0835|4:0.0835|5:0.3823|6:0.0834|7:0.0833
3,math_geometry_2015,math-geometry-2015.js,drag-drop,Let p represent Brent works this summer. Let q represent Brent takes a vacation. Symbolically represent the following argument:,7,0.2438896894503292,2.8931382238876244,0:0.0948|1:0.1753|2:0.0948|3:0.0948|4:0.1026|5:0.0953|6:0.0985|7:0.2439
4,math_geometry_2015,math-geometry-2015.js,multiple-choice,Which type of construction is illustrated in the figure?,0,0.22068203228966538,2.948935311973545,0:0.2207|1:0.1099|2:0.1104|3:0.1100|4:0.1175|5:0.1115|6:0.1100|7:0.1100
5,math_geometry_2015,math-geometry-2015.js,multiple-choice,"The diagrams represent the stripes used to mark parking spaces on a lot. Based only on the information given, which diagram could be used to prove AB ― || CD ― and AC ― || BD ― ?",6,0.19872043432230874,2.9438527573183912,0:0.0920|1:0.0995|2:0.1543|3:0.1003|4:0.1091|5:0.0960|6:0.1987|7:0.1501
6,math_geometry_2015,math-geometry-2015.js,multiple-choice,"Given statements: If a shape is a parallelogram, then opposite angles are congruent. A rhombus is a parallelogram. Which is a logical conclusion from the given statements?",6,0.2595561589873371,2.904254578124804,0:0.1035|1:0.1122|2:0.1087|3:0.1059|4:0.1027|5:0.1027|6:0.2596|7:0.1048
7,math_geometry_2015,math-geometry-2015.js,multiple-choice,Which figure appears to have exactly two lines of symmetry?,0,0.22522362399814913,2.9397915555217953,0:0.2252|1:0.1052|2:0.1106|3:0.1009|4:0.1283|5:0.1043|6:0.1010|7:0.1245
8,math_geometry_2015,math-geometry-2015.js,multiple-choice,"Which is the converse of the following statement? If a b = c, then a = bc.",1,0.30532516892003514,2.744999620447734,0:0.0796|1:0.3053|2:0.0796|3:0.2169|4:0.0796|5:0.0796|6:0.0796|7:0.0796
9,math_geometry_2015,math-geometry-2015.js,multiple-choice,Which graph best represents a line perpendicular to line k?,5,0.42120502438610513,2.6068933505588965,0:0.0827|1:0.0826|2:0.0826|3:0.0826|4:0.0828|5:0.4212|6:0.0826|7:0.0826
10,math_geometry_2015,math-geometry-2015.js,multiple-choice,Which statement describes the construction being illustrated on the rectangle shown?,0,0.21111672581616595,2.908137365800277,0:0.2111|1:0.1504|2:0.0911|3:0.1824|4:0.0917|5:0.0913|6:0.0910|7:0.0910
11,math_geometry_2015,math-geometry-2015.js,multiple-choice,Four lines and four congruent angles are identified in the diagram. Which statement must be true?,3,0.25412360302332,2.910463788880117,0:0.1026|1:0.1098|2:0.1068|3:0.2541|4:0.1005|5:0.1005|6:0.1137|7:0.1119
12,math_geometry_2015,math-geometry-2015.js,free-response,The figure shows JN ― and KM ― intersecting at point L. What value of x proves JK ― || MN ― ?,2,0.27087525680048774,2.867034525532819,0:0.0897|1:0.0863|2:0.2709|3:0.0864|4:0.0947|5:0.1185|6:0.1528|7:0.1008
13,math_geometry_2015,math-geometry-2015.js,multiple-choice,Given: MP ― Which segment is congruent to MP ― ?,6,0.2594110911283794,2.904332292173919,0:0.1028|1:0.1028|2:0.1136|3:0.1048|4:0.1032|5:0.1082|6:0.2594|7:0.1052
14,math_geometry_2015,math-geometry-2015.js,multiple-choice,Triangle ABC is reflected across the x-axis and then reflected across the y-axis to create △A′B′C′. What are the coordinates of A′?,2,0.2733623501302888,2.885753228965289,0:0.1020|1:0.1020|2:0.2734|3:0.1035|4:0.1024|5:0.1109|6:0.1039|7:0.1020
15,math_geometry_2015,math-geometry-2015.js,multiple-choice,A diagonal walkway cuts through a park bordered by two parallel streets. The parks department plans to add an additional walkway as indicated by the dashed line segment in the figure. What is the value of x?,2,0.2533687225161843,2.844891920500881,0:0.0911|1:0.0880|2:0.2534|3:0.0882|4:0.0884|5:0.2089|6:0.0885|7:0.0935
16,math_geometry_2015,math-geometry-2015.js,multiple-choice,The coordinate values of the vertices of △KLM are integers. Which set of coordinate pairs could represent the vertices of a triangle congruent to △KLM?,7,0.19653441390401585,2.9345312261815435,0:0.1028|1:0.1061|2:0.1897|3:0.1036|4:0.1057|5:0.0969|6:0.0987|7:0.1965
17,math_geometry_2015,math-geometry-2015.js,multiple-select,Given: △ABC and △QRS Select two relationships that would prove △ABC ~ △QRS by the Side-Angle-Side (SAS) Similarity Theorem.,6,0.20042740733267184,2.963097048961359,0:0.1088|1:0.1085|2:0.1380|3:0.1114|4:0.1078|5:0.1079|6:0.2004|7:0.1172
18,math_geometry_2015,math-geometry-2015.js,multiple-choice,The diagonals of a square measure 14 cm. Which is the length of a side of the square?,2,0.1715168909730668,2.9748317013403582,0:0.1497|1:0.1047|2:0.1715|3:0.1071|4:0.1191|5:0.1047|6:0.1384|7:0.1048
19,math_geometry_2015,math-geometry-2015.js,multiple-choice,What values for x and y make △MNO ≅ △PRT?,3,0.1432362534244883,2.9953729553554487,0:0.1119|1:0.1284|2:0.1216|3:0.1432|4:0.1291|5:0.1223|6:0.1110|7:0.1325
20,math_geometry_2015,math-geometry-2015.js,multiple-choice,"Based on the given information, which figure contains a pair of similar triangles?",6,0.19079797173370858,2.966594667273874,0:0.1427|1:0.0989|2:0.1247|3:0.1162|4:0.1050|5:0.1180|6:0.1908|7:0.1037
21,math_geometry_2015,math-geometry-2015.js,multiple-choice,A right triangle is shown. Which angle measure is closest to the value of x?,2,0.44185067633765834,2.5571398177591758,0:0.0804|1:0.0796|2:0.4419|3:0.0797|4:0.0796|5:0.0796|6:0.0796|7:0.0796
22,math_geometry_2015,math-geometry-2015.js,multiple-choice,"Pine Street, Rector Street, and Taylor Street intersect to form a triangular-shaped park as shown. What is the correct order of the lengths of the streets from longest to shortest?",0,0.1946970523357798,2.965024600098113,0:0.1947|1:0.1412|2:0.1233|3:0.1038|4:0.1082|5:0.1062|6:0.1038|7:0.1188
23,math_geometry_2015,math-geometry-2015.js,multiple-choice,"The diagram shows the locations of Noah and Ben after swimming in different directions from a dock. Let d be the distance from Noah to Ben, in yards. Which represents all the possible values, in yards, of d?",5,0.1540510965238366,2.9861275625847594,0:0.1096|1:0.1145|2:0.1164|3:0.1110|4:0.1287|5:0.1541|6:0.1117|7:0.1540
24,math_geometry_2015,math-geometry-2015.js,drag-drop,Select the measures that could be the three side lengths of a right triangle.,2,0.2915257904822889,2.8592042616154654,0:0.0993|1:0.1073|2:0.2915|3:0.0988|4:0.0999|5:0.1008|6:0.0989|7:0.1035
25,math_geometry_2015,math-geometry-2015.js,multiple-choice,Given: △LMN and △PQR are isosceles What m∠P could be used to prove △LMN ≅ △PQR?,6,0.18982276074224116,2.9464731338371783,0:0.1024|1:0.1087|2:0.1831|3:0.1023|4:0.1051|5:0.1040|6:0.1898|7:0.1045
26,math_geometry_2015,math-geometry-2015.js,drag-drop,Given: △RST RS = 14 in. ST = 10 in. TR = 16 in. List the interior angles of △RST in order from smallest to largest.,6,0.23182583535931497,2.9366513047883265,0:0.1057|1:0.1133|2:0.1049|3:0.1082|4:0.1121|5:0.1051|6:0.2318|7:0.1188
27,math_geometry_2015,math-geometry-2015.js,multiple-choice,Triangle LMN is similar to triangle PQR. Which of the following sets of side lengths could be those of triangle LMN?,2,0.3395467088608102,2.7524922247870824,0:0.0846|1:0.1523|2:0.3395|3:0.0845|4:0.0847|5:0.0847|6:0.0845|7:0.0851
28,math_geometry_2015,math-geometry-2015.js,multiple-choice,A right triangle is shown. Which is closest to the value of x?,2,0.45998326413104895,2.5113895285980776,0:0.0777|1:0.0770|2:0.4600|3:0.0771|4:0.0770|5:0.0770|6:0.0771|7:0.0770
29,math_geometry_2015,math-geometry-2015.js,multiple-choice,"A convex polygon has only the vertices A, B, C, D, and E. What is the sum of the measures of the interior angles of this polygon?",0,0.15790070457748612,2.9916530232753713,0:0.1579|1:0.1214|2:0.1247|3:0.1190|4:0.1144|5:0.1139|6:0.1155|7:0.1331
30,math_geometry_2015,math-geometry-2015.js,multiple-choice,Rectangle JKLM is shown. What is the value of x?,2,0.4073017357419307,2.6389270587231484,0:0.0858|1:0.0840|2:0.4073|3:0.0841|4:0.0863|5:0.0842|6:0.0841|7:0.0841
31,math_geometry_2015,math-geometry-2015.js,multiple-choice,Chords WP ― and KZ ― intersect at point L in the circle shown. What is the length of KZ ― ?,6,0.41803302900018374,2.613948664799924,0:0.0839|1:0.0817|2:0.0819|3:0.0818|4:0.0821|5:0.0889|6:0.4180|7:0.0817
32,math_geometry_2015,math-geometry-2015.js,free-response,The height and radius of a cone are each multiplied by 3. What effect does this have on the volume of the cone? The volume of the cone is multiplied by ___,0,0.21005151786618342,2.956503376249342,0:0.2101|1:0.1095|2:0.1097|3:0.1097|4:0.1096|5:0.1095|6:0.1325|7:0.1096
33,math_geometry_2015,math-geometry-2015.js,multiple-choice,"The equation (x − 1)² + (y − 3)² = r² represents circle A. The point B(4, 7) lies on the circle. What is r, the length of the radius of circle A?",6,0.363302004974486,2.704592245054007,0:0.0811|1:0.0810|2:0.0810|3:0.0810|4:0.0811|5:0.1504|6:0.3633|7:0.0810
34,math_geometry_2015,math-geometry-2015.js,multiple-choice,Rodrigo planted flowers in a section of a circular garden as shown. Which is closest to the area of this section of the garden?,0,0.2597782832098267,2.9043498088451347,0:0.2598|1:0.1048|2:0.1051|3:0.1049|4:0.1049|5:0.1048|6:0.1096|7:0.1061
35,math_geometry_2015,math-geometry-2015.js,multiple-choice,The height of a cylinder is 9.5 centimeters. The diameter of this cylinder is 1.5 centimeters longer than the height. Which is closest to the volume of the cylinder?,0,0.24359607776666803,2.9238514279901056,0:0.2436|1:0.1057|2:0.1064|3:0.1116|4:0.1057|5:0.1057|6:0.1155|7:0.1057
36,math_geometry_2015,math-geometry-2015.js,multiple-choice,"Which shape must have opposite sides that are parallel and congruent, and diagonals that are perpendicular bisectors of each other?",0,0.14292036884450324,2.995399105245661,0:0.1429|1:0.1199|2:0.1399|3:0.1175|4:0.1143|5:0.1248|6:0.1241|7:0.1166
37,math_geometry_2015,math-geometry-2015.js,drag-drop,"A circle has a center at (4, −7) and a radius of 4 units. Create the equation of this circle.",6,0.31892660669341166,2.78638007970619,0:0.0870|1:0.0870|2:0.0870|3:0.0870|4:0.0870|5:0.1594|6:0.3189|7:0.0870
38,math_geometry_2015,math-geometry-2015.js,multiple-choice,The figure represents the pattern for a quilt. • ∠ABC = 120° • ∠ADC = (2x + 30)° • ∠BCD = x° What is the measure of ∠DCE?,0,0.26031901464218,2.900899293198865,0:0.2603|1:0.1017|2:0.1250|3:0.1018|4:0.1043|5:0.1033|6:0.1018|7:0.1018
39,math_geometry_2015,math-geometry-2015.js,multiple-choice,A rectangular prism is shown. What is the surface area of the prism?,0,0.3063484839569169,2.8361947177589104,0:0.3063|1:0.0986|2:0.0987|3:0.0987|4:0.0988|5:0.0986|6:0.0989|7:0.1014
40,math_geometry_2015,math-geometry-2015.js,multiple-choice,The volumes of two spheres are in a ratio of 1:8. What is the ratio of their radii?,7,0.15028576746670078,2.9951898937773977,0:0.1292|1:0.1191|2:0.1175|3:0.1213|4:0.1180|5:0.1269|6:0.1176|7:0.1503
41,math_geometry_2015,math-geometry-2015.js,multiple-choice,The minute hand on a clock is 10 centimeters long and travels through an arc of 108° every 18 minutes. Which measure is closest to the length of the arc the minute hand travels through during this 18-minute period?,0,0.23315963294238182,2.927209174396731,0:0.2332|1:0.1028|2:0.1039|3:0.1044|4:0.1047|5:0.1028|6:0.1453|7:0.1029
42,math_geometry_2015,math-geometry-2015.js,multiple-choice,Which point lies on the circle represented by the equation (x − 1)² + (y − 3)² = 7²?,6,0.2880490322202361,2.766666210121102,0:0.0812|1:0.0812|2:0.0812|3:0.0812|4:0.0812|5:0.2243|6:0.2880|7:0.0818
43,math_geometry_2015,math-geometry-2015.js,multiple-select,Select each property that is valid about the diagonals of a square. The diagonals of a square --,2,0.15649847305308115,2.9889524931763876,0:0.1183|1:0.1110|2:0.1565|3:0.1205|4:0.1432|5:0.1284|6:0.1112|7:0.1111
44,math_geometry_2015,math-geometry-2015.js,multiple-choice,Sarah is filling a glass sphere with decorative sand. The radius of the sphere is 2 inches. Which is closest to the minimum amount of sand Sarah needs to completely fill the glass sphere?,0,0.2205071759007384,2.942996105878845,0:0.2205|1:0.1060|2:0.1062|3:0.1062|4:0.1069|5:0.1066|6:0.1415|7:0.1061
45,math_geometry_2015,math-geometry-2015.js,multiple-choice,Aaron built a geometrically similar model of the Washington Monument. The height of the actual monument is nearly 555.5 feet. Aaron's model is 505 millimeters in height. The width of the base of the actual monument is 55 feet. Which is closest to the width of the base of the model?,7,0.32002288998582656,2.811748695636339,0:0.1032|1:0.0936|2:0.1082|3:0.0939|4:0.0937|5:0.0936|6:0.0938|7:0.3200
1,math_geometry_practice_2023,math-geometry-practice-2023.js,multiple-choice,"Which value for x is a counterexample to the following statement? For all positive values of x, x 3 ≥ x.",1,0.2317965875004676,2.8260158470580556,0:0.0765|1:0.2318|2:0.2166|3:0.1625|4:0.0772|5:0.0776|6:0.0757|7:0.0821
2,math_geometry_practice_2023,math-geometry-practice-2023.js,multiple-choice,"The Venn diagram represents the combination of lunches that athletes selected. • A total of 310 athletes selected a sandwich. • A total of 125 athletes selected both a sandwich and a salad. • A total of 180 athletes selected both a sandwich and a soup. How many athletes selected a sandwich, a soup, and a salad?",4,0.2347045693802808,2.934132917461241,0:0.1108|1:0.1064|2:0.1090|3:0.1066|4:0.2347|5:0.1103|6:0.1157|7:0.1065
3,math_geometry_practice_2023,math-geometry-practice-2023.js,multiple-choice,Given the Venn diagram: Which statement is valid?,6,0.2244269743306617,2.8785497087800618,0:0.0910|1:0.0966|2:0.0981|3:0.2140|4:0.0911|5:0.0916|6:0.2244|7:0.0931
4,math_geometry_practice_2023,math-geometry-practice-2023.js,multiple-choice,Lines a and b intersect lines c and d. Which of the following statements could be used to prove that a ∥ b and c ∥ d?,1,0.2127948226549326,2.9475373072372895,0:0.1039|1:0.2128|2:0.1463|3:0.1008|4:0.1047|5:0.1045|6:0.1185|7:0.1086
5,math_geometry_practice_2023,math-geometry-practice-2023.js,multiple-choice,Lines j and k are cut by transversals m and n. (Figure is not drawn to scale.) Which relationship is sufficient to prove j ∥ k?,0,0.21491728089326173,2.953400798653056,0:0.2149|1:0.1085|2:0.1183|3:0.1069|4:0.1073|5:0.1148|6:0.1215|7:0.1077
6,math_geometry_practice_2023,math-geometry-practice-2023.js,multiple-choice,The perimeter of △JKL is 200 centimeters. • JK = 68 centimeters • KL = 62 centimeters Which statement is true about the interior angles of △JKL?,3,0.26658759488071376,2.894831004009389,0:0.1064|1:0.1053|2:0.1024|3:0.2666|4:0.1022|5:0.1021|6:0.1129|7:0.1022
7,math_geometry_practice_2023,math-geometry-practice-2023.js,multiple-choice,Triangle STW and △XYZ are shown. Which value of x makes △STW ≅ △XYZ?,2,0.43453816230763587,2.572972209849297,0:0.0777|1:0.0770|2:0.4345|3:0.0922|4:0.0771|5:0.0874|6:0.0771|7:0.0771
8,math_geometry_practice_2023,math-geometry-practice-2023.js,multiple-choice,Evelyn is constructing a triangle congruent to △ABC using ray MN. Which triangle should Evelyn construct that will be congruent to △ABC?,2,0.29317705439128416,2.8567380405203666,0:0.0997|1:0.0996|2:0.2932|3:0.0996|4:0.0998|5:0.1007|6:0.1075|7:0.0998
9,math_geometry_practice_2023,math-geometry-practice-2023.js,multiple-choice,The figure shown is a regular hexagon. Which measure is the length of the diagonal AC?,0,0.3233161936833704,2.8028114432578226,0:0.3233|1:0.0921|2:0.0955|3:0.0921|4:0.0921|5:0.0921|6:0.1208|7:0.0921
10,math_geometry_practice_2023,math-geometry-practice-2023.js,multiple-choice,A carpenter will build a shed with four walls and a roof. The shape of the shed will consist of a triangular prism and a rectangular prism as shown in the model. A vertical plane intersects the model. The plane is parallel to the front face of the model. What is the shape of this cross section?,7,0.27639060798254766,2.8464023628933015,0:0.1747|1:0.0914|2:0.0916|3:0.0915|4:0.0915|5:0.0914|6:0.0915|7:0.2764
11,math_geometry_practice_2023,math-geometry-practice-2023.js,multiple-choice,"A carpenter will build a shed with four walls and a roof. The shape of the shed will consist of a triangular prism and a rectangular prism as shown in the model. If w = 12 and h = 6, the surface area of the exterior walls and doors is exactly —",0,0.2602466620649602,2.8589941439424873,0:0.2602|1:0.0920|2:0.0921|3:0.0921|4:0.0921|5:0.0920|6:0.0922|7:0.1874
12,math_geometry_practice_2023,math-geometry-practice-2023.js,multiple-choice,"A carpenter will build a shed with four walls and a roof. The shape of the shed will consist of a triangular prism and a rectangular prism as shown in the model. If w = 12, which equation correctly models a calculation of the volume of the shed?",0,0.2229417900342976,2.8891869093014293,0:0.2229|1:0.0881|2:0.0882|3:0.0882|4:0.0882|5:0.1486|6:0.0883|7:0.1874
13,math_geometry_practice_2023,math-geometry-practice-2023.js,multiple-choice,A cylinder has a volume of 540π cubic centimeters and a base with a circumference of 12π centimeters. What is the height of the cylinder?,0,0.20830400691250558,2.9604022701677604,0:0.2083|1:0.1103|2:0.1145|3:0.1191|4:0.1105|5:0.1103|6:0.1146|7:0.1124
14,math_geometry_practice_2023,math-geometry-practice-2023.js,multiple-choice,The height of a rectangular prism is decreased by a factor of 1 3 . The other dimensions are unchanged. Which statement is true?,3,0.34351345815802725,2.7707301601404986,0:0.0955|1:0.0999|2:0.0924|3:0.3435|4:0.0922|5:0.0921|6:0.0922|7:0.0922
15,math_geometry_practice_2023,math-geometry-practice-2023.js,multiple-choice,A company makes two similar cylindrical containers. The total surface area of the smaller container is 0.81 times that of the larger container. The height of the larger container is 60 centimeters. What is the height of the smaller container?,0,0.2014502867840028,2.9637165154082776,0:0.2015|1:0.1051|2:0.1271|3:0.1172|4:0.1233|5:0.1070|6:0.1057|7:0.1132
16,math_geometry_practice_2023,math-geometry-practice-2023.js,multiple-choice,Given: Quadrilateral ABCD Which expression proves that ABCD is a rectangle?,6,0.22263201767937607,2.900124239327757,0:0.0955|1:0.0934|2:0.1137|3:0.0935|4:0.0934|5:0.0934|6:0.2226|7:0.1946
17,math_geometry_practice_2023,math-geometry-practice-2023.js,multiple-choice,The figure shown is composed of a regular pentagon and a rectangle. What is the measure of each of the angles identified as x?,0,0.3185689423655875,2.814980049404063,0:0.3186|1:0.1002|2:0.1064|3:0.0950|4:0.0950|5:0.0949|6:0.0950|7:0.0950
18,math_geometry_practice_2023,math-geometry-practice-2023.js,multiple-choice,"Points Q, R, and S lie on circle P. What is the value of x?",6,0.24071083379148375,2.817008978349066,0:0.0808|1:0.0808|2:0.2376|3:0.0808|4:0.0812|5:0.1174|6:0.2407|7:0.0808
19,math_geometry_practice_2023,math-geometry-practice-2023.js,multiple-choice,"In circle P, m∠HJK = 60° and the measure of arc JK = 2 • (the measure of arc HJ). What is the measure of arc HJ?",6,0.21319993417987523,2.947040819561645,0:0.1439|1:0.1035|2:0.1248|3:0.1038|4:0.1036|5:0.1035|6:0.2132|7:0.1036
20,math_geometry_practice_2023,math-geometry-practice-2023.js,multiple-choice,Circle P has a radius of 1 unit. A central angle of circle P is 225°. What is the length of the minor arc?,6,0.3694610485968229,2.7199449790745738,0:0.0890|1:0.0889|2:0.0972|3:0.0889|4:0.0889|5:0.0889|6:0.3695|7:0.0889
21,math_geometry_practice_2023,math-geometry-practice-2023.js,multiple-choice,"The design for the arc-shaped stand of the hammock shown was based on a 144° arc, ⏜ST, of a circle with a radius of 2.3 meters. (Figure is not drawn to scale.) The length of ⏜ST is closest to —",0,0.24152261756289628,2.829657583217758,0:0.2415|1:0.0873|2:0.0874|3:0.0878|4:0.0874|5:0.0873|6:0.2339|7:0.0874
22,math_geometry_practice_2023,math-geometry-practice-2023.js,multiple-choice,Given: Three concentric circles with the center O; KL is congruent to LN is congruent to NO; KP = 42 inches Which is closest to the area of the shaded region?,6,0.323665534364252,2.805063188329905,0:0.0978|1:0.0927|2:0.1113|3:0.0929|4:0.0931|5:0.0929|6:0.3237|7:0.0955
23,math_geometry_practice_2023,math-geometry-practice-2023.js,multiple-choice,Given: Circle T with WP = 36 centimeters Which best represents the area of the shaded sector?,6,0.3625116442478096,2.7180961838930013,0:0.0841|1:0.0832|2:0.0832|3:0.0832|4:0.0838|5:0.1356|6:0.3625|7:0.0845
1,math_grade3_2014,math-grade3-2014.js,multiple-choice,Which number sentence will 9 + 6 = 15 help solve?,4,0.3426372247152472,2.7725231324354183,0:0.0968|1:0.0925|2:0.0925|3:0.0978|4:0.3426|5:0.0925|6:0.0925|7:0.0929
2,math_grade3_2014,math-grade3-2014.js,multiple-choice,Two sets of circles are shown. Which of the following correctly compares the fraction of circles shaded in Set S to the fraction of circles shaded in Set T?,7,0.3191416087822913,2.8002447313473207,0:0.1018|1:0.1387|2:0.0887|3:0.0879|4:0.0879|5:0.0879|6:0.0879|7:0.3191
3,math_grade3_2014,math-grade3-2014.js,multiple-choice,The place value model shown represents a number. What number is represented by this place value model?,7,0.2180057540942088,2.816860090237781,0:0.0755|1:0.0748|2:0.2138|3:0.0749|4:0.1915|5:0.0766|6:0.0749|7:0.2180
4,math_grade3_2014,math-grade3-2014.js,drag-drop,"Round 5,647 to the places shown.",0,0.3751221641637068,2.708469783459171,0:0.3751|1:0.0879|2:0.0880|3:0.0887|4:0.0893|5:0.0949|6:0.0879|7:0.0882
5,math_grade3_2014,math-grade3-2014.js,multiple-choice,Two packages of eggs are shown. Which statement correctly compares the fraction of the number of eggs in Package P to the fraction of the number of eggs in Package Q?,4,0.22831822406628205,2.8868875818309,0:0.0957|1:0.0857|2:0.0862|3:0.1560|4:0.2283|5:0.0857|6:0.0860|7:0.1764
6,math_grade3_2014,math-grade3-2014.js,multiple-choice,"Which shows the number 78,025 written in word form?",4,0.2907412597358202,2.846508429599738,0:0.0923|1:0.1436|2:0.0922|3:0.0922|4:0.2907|5:0.0925|6:0.0922|7:0.1041
7,math_grade3_2014,math-grade3-2014.js,multiple-choice,This model is shaded to represent one whole. Look at the following model. What number do the shaded parts in this model represent?,7,0.3988577499021983,2.6401418649423745,0:0.0750|1:0.1233|2:0.0750|3:0.0750|4:0.1027|5:0.0750|6:0.0750|7:0.3989
8,math_grade3_2014,math-grade3-2014.js,multiple-choice,Which number sentence can be completed using the basic fact sentence 3 × 2 = 6?,4,0.29125158378934546,2.8596638332326823,0:0.1039|1:0.0988|2:0.0994|3:0.1066|4:0.2913|5:0.1015|6:0.0989|7:0.0997
9,math_grade3_2014,math-grade3-2014.js,drag-drop,Select the symbol that will make each number sentence true.,4,0.23381224176377777,2.877163403555138,0:0.0957|1:0.0927|2:0.0927|3:0.2050|4:0.2338|5:0.0941|6:0.0927|7:0.0931
10,math_grade3_2014,math-grade3-2014.js,multiple-choice,In which group are exactly 3 8 of the shapes circles?,7,0.15482295716204408,2.993971079182912,0:0.1289|1:0.1201|2:0.1183|3:0.1181|4:0.1196|5:0.1184|6:0.1219|7:0.1548
11,math_grade3_2014,math-grade3-2014.js,multiple-choice,What number goes in the box to make this number sentence true? 63 ÷ ☐ = 9,4,0.2983329534697299,2.7964298292413337,0:0.0869|1:0.0855|2:0.0856|3:0.1871|4:0.2983|5:0.0857|6:0.0855|7:0.0855
12,math_grade3_2014,math-grade3-2014.js,multiple-choice,This model is shaded to represent one whole. These two models are each shaded to represent a fraction. What is the sum of these two fractions?,7,0.41488906557764954,2.6215897097633256,0:0.0833|1:0.0833|2:0.0833|3:0.0835|4:0.0835|5:0.0833|6:0.0850|7:0.4149
13,math_grade3_2014,math-grade3-2014.js,multiple-choice,Which number sentence best represents this set of flowers?,4,0.3894396589768848,2.6768796697136574,0:0.1004|1:0.0849|2:0.0849|3:0.0849|4:0.3894|5:0.0854|6:0.0849|7:0.0852
14,math_grade3_2014,math-grade3-2014.js,multiple-choice,"Kiku had a total of 25 plants at her store on Tuesday morning. During the day, she sold 16 of these plants and then received 136 new plants. At the end of the day, exactly how many plants did Kiku have?",4,0.17359259517100092,2.9816080628520423,0:0.1168|1:0.1425|2:0.1109|3:0.1176|4:0.1736|5:0.1127|6:0.1132|7:0.1126
15,math_grade3_2014,math-grade3-2014.js,multiple-choice,This model is shaded to represent one whole. These two models are shaded to represent a fraction. What is the difference between these two fractions?,7,0.41215486688350567,2.627881006011576,0:0.0837|1:0.0836|2:0.0836|3:0.0839|4:0.0839|5:0.0836|6:0.0856|7:0.4122
16,math_grade3_2014,math-grade3-2014.js,free-response,A store has 57 packages of gum with 5 pieces of gum in each package. What is the total number of pieces of gum in these packages? Write the number only; do not include units.,4,0.3025989887735776,2.841198749231053,0:0.0977|1:0.0977|2:0.0977|3:0.0977|4:0.3026|5:0.0977|6:0.1112|7:0.0977
17,math_grade3_2014,math-grade3-2014.js,multiple-choice,What is 3 4 + 1 4 ?,0,0.125,3.0,0:0.1250|1:0.1250|2:0.1250|3:0.1250|4:0.1250|5:0.1250|6:0.1250|7:0.1250
18,math_grade3_2014,math-grade3-2014.js,multiple-choice,"3,000 - 285 = ?",0,0.125,3.0,0:0.1250|1:0.1250|2:0.1250|3:0.1250|4:0.1250|5:0.1250|6:0.1250|7:0.1250
19,math_grade3_2014,math-grade3-2014.js,multiple-choice,Which of these is best represented by this number line?,5,0.3272865106688442,2.728020437595446,0:0.0783|1:0.0782|2:0.0782|3:0.0782|4:0.1973|5:0.3273|6:0.0785|7:0.0839
20,math_grade3_2014,math-grade3-2014.js,multiple-select,Select each multiplication fact that equals 48.,7,0.14103851062761447,2.9977776146022115,0:0.1205|1:0.1190|2:0.1284|3:0.1220|4:0.1213|5:0.1192|6:0.1286|7:0.1410
21,math_grade3_2014,math-grade3-2014.js,multiple-choice,How many minutes are there from 10:30 A.M. to 1:00 P.M.?,4,0.13777918090661131,2.998167403381868,0:0.1320|1:0.1213|2:0.1201|3:0.1198|4:0.1378|5:0.1276|6:0.1197|7:0.1217
22,math_grade3_2014,math-grade3-2014.js,multiple-choice,Harry drew a picture with the figures shown. Which best describes the figures in this picture?,0,0.19222369763119307,2.964404856739696,0:0.1922|1:0.1428|2:0.1059|3:0.1058|4:0.1066|5:0.1348|6:0.1058|7:0.1060
23,math_grade3_2014,math-grade3-2014.js,multiple-choice,Which is the most reasonable length of a bed?,6,0.2347493889737717,2.928831221506653,0:0.1374|1:0.1044|2:0.1050|3:0.1048|4:0.1046|5:0.1044|6:0.2347|7:0.1046
24,math_grade3_2014,math-grade3-2014.js,multiple-choice,Which is closest to the time shown on this clock?,0,0.3147697345938602,2.822252355034965,0:0.3148|1:0.0975|2:0.0976|3:0.0976|4:0.0999|5:0.0975|6:0.0976|7:0.0975
25,math_grade3_2014,math-grade3-2014.js,free-response,What is the temperature in °F on this thermometer? Write the number only; do not include units.,4,0.2392497658667319,2.9270318936009345,0:0.1050|1:0.1050|2:0.1092|3:0.1050|4:0.2392|5:0.1050|6:0.1265|7:0.1050
26,math_grade3_2014,math-grade3-2014.js,multiple-choice,Jack built a tower of blocks as shown. Which tower of blocks appears to be congruent to Jack's tower of blocks?,0,0.24772114962244718,2.904720406315003,0:0.2477|1:0.0953|2:0.1229|3:0.0954|4:0.1463|5:0.0974|6:0.0995|7:0.0954
27,math_grade3_2014,math-grade3-2014.js,multiple-choice,Franklin began selling lumber in the morning at the time shown on the clock. He finished selling lumber three hours later. At what time did Franklin finish selling lumber?,0,0.21166992503733184,2.9575275612150476,0:0.2117|1:0.1113|2:0.1129|3:0.1115|4:0.1184|5:0.1114|6:0.1114|7:0.1115
28,math_grade3_2014,math-grade3-2014.js,multiple-choice,What is the perimeter of the shaded figure on this grid?,7,0.20815874493733227,2.9141485895743298,0:0.1993|1:0.0990|2:0.0988|3:0.0987|4:0.0987|5:0.0986|6:0.0987|7:0.2082
29,math_grade3_2014,math-grade3-2014.js,multiple-choice,Christina has the money shown. Exactly how much money does Christina have?,0,0.21175902294685492,2.9576358776585536,0:0.2118|1:0.1115|2:0.1118|3:0.1117|4:0.1137|5:0.1151|6:0.1117|7:0.1128
30,math_grade3_2014,math-grade3-2014.js,multiple-choice,Alfred drew two rays and a line segment in his geometry notebook. Which of these could be the picture Alfred drew?,5,0.21497046606234596,2.950936501158032,0:0.1079|1:0.1134|2:0.1146|3:0.1015|4:0.1017|5:0.2150|6:0.1155|7:0.1306
31,math_grade3_2014,math-grade3-2014.js,multiple-choice,Each side of this figure is the same length. Which measurement is closest to the perimeter of this figure?,0,0.2947390684352624,2.8506119096015325,0:0.2947|1:0.0962|2:0.1009|3:0.0963|4:0.0963|5:0.0962|6:0.1231|7:0.0963
32,math_grade3_2014,math-grade3-2014.js,multiple-choice,This chart shows the type of toy and color choices for a reward in a teacher's basket. Which shows all the possible outcomes for a reward using one type of toy and one color?,7,0.2152481474293283,2.9517909520274483,0:0.1094|1:0.1068|2:0.1137|3:0.1070|4:0.1305|5:0.1103|6:0.1070|7:0.2152
33,math_grade3_2014,math-grade3-2014.js,multiple-choice,This pattern repeats after the first four circles. Joanne removed two circles from this repeating pattern. Which ordered pair of circles did she remove?,7,0.16137970740300067,2.9871127084339704,0:0.1457|1:0.1135|2:0.1112|3:0.1170|4:0.1194|5:0.1131|6:0.1187|7:0.1614
34,math_grade3_2014,math-grade3-2014.js,multiple-choice,Tia surveyed 14 students. She asked each student to choose one favorite food from four choices. Which chart could show the data from Tia's survey?,7,0.3020237600472925,2.841245124313964,0:0.0959|1:0.1018|2:0.1145|3:0.0958|4:0.0980|5:0.0962|6:0.0958|7:0.3020
35,math_grade3_2014,math-grade3-2014.js,multiple-choice,"This table shows the number of minutes it takes Kendal to run laps around a track. If the pattern in the table continues in the same way, which of the following should be used to determine how many minutes it takes Kendal to run 10 laps?",4,0.2244655363074872,2.9255627338536914,0:0.1014|1:0.1638|2:0.1084|3:0.0979|4:0.2245|5:0.1074|6:0.0978|7:0.0989
36,math_grade3_2014,math-grade3-2014.js,multiple-choice,Stephanie recorded the number of inches of rainfall in her city during 4 weeks. The graph below shows the results. Which bar graph shows the same information?,4,0.32550545206813525,2.802330260301043,0:0.0937|1:0.0934|2:0.0934|3:0.0969|4:0.3255|5:0.0940|6:0.1093|7:0.0938
37,math_grade3_2014,math-grade3-2014.js,multiple-choice,Which number sentence shows the use of the identity property of multiplication?,4,0.2934424648667655,2.8535415737038017,0:0.0961|1:0.0960|2:0.0960|3:0.1070|4:0.2934|5:0.1184|6:0.0961|7:0.0968
38,math_grade3_2014,math-grade3-2014.js,multiple-choice,"Look at this pattern. 1, 3, 9, 27, 81. Which describes the rule used in this pattern?",1,0.15177468865537908,2.988378035992734,0:0.1349|1:0.1518|2:0.1437|3:0.1091|4:0.1263|5:0.1176|6:0.1069|7:0.1096
39,math_grade3_2014,math-grade3-2014.js,multiple-choice,This line plot shows the number of points scored by students on a team. What was the total number of points scored by the students?,4,0.26387671001422136,2.827532625094297,0:0.0865|1:0.0864|2:0.0874|3:0.0864|4:0.2639|5:0.2098|6:0.0927|7:0.0868
40,math_grade3_2014,math-grade3-2014.js,multiple-choice,Debi will pick a card from the bag without looking. Which combination of 8 cards in the bag show that the likelihood of Debi picking a card with a star is equally likely as picking a card with a heart?,0,0.1281114966477913,2.999820630138188,0:0.1281|1:0.1231|2:0.1235|3:0.1266|4:0.1233|5:0.1258|6:0.1227|7:0.1270
1,math_grade3_practice_2023,math-grade3-practice-2023.js,multiple-choice,"Which number sentence will make this statement true? ? > 8,243",3,0.27978335677060734,2.7946719786900345,0:0.0857|1:0.0839|2:0.0839|3:0.2798|4:0.2149|5:0.0839|6:0.0839|7:0.0840
2,math_grade3_practice_2023,math-grade3-practice-2023.js,multiple-choice,This set of circles is shaded to represent one whole. Which model is shaded to represent this expression? 1 4 + 1 4 + 1 4 + 1 4 + 1 4,7,0.44603608068088196,2.5465128371550163,0:0.0831|1:0.0776|2:0.0799|3:0.0776|4:0.0778|5:0.0776|6:0.0804|7:0.4460
3,math_grade3_practice_2023,math-grade3-practice-2023.js,multiple-choice,This model is shaded to represent one whole. Model R is shaded to represent a fraction. Which of these is shaded to represent a fraction that is less than the fraction represented by Model R?,7,0.43785000262926244,2.566980505390992,0:0.0803|1:0.0803|2:0.0803|3:0.0803|4:0.0803|5:0.0803|6:0.0803|7:0.4379
4,math_grade3_practice_2023,math-grade3-practice-2023.js,multiple-choice,"The table shows the number of miles a family traveled on three days. Based on the table, which is closest to the difference between the total number of miles this family traveled on Day 1 and Day 2 combined and the number of miles traveled on Day 3?",4,0.3244003642234417,2.8051823392670068,0:0.0965|1:0.0947|2:0.0949|3:0.1046|4:0.3244|5:0.0951|6:0.0948|7:0.0951
5,math_grade3_practice_2023,math-grade3-practice-2023.js,multiple-choice,There were a total of 750 drinks in the cafeteria. There were 249 chocolate milks and 203 whole milks. The rest of the drinks were orange juice. Which estimate is closest to the number of orange juices in the cafeteria?,4,0.27863883385268273,2.877790420932003,0:0.1123|1:0.1045|2:0.1040|3:0.0991|4:0.2786|5:0.0988|6:0.1000|7:0.1026
6,math_grade3_practice_2023,math-grade3-practice-2023.js,multiple-choice,Mr. Gary's class has a goal of selling 500 pizzas in three months. The class sold 135 pizzas in the first month and 257 pizzas in the second month. Exactly how many more pizzas does the class need to sell to reach its goal?,0,0.13447373355160133,2.9981859962991746,0:0.1345|1:0.1172|2:0.1225|3:0.1177|4:0.1290|5:0.1244|6:0.1211|7:0.1336
7,math_grade3_practice_2023,math-grade3-practice-2023.js,multiple-choice,Which of these best represents this set of cherries?,5,0.342333813148027,2.7714661068910034,0:0.1087|1:0.0913|2:0.0913|3:0.0913|4:0.0916|5:0.3423|6:0.0913|7:0.0921
8,math_grade3_practice_2023,math-grade3-practice-2023.js,multiple-choice,Which of these is best represented by this number line?,5,0.3272865106688442,2.728020437595446,0:0.0783|1:0.0782|2:0.0782|3:0.0782|4:0.1973|5:0.3273|6:0.0785|7:0.0839
9,math_grade3_practice_2023,math-grade3-practice-2023.js,multiple-choice,Which number sentence is true?,4,0.26582776956121945,2.8192253913355896,0:0.0888|1:0.0859|2:0.0865|3:0.2140|4:0.2658|5:0.0870|6:0.0859|7:0.0862
11,math_grade3_practice_2023,math-grade3-practice-2023.js,multiple-choice,This model shows a rectangle that is 3 feet long and 2 feet wide. Which is the closest to the area of the shaded part of this modeL?,7,0.37391422547930636,2.711032118977736,0:0.0915|1:0.0877|2:0.0897|3:0.0879|4:0.0880|5:0.0877|6:0.0934|7:0.3739
13,math_grade3_practice_2023,math-grade3-practice-2023.js,multiple-choice,Claudia painted a picture as shown. Which measurement is closest to the perimeter of Claudia's picture?,0,0.2497376196811798,2.916416140969708,0:0.2497|1:0.1054|2:0.1056|3:0.1055|4:0.1059|5:0.1167|6:0.1055|7:0.1055
14,math_grade3_practice_2023,math-grade3-practice-2023.js,multiple-choice,Which is closest to the time shown on this clock?,0,0.3147697345938602,2.822252355034965,0:0.3148|1:0.0975|2:0.0976|3:0.0976|4:0.0999|5:0.0975|6:0.0976|7:0.0975
15,math_grade3_practice_2023,math-grade3-practice-2023.js,multiple-choice,Allen arrived at his friend's house at 3:20 P.M. He left 2 hours later. At what time did Allen leave his friend's house?,0,0.16236671189794286,2.9902993263089326,0:0.1624|1:0.1172|2:0.1178|3:0.1176|4:0.1328|5:0.1175|6:0.1174|7:0.1173
16,math_grade3_practice_2023,math-grade3-practice-2023.js,multiple-choice,Claire arrived at the zoo at 12:45 P.M. She left the zoo at 3:45 P.M. What was the total amount of time Claire was at the zoo?,4,0.17206274815780356,2.9716166857152504,0:0.1666|1:0.1097|2:0.1101|3:0.1100|4:0.1721|5:0.1119|6:0.1099|7:0.1098
17,math_grade3_practice_2023,math-grade3-practice-2023.js,multiple-choice,Which 3 polygons were combined without overlapping to make the figure shown?,0,0.2863192930550662,2.86576083416882,0:0.2863|1:0.0984|2:0.0985|3:0.1161|4:0.1024|5:0.1015|6:0.0984|7:0.0984
18,math_grade3_practice_2023,math-grade3-practice-2023.js,multiple-choice,Mrs. Morgan wants to know what game the students would like to play during indoor recess. What is the best way for Mrs. Morgan to collect the data?,7,0.23243289197687056,2.932215229212309,0:0.1060|1:0.1049|2:0.1049|3:0.1049|4:0.1065|5:0.1355|6:0.1049|7:0.2324
19,math_grade3_practice_2023,math-grade3-practice-2023.js,multiple-choice,Four students have a total of 200 coins. This pictograph represents the number of coins three of the students have. The number of coins Diana has is missing. Which set represents the number of coins Diana has?,4,0.38103487880418446,2.6963835980092137,0:0.0905|1:0.0880|2:0.0880|3:0.0880|4:0.3810|5:0.0883|6:0.0880|7:0.0883
1,math_grade4_2014,math-grade4-2014.js,multiple-choice,What is the sum of 3 5 and 1 10 ?,7,0.1664225417651834,2.989512267556334,0:0.1226|1:0.1182|2:0.1186|3:0.1185|4:0.1186|5:0.1182|6:0.1188|7:0.1664
2,math_grade4_2014,math-grade4-2014.js,multiple-choice,Wilma drinks 1.09 liters of juice. Richard drinks 0.987 liter of juice. How much more juice does Wilma drink than Richard?,1,0.13230696972200015,2.999426979129294,0:0.1240|1:0.1323|2:0.1222|3:0.1222|4:0.1292|5:0.1227|6:0.1224|7:0.1251
3,math_grade4_2014,math-grade4-2014.js,multiple-choice,What is the least common multiple of 8 and 12?,7,0.13387963451094728,2.999202063498256,0:0.1252|1:0.1204|2:0.1234|3:0.1206|4:0.1283|5:0.1224|6:0.1258|7:0.1339
4,math_grade4_2014,math-grade4-2014.js,multiple-choice,What is the product of 84 and 76?,1,0.1381668285824943,2.9983887644438574,0:0.1220|1:0.1382|2:0.1209|3:0.1230|4:0.1221|5:0.1208|6:0.1214|7:0.1316
5,math_grade4_2014,math-grade4-2014.js,free-response,Kristin poured 6 ounces of lemonade into each of 19 glasses. Exactly how many ounces of lemonade did Kristin pour into all of these glasses?,0,0.13234088364410765,2.998798491766055,0:0.1323|1:0.1198|2:0.1205|3:0.1202|4:0.1323|5:0.1273|6:0.1204|7:0.1272
6,math_grade4_2014,math-grade4-2014.js,multiple-choice,"At a store, flowerpots cost $28 each. Which is closest to the total cost of 72 of these flowerpots?",0,0.16589300896444584,2.979502761624661,0:0.1659|1:0.1117|2:0.1123|3:0.1121|4:0.1590|5:0.1117|6:0.1151|7:0.1122
7,math_grade4_2014,math-grade4-2014.js,multiple-choice,A school choir sold 825 tickets for a concert. Each ticket cost $9. What was the total cost of all the tickets sold?,4,0.16350101147289758,2.9906370918680065,0:0.1242|1:0.1166|2:0.1172|3:0.1170|4:0.1635|5:0.1183|6:0.1227|7:0.1205
8,math_grade4_2014,math-grade4-2014.js,multiple-choice,This model is shaded to represent 1 whole. What is the sum of Model 1 and Model 2 shown below?,7,0.4377201785569295,2.5672902272230544,0:0.0810|1:0.0801|2:0.0801|3:0.0801|4:0.0801|5:0.0807|6:0.0801|7:0.4377
9,math_grade4_2014,math-grade4-2014.js,free-response,"What is the difference between 3,240 and 578?",7,0.14248961372847466,2.997939721736529,0:0.1266|1:0.1213|2:0.1218|3:0.1216|4:0.1223|5:0.1218|6:0.1221|7:0.1425
10,math_grade4_2014,math-grade4-2014.js,multiple-choice,John ran a total of 342 minutes in a 7-day period. He ran about the same number of minutes each day. Which is closest to the number of minutes John ran on one of those days?,4,0.2877194230262587,2.8650497154652723,0:0.1075|1:0.0998|2:0.1003|3:0.1031|4:0.2877|5:0.0999|6:0.1001|7:0.1016
11,math_grade4_2014,math-grade4-2014.js,multiple-choice,What is the difference between 5 12 and 1 4,7,0.14248961372847466,2.997939721736529,0:0.1266|1:0.1213|2:0.1218|3:0.1216|4:0.1223|5:0.1218|6:0.1221|7:0.1425
12,math_grade4_2014,math-grade4-2014.js,multiple-choice,Carl does 25 sit-ups 3 times per day. What is the total number of sit-ups Carl does in 7 days?,4,0.2713343029637823,2.8881819403959885,0:0.1025|1:0.1023|2:0.1023|3:0.1143|4:0.2713|5:0.1024|6:0.1023|7:0.1025
13,math_grade4_2014,math-grade4-2014.js,multiple-choice,"Which number is a common factor of 15, 18, and 30?",4,0.23564467922264615,2.931936264665262,0:0.1075|1:0.1239|2:0.1067|3:0.1066|4:0.2356|5:0.1066|6:0.1066|7:0.1066
14,math_grade4_2014,math-grade4-2014.js,multiple-choice,What digit is in the tenths place in this number? 24.816,4,0.278059262838851,2.878975425441287,0:0.1009|1:0.1095|2:0.1074|3:0.1009|4:0.2781|5:0.1009|6:0.1010|7:0.1013
15,math_grade4_2014,math-grade4-2014.js,multiple-choice,Which division statement represents 3 8 ?,3,0.2735417382777716,2.8583349380797416,0:0.0936|1:0.0932|2:0.0932|3:0.2735|4:0.0938|5:0.1663|6:0.0932|7:0.0932
16,math_grade4_2014,math-grade4-2014.js,multiple-choice,Which fraction is represented by point W shown on the number line?,5,0.24543728085826558,2.8825042817546467,0:0.1168|1:0.0771|2:0.0775|3:0.0774|4:0.1544|5:0.2454|6:0.1135|7:0.1378
17,math_grade4_2014,math-grade4-2014.js,drag-drop,"Identify the place value for each digit in the number 304,215.",2,0.24277397478215457,2.851388649175166,0:0.0886|1:0.0977|2:0.2428|3:0.0886|4:0.2159|5:0.0886|6:0.0886|7:0.0893
18,math_grade4_2014,math-grade4-2014.js,multiple-choice,This table shows the times it took four students to complete a 40-meter race. Which statement about these times is true?,3,0.23046170269767957,2.9235476864149614,0:0.0972|1:0.0963|2:0.0963|3:0.2305|4:0.1294|5:0.1069|6:0.0963|7:0.1473
19,math_grade4_2014,math-grade4-2014.js,multiple-choice,Which statement is true?,3,0.3944149476108312,2.6676818243924343,0:0.0865|1:0.0865|2:0.0865|3:0.3944|4:0.0865|5:0.0865|6:0.0865|7:0.0865
20,math_grade4_2014,math-grade4-2014.js,multiple-choice,How is 2.32 written in words?,0,0.125,3.0,0:0.1250|1:0.1250|2:0.1250|3:0.1250|4:0.1250|5:0.1250|6:0.1250|7:0.1250
21,math_grade4_2014,math-grade4-2014.js,multiple-choice,"What is 7,613,542 rounded to the nearest ten thousand?",4,0.1346052266311384,2.99924867708775,0:0.1226|1:0.1226|2:0.1226|3:0.1226|4:0.1346|5:0.1226|6:0.1282|7:0.1243
22,math_grade4_2014,math-grade4-2014.js,multiple-choice,A fractional part of this group of triangles is shaded. Which group below has an equivalent fraction of the arrows shaded?,7,0.35628932832366356,2.74634925160349,0:0.0898|1:0.0898|2:0.0942|3:0.0952|4:0.0898|5:0.0898|6:0.0950|7:0.3563
23,math_grade4_2014,math-grade4-2014.js,multiple-choice,Model 1 is shaded to represent one whole. Model 2 is shaded to represent a fraction. Which decimal number is represented in Model 2?,7,0.44046687243191196,2.555185259032608,0:0.0760|1:0.0760|2:0.0760|3:0.0760|4:0.1034|5:0.0760|6:0.0760|7:0.4405
24,math_grade4_2014,math-grade4-2014.js,drag-drop,Order the fractions from greatest to least.,7,0.17985780039532814,2.981799316102559,0:0.1163|1:0.1143|2:0.1174|3:0.1144|4:0.1193|5:0.1150|6:0.1234|7:0.1799
25,math_grade4_2014,math-grade4-2014.js,multiple-choice,"Which number, when rounded to the nearest hundredth, is equal to 7.59?",4,0.23835639004606368,2.9267662270783186,0:0.1047|1:0.1088|2:0.1042|3:0.1042|4:0.2384|5:0.1042|6:0.1046|7:0.1310
26,math_grade4_2014,math-grade4-2014.js,multiple-choice,Which figure has less than four angles?,0,0.22318593527471645,2.9458117991763375,0:0.2232|1:0.1150|2:0.1068|3:0.1100|4:0.1111|5:0.1072|6:0.1070|7:0.1198
27,math_grade4_2014,math-grade4-2014.js,multiple-choice,Which estimate best describes the value of 29 1 3 − 13 2 3 ?,2,0.24606489496768993,2.891325173143137,0:0.0919|1:0.1595|2:0.2461|3:0.0911|4:0.0921|5:0.1371|6:0.0911|7:0.0911
28,math_grade4_2014,math-grade4-2014.js,multiple-choice,Identify two lines in the figure that appear to be parallel.,0,0.22518263097494132,2.9416012206300457,0:0.2252|1:0.1103|2:0.1051|3:0.1073|4:0.1047|5:0.1180|6:0.1020|7:0.1274
29,math_grade4_2014,math-grade4-2014.js,multiple-choice,Lola's puppy weighed 6 pounds. What is the total number of ounces Lola's puppy weighed?,4,0.2933118790595636,2.8568854491187645,0:0.1010|1:0.1010|2:0.1010|3:0.1010|4:0.2933|5:0.1010|6:0.1010|7:0.1010
30,math_grade4_2014,math-grade4-2014.js,multiple-choice,Which pair of figures appears to be congruent?,4,0.15492847205976673,2.9897476758076795,0:0.1308|1:0.1117|2:0.1392|3:0.1100|4:0.1549|5:0.1160|6:0.1267|7:0.1106
31,math_grade4_2014,math-grade4-2014.js,multiple-choice,A restaurant has 3 gallons of soup. What is the total number of pints of soup this restaurant has?,4,0.35580236884298466,2.747634960145618,0:0.0921|1:0.0920|2:0.0920|3:0.0920|4:0.3558|5:0.0920|6:0.0920|7:0.0920
32,math_grade4_2014,math-grade4-2014.js,multiple-choice,A basketball team left the school at 2:55 P.M. and returned at 5:45 P.M. What was the total amount of time that passed between the time this team left and returned to the school?,0,0.1659799651437174,2.98151641664649,0:0.1660|1:0.1124|2:0.1129|3:0.1127|4:0.1547|5:0.1140|6:0.1126|7:0.1147
33,math_grade4_2014,math-grade4-2014.js,multiple-choice,Which of these objects has a mass closest to 1 kilogram?,0,0.2613306660942861,2.901878837843037,0:0.2613|1:0.1038|2:0.1049|3:0.1039|4:0.1039|5:0.1039|6:0.1141|7:0.1041
34,math_grade4_2014,math-grade4-2014.js,multiple-choice,Which picture shows a single reflection of the figure across line r?,5,0.28203669107887896,2.84006567438457,0:0.1717|1:0.0906|2:0.0908|3:0.0907|4:0.0926|5:0.2820|6:0.0907|7:0.0909
35,math_grade4_2014,math-grade4-2014.js,multiple-choice,Which set of figures shows only octagons?,7,0.2787093518710594,2.877532173102396,0:0.1132|1:0.0999|2:0.0999|3:0.0999|4:0.1065|5:0.1020|6:0.0999|7:0.2787
36,math_grade4_2014,math-grade4-2014.js,multiple-choice,2 meters = __ millimeters,0,0.13317058143972654,2.999009398107168,0:0.1332|1:0.1216|2:0.1234|3:0.1222|4:0.1233|5:0.1216|6:0.1328|7:0.1218
37,math_grade4_2014,math-grade4-2014.js,multiple-choice,Which of the followign represents ray KL?,5,0.24042505095220157,2.928128970122814,0:0.1085|1:0.1082|2:0.1082|3:0.1082|4:0.1098|5:0.2404|6:0.1082|7:0.1082
38,math_grade4_2014,math-grade4-2014.js,multiple-choice,Tyrone used 1 pint of liquid to completely fill a container. Which container could be the one Tyrone filled?,2,0.16159517891881306,2.980814129701298,0:0.1206|1:0.1124|2:0.1616|3:0.1070|4:0.1181|5:0.1107|6:0.1104|7:0.1594
39,math_grade4_2014,math-grade4-2014.js,multiple-choice,Mandy is making a spinner game. She wants the arrow on the spinner to have an equally likely chance of landing on each of 4 spaces. Each space will have a different shape on it. Which appears to be the spinner Mandy should make?,4,0.15551326070689217,2.9937115960078367,0:0.1232|1:0.1160|2:0.1239|3:0.1256|4:0.1555|5:0.1179|6:0.1165|7:0.1215
40,math_grade4_2014,math-grade4-2014.js,multiple-choice,Which equation is true?,5,0.2726499452989283,2.794858180240894,0:0.0840|1:0.0840|2:0.0840|3:0.2236|4:0.0840|5:0.2726|6:0.0840|7:0.0840
41,math_grade4_2014,math-grade4-2014.js,multiple-choice,"Lenny bought sunglasses for $3.35 and a beach towel for $8.71, including tax. He gave the clerk $15.00 to pay for these items. What is the amount of change Lenny should receive?",0,0.14038749153497138,2.997962206496715,0:0.1404|1:0.1199|2:0.1209|3:0.1206|4:0.1304|5:0.1257|6:0.1204|7:0.1216
42,math_grade4_2014,math-grade4-2014.js,multiple-choice,The table shows the total number of players on different numbers of bowling teams in a tournament. The pattern continues in the same way. How many bowling teams are needed for a total of 52 players?,4,0.30113226776958835,2.8445285579481046,0:0.1010|1:0.0988|2:0.0990|3:0.0989|4:0.3011|5:0.1030|6:0.0989|7:0.0993
43,math_grade4_2014,math-grade4-2014.js,multiple-choice,Lori has a coin with one side heads and one side tails. Which letter on this number line best represents the probability that this coin flipped one time will land with tails facing up?,5,0.1988287064158228,2.947933555141409,0:0.0986|1:0.0962|2:0.1199|3:0.0964|4:0.1534|5:0.1988|6:0.0966|7:0.1400
44,math_grade4_2014,math-grade4-2014.js,multiple-choice,"This graph shows the morning temperature in a city for each of four days. The morning temperature on Thursday was 52°F. Based on the data in this graph, which day had a temperature closest to Thursday's temperature?",4,0.36282556082651524,2.7318718364713277,0:0.0886|1:0.0869|2:0.0871|3:0.1034|4:0.3628|5:0.0872|6:0.0965|7:0.0875
45,math_grade4_2014,math-grade4-2014.js,multiple-choice,"Todd has the following folders in his backpack: 2 blue 2 red 2 yellow 2 purple The folders are all the same size and shape, Todd reaches into his backpack and selects one folder without looking. What is the likelihood the folder will be green?",1,0.21431027508583436,2.947097682294853,0:0.1099|1:0.2143|2:0.1059|3:0.1058|4:0.1059|5:0.1056|6:0.1060|7:0.1465
46,math_grade4_2014,math-grade4-2014.js,multiple-choice,Which number sentence is correct?,4,0.28857992556211015,2.8639691821934514,0:0.1037|1:0.1005|2:0.1005|3:0.1044|4:0.2886|5:0.1005|6:0.1006|7:0.1011
47,math_grade4_2014,math-grade4-2014.js,multiple-choice,Which equation shows the use of the associative property of multiplication?,5,0.29580770976021503,2.8496832482269223,0:0.0971|1:0.0971|2:0.0971|3:0.0973|4:0.1211|5:0.2958|6:0.0971|7:0.0975
48,math_grade4_2014,math-grade4-2014.js,point-select,Jeremy rolls a fair number cube labeled 1 through 6. Place a point on the number line to represent the probability that he will roll a 2 on the first roll.,4,0.2966725077703961,2.8473608242309005,0:0.0951|1:0.0965|2:0.0961|3:0.0951|4:0.2967|5:0.0994|6:0.1236|7:0.0974
49,math_grade4_2014,math-grade4-2014.js,multiple-choice,"An art club has 2 fourth-grade girls, 4 third-grade boys, 10 third-grade girls, and 8 fourth-grade boys. Which table correctly shows this information?",7,0.16765100105694447,2.9827520265636034,0:0.1097|1:0.1081|2:0.1114|3:0.1100|4:0.1356|5:0.1399|6:0.1175|7:0.1677
50,math_grade4_2014,math-grade4-2014.js,multiple-choice,"In increasing pattern is shown. 5, 14, 23, 32, 41 Which pattern uses the same rule as the pattern above?",0,0.20976679735013548,2.9585316920251987,0:0.2098|1:0.1088|2:0.1112|3:0.1160|4:0.1225|5:0.1139|6:0.1089|7:0.1089
1,math_grade4_practice_2023,math-grade4-practice-2023.js,multiple-choice,Each circle shown is the same size. Which correctly compares the fractions represented by the shaded regions of each circle?,6,0.3816530196658837,2.691591417256512,0:0.0853|1:0.0845|2:0.0846|3:0.0846|4:0.0850|5:0.1081|6:0.3817|7:0.0863
2,math_grade4_practice_2023,math-grade4-practice-2023.js,multiple-choice,Each model shown is shaded to represent a fraction. Each model is the same size. Which two models appear to have equivalent fractions shaded?,7,0.45703850134167895,2.518944453743541,0:0.0780|1:0.0773|2:0.0774|3:0.0773|4:0.0773|5:0.0783|6:0.0773|7:0.4570
3,math_grade4_practice_2023,math-grade4-practice-2023.js,multiple-choice,Model X represents a number. Key: □ = 1 Which fraction and decimal are equivalent to the number represented by Model X?,7,0.33879669242629606,2.700038102414752,0:0.0761|1:0.0760|2:0.0760|3:0.0760|4:0.2002|5:0.0809|6:0.0760|7:0.3388
4,math_grade4_practice_2023,math-grade4-practice-2023.js,multiple-choice,Which estimate best describes the value of 29 1 3 − 13 2 3 ?,2,0.24606489496768993,2.891325173143137,0:0.0919|1:0.1595|2:0.2461|3:0.0911|4:0.0921|5:0.1371|6:0.0911|7:0.0911
5,math_grade4_practice_2023,math-grade4-practice-2023.js,multiple-choice,James needs 1 2 foot of string for each bracelet he makes. He will make 5 bracelets. What is the total length of string James needs to make 5 bracelets?,4,0.14525657903855482,2.9898287066117466,0:0.1221|1:0.1072|2:0.1189|3:0.1446|4:0.1453|5:0.1151|6:0.1395|7:0.1074
6,math_grade4_practice_2023,math-grade4-practice-2023.js,multiple-choice,A cook will pour 4 cups of uncooked rice into 8 bags. The cook will pour the same amount of rice into each bag. Which division statement best represents this situation?,3,0.19669197150893836,2.9378757503859547,0:0.1038|1:0.1024|2:0.1025|3:0.1967|4:0.1030|5:0.1863|6:0.1025|7:0.1029
7,math_grade4_practice_2023,math-grade4-practice-2023.js,multiple-choice,Which group can be represented by the division statement shown? 4 5 = 4 ÷ 5,3,0.23205305465850443,2.8855437150516505,0:0.1558|1:0.0810|2:0.0812|3:0.2321|4:0.0813|5:0.1585|6:0.0813|7:0.1290
8,math_grade4_practice_2023,math-grade4-practice-2023.js,multiple-choice,The array shown represents a number. It has 5 rows and 10 columns. Which list shows all the factor pairs for this number?,4,0.3541132129704291,2.750627609401225,0:0.0973|1:0.0942|2:0.0910|3:0.0909|4:0.3541|5:0.0909|6:0.0908|7:0.0908
9,math_grade4_practice_2023,math-grade4-practice-2023.js,multiple-choice,Cindy rode her bike 4 5 of a mile. Wyatt rode his bike 3 5 of a mile. What is the total distance Cindy and Wyatt rode their bikes?,4,0.18150009069121248,2.9797944295675296,0:0.1279|1:0.1130|2:0.1138|3:0.1136|4:0.1815|5:0.1235|6:0.1134|7:0.1132
10,math_grade4_practice_2023,math-grade4-practice-2023.js,multiple-choice,"Lenny bought sunglasses for $3.35 and a beach towel for $8.71, including tax. He gave the clerk $15.00 to pay for these items. What is the amount of change Lenny should receive?",0,0.14038749153497138,2.997962206496715,0:0.1404|1:0.1199|2:0.1209|3:0.1206|4:0.1304|5:0.1257|6:0.1204|7:0.1216
11,math_grade4_practice_2023,math-grade4-practice-2023.js,multiple-choice,Which estimate is most reasonable for the weight or the mass of the gym shoes this girl is holding?,2,0.13248613289104988,2.999163772885922,0:0.1221|1:0.1317|2:0.1325|3:0.1215|4:0.1240|5:0.1252|6:0.1215|7:0.1215
12,math_grade4_practice_2023,math-grade4-practice-2023.js,multiple-choice,16 ounces = 1 pound 2 pounds = ______ ? ounces,4,0.14101110055908755,2.9983625495761452,0:0.1227|1:0.1225|2:0.1225|3:0.1225|4:0.1410|5:0.1235|6:0.1225|7:0.1225
13,math_grade4_practice_2023,math-grade4-practice-2023.js,multiple-choice,3 feet = 1 yard Malik bought 38 feet of fencing to place around his garden. Which length is equivalent to 38 feet?,7,0.2026728023308398,2.9607863390988207,0:0.1231|1:0.1078|2:0.1080|3:0.1058|4:0.1111|5:0.1054|6:0.1360|7:0.2027
14,math_grade4_practice_2023,math-grade4-practice-2023.js,multiple-choice,This clock shows the time Xavier finished swim practice. His practice lasted 2 hours 20 minutes. At what time did Xavier's swim practice start?,0,0.20019792922459034,2.963263004589182,0:0.2002|1:0.1091|2:0.1094|3:0.1093|4:0.1391|5:0.1103|6:0.1092|7:0.1135
15,math_grade4_practice_2023,math-grade4-practice-2023.js,multiple-choice,This line graph shows the total number of cups of lemonade Patrick sold on one day from 10:00 A.M. until 3:00 P.M. Which table shows another way to organize the data?,4,0.41611562685838244,2.6187540363870996,0:0.0831|1:0.0831|2:0.0831|3:0.0831|4:0.4161|5:0.0845|6:0.0831|7:0.0839
16,math_grade4_practice_2023,math-grade4-practice-2023.js,multiple-choice,Isaiah has erasers in his pocket. • There are orange erasers and purple erasers. • All the erasers are the same size and shape. • Isaiah is least likely to select a purple eraser when he takes one eraser out of his pocket without looking. Which letter best represents the probability Isaiah will select a purple eraser?,5,0.157413251846189,2.986273765116403,0:0.1153|1:0.1110|2:0.1208|3:0.1109|4:0.1160|5:0.1574|6:0.1158|7:0.1527
17,math_grade4_practice_2023,math-grade4-practice-2023.js,multiple-choice,The probability that the arrow on a spinner will land on a space labeled black is 3 6 . Which spinner best represents this situation?,5,0.17352918805172604,2.984541392689545,0:0.1162|1:0.1154|2:0.1154|3:0.1154|4:0.1321|5:0.1735|6:0.1155|7:0.1166
18,math_grade4_practice_2023,math-grade4-practice-2023.js,multiple-choice,"This list of numbers follows a pattern. 14, 23, 32, 41, 50… The pattern continues in the same way. What will be the 7th number in this pattern?",4,0.20090886758488,2.964219545113946,0:0.1339|1:0.1094|2:0.1101|3:0.1139|4:0.2009|5:0.1122|6:0.1097|7:0.1099
1,math_grade5_2014,math-grade5-2014.js,multiple-choice,56.791 + 1.9 = ?,0,0.125,3.0,0:0.1250|1:0.1250|2:0.1250|3:0.1250|4:0.1250|5:0.1250|6:0.1250|7:0.1250
2,math_grade5_2014,math-grade5-2014.js,multiple-choice,Which decimal is equivalent to 3 5 ?,7,0.34256523826445107,2.772905048387295,0:0.0939|1:0.0939|2:0.0939|3:0.0939|4:0.0939|5:0.0939|6:0.0939|7:0.3426
3,math_grade5_2014,math-grade5-2014.js,multiple-choice,A parking garage has 12 levels. Each level has 86 parking spaces. What is the total number of parking spaces in the garage?,4,0.35580236884298466,2.747634960145618,0:0.0921|1:0.0920|2:0.0920|3:0.0920|4:0.3558|5:0.0920|6:0.0920|7:0.0920
4,math_grade5_2014,math-grade5-2014.js,multiple-choice,What is the value of this expression? 6+4(8-5),2,0.3028230386850169,2.747575877958517,0:0.0798|1:0.0797|2:0.3028|3:0.0797|4:0.0798|5:0.0800|6:0.0797|7:0.2184
5,math_grade5_2014,math-grade5-2014.js,multiple-choice,Which list of numbers is ordered from least to greatest?,4,0.18011525045884297,2.9809551819228646,0:0.1132|1:0.1124|2:0.1153|3:0.1124|4:0.1801|5:0.1177|6:0.1263|7:0.1226
6,math_grade5_2014,math-grade5-2014.js,multiple-choice,"Based on the order of operations, which shows the first step in simplifying this expression? 16 ÷ 2 + 6(7 + 4 × 5)",7,0.2658495026208357,2.8943136631557294,0:0.1008|1:0.0989|2:0.1036|3:0.1078|4:0.1201|5:0.0999|6:0.1031|7:0.2658
7,math_grade5_2014,math-grade5-2014.js,free-response,This table shows the weights of Vincent's three dogs. What is the difference between the combined weight of Hannah and Dillon and the weight of Wilson?,7,0.172852913298422,2.9778404627177726,0:0.1143|1:0.1052|2:0.1177|3:0.1056|4:0.1417|5:0.1371|6:0.1055|7:0.1729
8,math_grade5_2014,math-grade5-2014.js,multiple-choice,"Mary Lee has a total of 216 eggs. Using these eggs, she will fill empty egg cartons that each hold 12 eggs. What is the greatest number of egg cartons that Mary Lee can fill completely?",4,0.29093990487319416,2.86026382975228,0:0.1003|1:0.0996|2:0.1048|3:0.0997|4:0.2909|5:0.1049|6:0.0997|7:0.1001
9,math_grade5_2014,math-grade5-2014.js,multiple-choice,What is the product of 5.06 and 2.1?,1,0.1381668285824943,2.9983887644438574,0:0.1220|1:0.1382|2:0.1209|3:0.1230|4:0.1221|5:0.1208|6:0.1214|7:0.1316
10,math_grade5_2014,math-grade5-2014.js,free-response,493.57 ÷ 7 = __,0,0.125,3.0,0:0.1250|1:0.1250|2:0.1250|3:0.1250|4:0.1250|5:0.1250|6:0.1250|7:0.1250
11,math_grade5_2014,math-grade5-2014.js,multiple-choice,The cost for a movie ticket is $5.50. Soft drinks cost $1.25 each. What is the total cost for 13 people to each purchase a movie ticket and a soft drink?,4,0.15561512377267392,2.9939013289490277,0:0.1272|1:0.1190|2:0.1197|3:0.1195|4:0.1556|5:0.1192|6:0.1193|7:0.1205
12,math_grade5_2014,math-grade5-2014.js,multiple-choice,"students are comparing their heights. Jose is 4 1 6 feet tall, Lee is 4 1 4 feet tall, Judi is 4 1 12 feet tall, and Sammy is 4 2 3 feet tall. Which student is the tallest?",7,0.17351864310532253,2.9848653460243817,0:0.1293|1:0.1147|2:0.1205|3:0.1145|4:0.1151|5:0.1148|6:0.1175|7:0.1735
13,math_grade5_2014,math-grade5-2014.js,multiple-choice,Michael has a total of 10 pies to serve. This table shows the amounts of pie Michael has already served. Which mixed number represents the total amount of pie Michael has left to serve?,4,0.3331398326246811,2.7901648487326285,0:0.0960|1:0.0946|2:0.0947|3:0.0947|4:0.3331|5:0.0974|6:0.0946|7:0.0949
14,math_grade5_2014,math-grade5-2014.js,multiple-choice,"The state of Virginia has a total area of 39,594 square miles. The state of Maryland has a total area of 9,774 square miles. How much larger is the total area of Virginia than Maryland?",4,0.18389968669773937,2.9658218832232985,0:0.1592|1:0.1048|2:0.1233|3:0.1054|4:0.1839|5:0.1048|6:0.1129|7:0.1056
15,math_grade5_2014,math-grade5-2014.js,multiple-choice,Karla bought 3 packages of chicken. The total weight of the chicken in these packages is 7.52 pounds. This table shows the weight of the chicken in two packages. What is the weight of the chicken in package Y?,4,0.2697816089387761,2.89101445823667,0:0.1069|1:0.1040|2:0.1025|3:0.1042|4:0.2698|5:0.1037|6:0.1025|7:0.1063
16,math_grade5_2014,math-grade5-2014.js,multiple-choice,This chart shows the number of miles Tyra walked on each of three days. What is the total number of miles Tyra walked on these three days?,4,0.2972640832661528,2.8501951549854088,0:0.0985|1:0.0981|2:0.1066|3:0.1046|4:0.2973|5:0.0982|6:0.0981|7:0.0986
17,math_grade5_2014,math-grade5-2014.js,multiple-choice,A set of basketball uniforms contains only odd-numbered jerseys. Which could be three of the jersey numbers from this set of uniforms?,7,0.25019131091180563,2.9131792810656254,0:0.1152|1:0.1020|2:0.1192|3:0.0967|4:0.1063|5:0.1139|6:0.0967|7:0.2502
18,math_grade5_2014,math-grade5-2014.js,multiple-choice,Tristan saw five helicopters parked at the airport. Which list shows all of the odd numbers on the helicopters?,4,0.2306720395933828,2.9388014897055577,0:0.1088|1:0.1083|2:0.1083|3:0.1083|4:0.2307|5:0.1110|6:0.1132|7:0.1115
19,math_grade5_2014,math-grade5-2014.js,multiple-choice,Which of the following digits could be found in the ones place of a number that is divisible by 2?,1,0.25274432475879854,2.8451157868265904,0:0.0857|1:0.2527|2:0.1051|3:0.0857|4:0.2078|5:0.0857|6:0.0887|7:0.0886
20,math_grade5_2014,math-grade5-2014.js,free-response,"What is 7,459.82 rounded to the nearest whole number?",4,0.2639878362735021,2.8975698486689794,0:0.1028|1:0.1028|2:0.1028|3:0.1028|4:0.2640|5:0.1028|6:0.1033|7:0.1185
21,math_grade5_2014,math-grade5-2014.js,multiple-choice,530 milliliters = __ liter(s),0,0.125,3.0,0:0.1250|1:0.1250|2:0.1250|3:0.1250|4:0.1250|5:0.1250|6:0.1250|7:0.1250
22,math_grade5_2014,math-grade5-2014.js,multiple-choice,Which is closest to the measure of ∠T?,0,0.2520020930312167,2.9130691818327126,0:0.2520|1:0.1037|2:0.1181|3:0.1038|4:0.1038|5:0.1037|6:0.1111|7:0.1038
23,math_grade5_2014,math-grade5-2014.js,multiple-choice,Marissa drew a figure with the following characteristics. Four congruent sides Two pairs of parallel sides Two pairs of congruent opposite angles No right angles Which term best describes the figure Marissa drew?,0,0.19644341354929112,2.9428464137944403,0:0.1964|1:0.1765|2:0.1159|3:0.0944|4:0.0952|5:0.1061|6:0.1001|7:0.1154
24,math_grade5_2014,math-grade5-2014.js,multiple-choice,Mario began watching a movie at the time shown on the clock. The movie was 2 hours and 25 minutes long. What time did the movie end?,0,0.22629818225248038,2.9383348456034057,0:0.2263|1:0.1354|2:0.1045|3:0.1044|4:0.1163|5:0.1043|6:0.1044|7:0.1044
25,math_grade5_2014,math-grade5-2014.js,multiple-choice,"To determine the amount of peanuts a bag will hold, Toby needs to find the--",2,0.1523858860792216,2.993958317410195,0:0.1259|1:0.1150|2:0.1524|3:0.1167|4:0.1278|5:0.1291|6:0.1153|7:0.1178
26,math_grade5_2014,math-grade5-2014.js,multiple-select,This is a flat figure. Destiny plans to cut this figure along the dashed line segments. Identify the names of the three figures she will form.,0,0.2077228718342599,2.9119283622774947,0:0.2077|1:0.1190|2:0.0934|3:0.0928|4:0.0928|5:0.1980|6:0.0927|7:0.1036
27,math_grade5_2014,math-grade5-2014.js,multiple-choice,Point S is the center of the circle shown. Which line segment is a radius of the circle?,6,0.3457909500388585,2.7236475362738912,0:0.0815|1:0.0807|2:0.0808|3:0.0807|4:0.0808|5:0.1691|6:0.3458|7:0.0807
28,math_grade5_2014,math-grade5-2014.js,multiple-choice,The city is building a new outdoor basketball court. Which is most likely the length of the new outdoor basketball court?,6,0.15237293935450416,2.993841632279312,0:0.1354|1:0.1169|2:0.1190|3:0.1175|4:0.1222|5:0.1175|6:0.1524|7:0.1190
29,math_grade5_2014,math-grade5-2014.js,multiple-choice,Which triangle appears to be a scalene triangle?,2,0.36205694148210205,2.7309820914842198,0:0.0878|1:0.0871|2:0.3621|3:0.0871|4:0.1134|5:0.0883|6:0.0871|7:0.0871
30,math_grade5_2014,math-grade5-2014.js,multiple-choice,Perimeter is used to find the--,2,0.20888546553294016,2.958801510805917,0:0.1121|1:0.1085|2:0.2089|3:0.1087|4:0.1226|5:0.1214|6:0.1087|7:0.1091
31,math_grade5_2014,math-grade5-2014.js,multiple-select,Identify each angle that appears to be an acute angle.,2,0.17798206400549796,2.9742477164883603,0:0.1073|1:0.1118|2:0.1780|3:0.1079|4:0.1505|5:0.1065|6:0.1267|7:0.1113
32,math_grade5_2014,math-grade5-2014.js,multiple-choice,What is the area of a right triangle with a base of 4 feet and a height of 8 feet?,2,0.2838092541468305,2.868921923610051,0:0.1019|1:0.0988|2:0.2838|3:0.0990|4:0.0992|5:0.0988|6:0.0994|7:0.1191
33,math_grade5_2014,math-grade5-2014.js,multiple-choice,"The chart shows the different shirts, pants, and shoes Simon has in his closet. Which lists all of the possible combinations Simon can create of one shirt, one pair of pants, and one pair of shoes?",7,0.21606485106328377,2.952721725363033,0:0.1078|1:0.1077|2:0.1168|3:0.1077|4:0.1185|5:0.1088|6:0.1167|7:0.2161
34,math_grade5_2014,math-grade5-2014.js,multiple-choice,This table shows the number of fish in each of 7 aquariums. Jeff emptied all the fish from these aquariums and put a fair share of these fish into each of these 7 aquariums. The number of fish he will put into each aquarium represents the--,4,0.37072408051976036,2.717825550132946,0:0.0899|1:0.0898|2:0.0898|3:0.0898|4:0.3707|5:0.0903|6:0.0898|7:0.0900
35,math_grade5_2014,math-grade5-2014.js,multiple-choice,"This graph shows the high temperature in Richmond for each of 6 days. Based on this graph, which statement is true?",4,0.2560849509402479,2.805239948151214,0:0.0845|1:0.0833|2:0.0833|3:0.2351|4:0.2561|5:0.0841|6:0.0901|7:0.0836
36,math_grade5_2014,math-grade5-2014.js,multiple-choice,Brad has 2 bags with blocks that are all the same shape and size. There are 5 blocks in Bag A and 2 blocks in Bag B as shown. Brad will randomly select one block from each bag. Which list shows all of the possible combinations of one block from each bag?,7,0.171495551638196,2.9805400939621665,0:0.1485|1:0.1095|2:0.1145|3:0.1147|4:0.1196|5:0.1115|6:0.1103|7:0.1715
37,math_grade5_2014,math-grade5-2014.js,free-response,"A set of data is shown. { 24, 14, 37, 14, 25, 37, 14, 33, 27 } What is the mode for this set of data?",7,0.4114681335164969,2.627871596548174,0:0.0970|1:0.0818|2:0.0820|3:0.0819|4:0.0820|5:0.0819|6:0.0819|7:0.4115
38,math_grade5_2014,math-grade5-2014.js,multiple-choice,A number machine uses a rule to change numbers. This table shows the results. Which could be the rule the number machine uses to change the input numbers to the output numbers?,4,0.2645925702583257,2.8975719418625365,0:0.1028|1:0.1067|2:0.1130|3:0.1027|4:0.2646|5:0.1039|6:0.1029|7:0.1034
39,math_grade5_2014,math-grade5-2014.js,multiple-choice,"This graph shows the number of boxes of canned soup that were delivered to a grocery store each week for six weeks. Based on this graph, which statement is true?",4,0.2752526635843884,2.8151008403201807,0:0.0864|1:0.0851|2:0.0851|3:0.2048|4:0.2753|5:0.0855|6:0.0927|7:0.0852
40,math_grade5_2014,math-grade5-2014.js,multiple-choice,Ms. Chapman wrote this equation on the board. 1 + n = 6 She drew a model of this equation using this key. Which model best represents Ms. Chapman's equation?,5,0.28510987510250285,2.76897669242559,0:0.0814|1:0.0814|2:0.0814|3:0.0814|4:0.0814|5:0.2851|6:0.0815|7:0.2264
41,math_grade5_2014,math-grade5-2014.js,multiple-choice,"Which rule can be used to find the next number in this increasing pattern? 3, 4, 6, 9, 13, 18, 24, _",4,0.21715344747300658,2.9290311076663507,0:0.1016|1:0.0999|2:0.1706|3:0.1001|4:0.2172|5:0.1106|6:0.1000|7:0.1000
42,math_grade5_2014,math-grade5-2014.js,multiple-choice,"Jordan needs to walk 6 more miles this week to reach his weekly goal of 21 miles. Which number sentence can be used to find n, the total number of miles that Jordan has walked so far this week?",4,0.2605619925624198,2.8998022829100965,0:0.1013|1:0.1012|2:0.1276|3:0.1029|4:0.2606|5:0.1030|6:0.1022|7:0.1013
43,math_grade5_2014,math-grade5-2014.js,multiple-choice,The table shows the number of points Ellie scored in each of five games. The range is 10 because it is the--,4,0.3529338584909862,2.753121120056102,0:0.0912|1:0.0949|2:0.0933|3:0.0912|4:0.3529|5:0.0929|6:0.0921|7:0.0915
44,math_grade5_2014,math-grade5-2014.js,multiple-choice,"This stem-and-leaf plot shows the number of pies sold at a bakery each day for 14 days. Based on the information in the stem-and-leaf plot, which statement is correct?",4,0.24282389587882205,2.903039449002418,0:0.0955|1:0.0959|2:0.0953|3:0.1623|4:0.2428|5:0.0967|6:0.1148|7:0.0966
45,math_grade5_2014,math-grade5-2014.js,multiple-choice,"This sample space shows all the possible combinations of one type of main dish and one type of drink from which Roberto can choose. Cereal, Milk Cereal, Juice Eggs, Milk Eggs, Juice Pancakes, Milk Pancakes, Juice According to the sample space, what is the probability Roberto will select eggs and juice?",7,0.16787321654894094,2.988194245430102,0:0.1208|1:0.1207|2:0.1187|3:0.1147|4:0.1269|5:0.1157|6:0.1148|7:0.1679
46,math_grade5_2014,math-grade5-2014.js,free-response,"What is the 7th term in this decreasing pattern? 73, 64, 56, 49, 43, ...",0,0.15071808205815024,2.9954741520550137,0:0.1507|1:0.1220|2:0.1190|3:0.1233|4:0.1273|5:0.1214|6:0.1181|7:0.1180
47,math_grade5_2014,math-grade5-2014.js,multiple-choice,"This set of data shows the number of pages that Caden read each night for 5 nights. { 15, 12, 18, 10, 30 } What is the range for this set of data?",7,0.36369034131770517,2.712503652178693,0:0.0870|1:0.0819|2:0.0819|3:0.0819|4:0.1396|5:0.0821|6:0.0819|7:0.3637
48,math_grade5_2014,math-grade5-2014.js,multiple-choice,Which situation could be represented by the open sentence 15 - 5 = p?,7,0.1684792930455249,2.9679113753400315,0:0.1002|1:0.1051|2:0.1165|3:0.1054|4:0.1527|5:0.1539|6:0.0977|7:0.1685
49,math_grade5_2014,math-grade5-2014.js,multiple-choice,Which equation shows the distributive property?,5,0.3214672145239341,2.806112153069847,0:0.0929|1:0.0928|2:0.0928|3:0.0928|4:0.1210|5:0.3215|6:0.0928|7:0.0932
50,math_grade5_2014,math-grade5-2014.js,multiple-choice,"Sylvia has 18 pieces of red, cherry-flavored candy to share equally among friends. Which is a variable in this situation?",5,0.1288360381255981,2.9997211719814567,0:0.1230|1:0.1245|2:0.1222|3:0.1237|4:0.1276|5:0.1288|6:0.1225|7:0.1276
1,math_grade5_practice_2023,math-grade5-practice-2023.js,multiple-choice,4.221 ÷ 7 = ______ ?,0,0.125,3.0,0:0.1250|1:0.1250|2:0.1250|3:0.1250|4:0.1250|5:0.1250|6:0.1250|7:0.1250
2,math_grade5_practice_2023,math-grade5-practice-2023.js,multiple-choice,"Using the order of operations, which calculation should be done first to simplify this expression? 54 + 6 × (3 + 6) ÷ 3",7,0.23738600263661547,2.930263596350044,0:0.1073|1:0.1036|2:0.1169|3:0.1038|4:0.1156|5:0.1117|6:0.1037|7:0.2374
3,math_grade5_practice_2023,math-grade5-practice-2023.js,multiple-choice,Which expression represents the prime factorization of 75?,7,0.27060461023260435,2.8652399556647596,0:0.0931|1:0.0926|2:0.1027|3:0.0926|4:0.0933|5:0.1625|6:0.0926|7:0.2706
4,math_grade5_practice_2023,math-grade5-practice-2023.js,multiple-choice,"Destiny is delivering a total of 32,000 flowers to several stores. This table shows the number of these flowers she has delivered to Store P and Store Q. Store Number of Flowers Store P 18,104 Store Q 9,294 The total number of these flowers that Destiny still needs to deliver is —",4,0.2600260197306584,2.9041544535632493,0:0.1057|1:0.1056|2:0.1056|3:0.1056|4:0.2600|5:0.1060|6:0.1056|7:0.1058
5,math_grade5_practice_2023,math-grade5-practice-2023.js,multiple-choice,"A farmer is picking fruit. She picks 1,457 apples and 678 pears. • She will fill baskets using these pieces of fruit. • She will fill each basket with 24 pieces of fruit. What is the total number of baskets the farmer will be able to fill with these pieces of fruit?",4,0.3124705021076037,2.825855709994398,0:0.0969|1:0.0966|2:0.1005|3:0.0966|4:0.3125|5:0.1031|6:0.0966|7:0.0972
6,math_grade5_practice_2023,math-grade5-practice-2023.js,multiple-choice,What is the least common denominator for 1 4 and 7 12 ?,7,0.15724275999886572,2.993427821021958,0:0.1214|1:0.1179|2:0.1199|3:0.1179|4:0.1223|5:0.1198|6:0.1235|7:0.1572
7,math_grade5_practice_2023,math-grade5-practice-2023.js,multiple-choice,A trail is 3 4 mile long. Robert ran the length of the trail 2 times. A blank number line is provided. What is the total number of miles Robert ran?,4,0.35873443268458644,2.7379772753679426,0:0.0882|1:0.0876|2:0.0877|3:0.0876|4:0.3587|5:0.0898|6:0.1128|7:0.0876
8,math_grade5_practice_2023,math-grade5-practice-2023.js,multiple-choice,Mason has a brick and 5 wood blocks. • The brick has a mass of 2.27 kilograms. • Each wood block has a mass of 1.097 kilograms. What is the difference between the combined mass of the 5 wood blocks and the mass of the brick?,7,0.14248961372847466,2.997939721736529,0:0.1266|1:0.1213|2:0.1218|3:0.1216|4:0.1223|5:0.1218|6:0.1221|7:0.1425
9,math_grade5_practice_2023,math-grade5-practice-2023.js,multiple-choice,Ms. Collins bought 2 CDs for $14.55 each and 3 DVDs for $10.39 each. These prices include tax. She gave the cashier $65.00. How much change should Ms. Collins receive?,4,0.13628164178218724,2.9989196069000927,0:0.1295|1:0.1222|2:0.1224|3:0.1222|4:0.1363|5:0.1219|6:0.1220|7:0.1234
10,math_grade5_practice_2023,math-grade5-practice-2023.js,multiple-choice,The measurements between four points on a map are shown. (Figure is not drawn to scale.) What is the distance from point C to point D on the map?,0,0.21074463019945053,2.9198442605748713,0:0.2107|1:0.0941|2:0.0943|3:0.0941|4:0.0945|5:0.1406|6:0.1772|7:0.0945
11,math_grade5_practice_2023,math-grade5-practice-2023.js,multiple-choice,"A right triangle is shaded inside the rectangle shown. Which expression could be used to find the area, in square units, of the triangle?",2,0.34336682238296445,2.7280954696526525,0:0.0804|1:0.0797|2:0.3434|3:0.0797|4:0.0839|5:0.0809|6:0.0825|7:0.1695
12,math_grade5_practice_2023,math-grade5-practice-2023.js,multiple-choice,Which term best describes the amount of jelly a jar will hold?,1,0.1791313359424461,2.968271278869001,0:0.1318|1:0.1791|2:0.1062|3:0.1060|4:0.1070|5:0.1581|6:0.1059|7:0.1058
13,math_grade5_practice_2023,math-grade5-practice-2023.js,multiple-choice,This figure represents a storage container. What is the volume of this storage container?,0,0.2546499874812265,2.91101254721635,0:0.2546|1:0.1061|2:0.1062|3:0.1062|4:0.1067|5:0.1078|6:0.1062|7:0.1062
14,math_grade5_practice_2023,math-grade5-practice-2023.js,multiple-choice,Brady is using grid paper to design a garden. The shaded figure represents the garden. Which best describes the area and perimeter of the shaded figure on this grid?,0,0.23422172044288925,2.888697899027367,0:0.2342|1:0.1170|2:0.0933|3:0.0909|4:0.0912|5:0.0923|6:0.0910|7:0.1901
15,math_grade5_practice_2023,math-grade5-practice-2023.js,multiple-choice,Which angle is an obtuse angle?,2,0.18059554787144402,2.9769279268205135,0:0.1119|1:0.1165|2:0.1806|3:0.1119|4:0.1119|5:0.1119|6:0.1434|7:0.1119
16,math_grade5_practice_2023,math-grade5-practice-2023.js,multiple-choice,Which figure appears to be an isosceles triangle?,2,0.3322019041134243,2.787055118242967,0:0.0926|1:0.0904|2:0.3322|3:0.0905|4:0.1194|5:0.0940|6:0.0905|7:0.0905
17,math_grade5_practice_2023,math-grade5-practice-2023.js,multiple-choice,"Which pattern follows the rule ""divide by 4"" to find each number after the first?",4,0.221253140383751,2.9416056064532192,0:0.1106|1:0.1038|2:0.1422|3:0.1041|4:0.2213|5:0.1094|6:0.1040|7:0.1047
18,math_grade5_practice_2023,math-grade5-practice-2023.js,multiple-choice,Seven students in a class are raising money for a fundraiser by riding their bicycles for 10 days. • The students will be paid for every mile they ride. • This table shows the number of miles each student rode in the first four days. Student Blake Charles Eva Jasmine Lucy Micah Robert Number of Miles 10 18 9 10 18 18 22 Which question can the students NOT answer by analyzing the data in the table?,4,0.331759089640275,2.792564986194532,0:0.0948|1:0.0945|2:0.0945|3:0.0993|4:0.3318|5:0.0951|6:0.0945|7:0.0956
19,math_grade5_practice_2023,math-grade5-practice-2023.js,multiple-choice,"Based on this table of data, the median number of miles is — Student Blake Charles Eva Jasmine Lucy Micah Robert Number of Miles 10 18 9 10 18 18 22",4,0.33947923954028786,2.7786153606676454,0:0.0940|1:0.0939|2:0.0939|3:0.0957|4:0.3395|5:0.0943|6:0.0939|7:0.0947
20,math_grade5_practice_2023,math-grade5-practice-2023.js,multiple-choice,A principal wants to know the number of days each student was absent from school last month. Which question would best collect the data?,4,0.30536671840139534,2.8378229957518455,0:0.0992|1:0.0989|2:0.0989|3:0.0989|4:0.3054|5:0.0997|6:0.0989|7:0.1002
21,math_grade5_practice_2023,math-grade5-practice-2023.js,multiple-choice,This line plot shows the number of envelopes Tammie received in the mail on each of ten days. What is the total number of days on which Tammie received at least 6 envelopes in the mail?,4,0.37547597525340876,2.7078275890055648,0:0.0878|1:0.0877|2:0.0877|3:0.0934|4:0.3755|5:0.0899|6:0.0901|7:0.0879
22,math_grade5_practice_2023,math-grade5-practice-2023.js,multiple-choice,This table shows the number of beads Irma has in 5 bowls. Bowl Number of Beads A 15 B 10 C 12 D 8 E 10 Irma will empty all the beads from these bowls and will put an equal number of beads back into each bowl. The number of beads she will put in each bowl represents the —,4,0.3901285847595663,2.67628420025156,0:0.0856|1:0.0856|2:0.0856|3:0.0856|4:0.3901|5:0.0859|6:0.0856|7:0.0959
23,math_grade5_practice_2023,math-grade5-practice-2023.js,multiple-choice,"The data sets represent daily low temperatures, in degrees Fahrenheit, for four different cities. In which data set does the range have the greatest spread?",7,0.36132516520321334,2.736152746760121,0:0.0891|1:0.0925|2:0.0904|3:0.0890|4:0.0990|5:0.0897|6:0.0890|7:0.3613
24,math_grade5_practice_2023,math-grade5-practice-2023.js,multiple-choice,"This sample space shows all of the possible combinations of one type of drink and one type of snack that Leslie can choose. Water, Apple Water, Cheese Water, Pretzels Water, Banana Juice, Apple Juice, Cheese Juice, Pretzels Juice, Banana According to the sample space, what is the probability that the combination Leslie chooses will include juice?",7,0.16197882276828343,2.9907098533420884,0:0.1213|1:0.1226|2:0.1168|3:0.1156|4:0.1295|5:0.1166|6:0.1157|7:0.1620
1,math_grade6_2014,math-grade6-2014.js,multiple-choice,Which of these numbers is between 1 3 and 87 100 on a number line?,5,0.2676655354180151,2.8147794168775997,0:0.0862|1:0.0862|2:0.0862|3:0.0862|4:0.2151|5:0.2677|6:0.0862|7:0.0862
2,math_grade6_2014,math-grade6-2014.js,multiple-choice,Which statement is true?,3,0.3944149476108312,2.6676818243924343,0:0.0865|1:0.0865|2:0.0865|3:0.3944|4:0.0865|5:0.0865|6:0.0865|7:0.0865
3,math_grade6_2014,math-grade6-2014.js,drag-drop,List the numbers in order from least to greatest.,4,0.152684786881032,2.9895758400974684,0:0.1155|1:0.1129|2:0.1162|3:0.1131|4:0.1527|5:0.1174|6:0.1228|7:0.1494
4,math_grade6_2014,math-grade6-2014.js,multiple-choice,What is the value of 7² - 4 + 5?,2,0.41906152013244385,2.611914771419573,0:0.0830|1:0.0830|2:0.4191|3:0.0830|4:0.0830|5:0.0830|6:0.0830|7:0.0830
5,math_grade6_2014,math-grade6-2014.js,multiple-choice,1 7 8 / 3 = ?,0,0.125,3.0,0:0.1250|1:0.1250|2:0.1250|3:0.1250|4:0.1250|5:0.1250|6:0.1250|7:0.1250
6,math_grade6_2014,math-grade6-2014.js,multiple-choice,What is the value of 6 + 3 • 2,2,0.41906152013244385,2.611914771419573,0:0.0830|1:0.0830|2:0.4191|3:0.0830|4:0.0830|5:0.0830|6:0.0830|7:0.0830
7,math_grade6_2014,math-grade6-2014.js,multiple-choice,What is 3 1 2 • 1 1 4,0,0.125,3.0,0:0.1250|1:0.1250|2:0.1250|3:0.1250|4:0.1250|5:0.1250|6:0.1250|7:0.1250
8,math_grade6_2014,math-grade6-2014.js,multiple-choice,A bag contains red apples and yellow apples. The ratio of red apples to yellow apples in the bag is 9 to 4. Which of these statements could be true?,3,0.16170958115094483,2.9908807898660643,0:0.1118|1:0.1208|2:0.1224|3:0.1617|4:0.1162|5:0.1262|6:0.1174|7:0.1236
9,math_grade6_2014,math-grade6-2014.js,multiple-choice,Which of these is an integer?,0,0.125,3.0,0:0.1250|1:0.1250|2:0.1250|3:0.1250|4:0.1250|5:0.1250|6:0.1250|7:0.1250
10,math_grade6_2014,math-grade6-2014.js,multiple-choice,Which ratio correctly represents 0.1%?,5,0.1682350198219654,2.987324393516165,0:0.1172|1:0.1155|2:0.1156|3:0.1156|4:0.1191|5:0.1682|6:0.1161|7:0.1327
11,math_grade6_2014,math-grade6-2014.js,multiple-choice,Which of these lists the numbers in order from least to greatest?,7,0.15468339751288845,2.9907113650687616,0:0.1170|1:0.1136|2:0.1181|3:0.1137|4:0.1441|5:0.1198|6:0.1190|7:0.1547
12,math_grade6_2014,math-grade6-2014.js,multiple-select,Identify each statement that is true.,3,0.34122088201979217,2.7743823672083403,0:0.0908|1:0.0934|2:0.0907|3:0.3412|4:0.1015|5:0.0914|6:0.0907|7:0.1003
13,math_grade6_2014,math-grade6-2014.js,multiple-choice,This picture represents 4 pizzas. Exactly how many 2 5 are in 4?,5,0.16344447968854983,2.9887076766487235,0:0.1359|1:0.1143|2:0.1150|3:0.1148|4:0.1245|5:0.1634|6:0.1148|7:0.1173
14,math_grade6_2014,math-grade6-2014.js,multiple-choice,Valerie wrote the values of the powers of 3 that she knew. 3¹ = 3 3² = 9 3³ = 27 3⁴ = 81 3⁵ = ? What is the value of 3⁵?,2,0.32145287149553614,2.8072238547733828,0:0.0906|1:0.1074|2:0.3215|3:0.0897|4:0.0918|5:0.0974|6:0.0898|7:0.1118
15,math_grade6_2014,math-grade6-2014.js,multiple-choice,Samuel bought 4 rolls of tape to seal boxes. Each roll contains 32.9 meters of tape. He uses 1.2 meters of this tape to seal each box. What is the total number of boxes Samuel can seal with these 4 rolls of tape?,4,0.21181701316184579,2.9574926636930305,0:0.1141|1:0.1109|2:0.1113|3:0.1112|4:0.2118|5:0.1134|6:0.1162|7:0.1110
16,math_grade6_2014,math-grade6-2014.js,multiple-choice,Mia is working on projects that require 3 1 2 yards of ribbon per project. Mia has 28 yards of ribbon. What is the greatest number of projects that Mia can complete with this ribbon?,4,0.23724267645973018,2.9317194877057986,0:0.1084|1:0.1084|2:0.1089|3:0.1111|4:0.2372|5:0.1085|6:0.1089|7:0.1086
17,math_grade6_2014,math-grade6-2014.js,multiple-choice,Kevin threw a football 19 2 3 yards. Scott threw the football 24 1 3 yards. Which statement is true?,3,0.3944149476108312,2.6676818243924343,0:0.0865|1:0.0865|2:0.0865|3:0.3944|4:0.0865|5:0.0865|6:0.0865|7:0.0865
18,math_grade6_2014,math-grade6-2014.js,multiple-choice,"Alisha wants to buy a camera that costs $228, including tax. She has saved $4.75 each week for the past 8 weeks. How much more money does Alisha need to purchase the camera?",4,0.13386780067174098,2.9990077620142985,0:0.1300|1:0.1200|2:0.1206|3:0.1217|4:0.1339|5:0.1246|6:0.1220|7:0.1272
19,math_grade6_2014,math-grade6-2014.js,free-response,"The regular price of a meal is $6.75. On Tuesday, the meal is on sale for $1.00 off the regular price. Sarah bought 4 of these meals on Tuesday. What is the total cost of these 4 meals before tax?",0,0.1601605869521776,2.986439930862309,0:0.1602|1:0.1140|2:0.1180|3:0.1144|4:0.1499|5:0.1140|6:0.1143|7:0.1151
20,math_grade6_2014,math-grade6-2014.js,drag-drop,Use the given temperatures to make each statement true.,3,0.2799618556826834,2.838482367754571,0:0.0895|1:0.0895|2:0.0895|3:0.2800|4:0.0920|5:0.0916|6:0.1769|7:0.0910
21,math_grade6_2014,math-grade6-2014.js,multiple-choice,Which ordered pair best represents point Y on the grid?,5,0.19754113269435988,2.948481769393976,0:0.1056|1:0.1049|2:0.1049|3:0.1049|4:0.1055|5:0.1975|6:0.1717|7:0.1050
22,math_grade6_2014,math-grade6-2014.js,multiple-choice,"Victor measured a circular lid and found d, the diameter, was 8 inches and C, the circumference, was 25 inches. Which expression represents an approximate value for π?",2,0.2378668583388967,2.9101898520611975,0:0.1007|1:0.0953|2:0.2379|3:0.0955|4:0.0968|5:0.1185|6:0.0955|7:0.1599
23,math_grade6_2014,math-grade6-2014.js,multiple-choice,Neela is making rectangular place mats that are 12 inches wide and 15 inches long. What is the least amount of ribbon that she will need to create a ribbon border around 1 place mat?,0,0.1841883142636968,2.978516803978498,0:0.1842|1:0.1155|2:0.1189|3:0.1110|4:0.1258|5:0.1114|6:0.1161|7:0.1170
24,math_grade6_2014,math-grade6-2014.js,multiple-choice,The edge length of a cube is shown. What is the total surface area of this cube?,0,0.2313089910818982,2.929498694810711,0:0.2313|1:0.1009|2:0.1010|3:0.1010|4:0.1326|5:0.1009|6:0.1315|7:0.1009
25,math_grade6_2014,math-grade6-2014.js,multiple-choice,Ava placed the point of her pencil on the origin of a regular coordinate plane. She marked a point after moving her pencil 4 units to the left and 7 units up. Which ordered pair identifies where Ava marked her point?,6,0.22349724214801073,2.9433645443475527,0:0.1071|1:0.1051|2:0.1099|3:0.1052|4:0.1122|5:0.1305|6:0.2235|7:0.1064
26,math_grade6_2014,math-grade6-2014.js,multiple-choice,Which term most accurately classifies all of the figures below?,0,0.13192559319327504,2.9994199927282246,0:0.1319|1:0.1283|2:0.1218|3:0.1215|4:0.1230|5:0.1262|6:0.1214|7:0.1259
27,math_grade6_2014,math-grade6-2014.js,multiple-choice,Figure STUVW is shown. Which polygon appears congruent to figure STUVW?,0,0.33127165401530406,2.793047236419945,0:0.3313|1:0.0929|2:0.1009|3:0.0929|4:0.0976|5:0.0987|6:0.0929|7:0.0929
28,math_grade6_2014,math-grade6-2014.js,multiple-select,The area of a rectangle is 56 square inches. Identify the two measurements from those shown that could be the length and width of this rectangle.,0,0.24860034587862126,2.9112710182632213,0:0.2486|1:0.1008|2:0.1184|3:0.0960|4:0.0975|5:0.0930|6:0.1246|7:0.1211
29,math_grade6_2014,math-grade6-2014.js,multiple-choice,The diameter of a circular table is 6 feet. Which of the following is closest to the area of the tabletop?,1,0.20642220826765614,2.921582302076172,0:0.1927|1:0.2064|2:0.0953|3:0.0947|4:0.0985|5:0.1015|6:0.1070|7:0.1039
30,math_grade6_2014,math-grade6-2014.js,multiple-choice,"Which of these best describes the location of (0, 9) on a coordinate grid?",1,0.18135993576293954,2.969256089436331,0:0.1245|1:0.1814|2:0.1065|3:0.1080|4:0.1075|5:0.1567|6:0.1064|7:0.1090
31,math_grade6_2014,math-grade6-2014.js,multiple-choice,The radius of a circular swimming pool is 7.8 meters. Which is closest to the circumference of this swimming pool?,0,0.1953748416882077,2.962134810919191,0:0.1954|1:0.1085|2:0.1101|3:0.1086|4:0.1085|5:0.1084|6:0.1520|7:0.1085
32,math_grade6_2014,math-grade6-2014.js,free-response,What is the value of x when x 3 = 2.13?,2,0.41906152013244385,2.611914771419573,0:0.0830|1:0.0830|2:0.4191|3:0.0830|4:0.0830|5:0.0830|6:0.0830|7:0.0830
33,math_grade6_2014,math-grade6-2014.js,multiple-select,Phil surveyed 40 students about their favorite color. This circle graph shows the results. Identify two colors that together could represent the results of a group of exactly 20 students.,7,0.20023603838123188,2.9239873500488978,0:0.0914|1:0.0964|2:0.0931|3:0.0960|4:0.1599|5:0.0919|6:0.1711|7:0.2002
34,math_grade6_2014,math-grade6-2014.js,multiple-choice,"Ivan created the arithmetic pattern shown. 1, 4, 7, 10 If Ivan continues the pattern, what will be the 7th number in the pattern?",0,0.1937420881750251,2.9485766183691418,0:0.1937|1:0.1035|2:0.1037|3:0.1086|4:0.1761|5:0.1072|6:0.1036|7:0.1036
35,math_grade6_2014,math-grade6-2014.js,multiple-choice,"This list shows the number of text messages 5 friends sent last week. 13, 60, 61, 63, 64 The most appropriate measure of center for this data is the--",4,0.3053231996000927,2.8314328332713705,0:0.0946|1:0.0933|2:0.0978|3:0.0934|4:0.3053|5:0.0936|6:0.1276|7:0.0944
36,math_grade6_2014,math-grade6-2014.js,multiple-choice,What is the solution to this number sentence? y - 1 3 4 = 3,4,0.25703638716236904,2.7843613479143867,0:0.2479|1:0.0819|2:0.0819|3:0.0852|4:0.2570|5:0.0819|6:0.0819|7:0.0823
37,math_grade6_2014,math-grade6-2014.js,multiple-choice,Hector has 15 shirts in his drawer that are all the same size and shape. 6 shirts are white 4 shirts are blue 3 shirts are red 2 shirts are green Hector randomly selects two shirts without replacement. The outcome of the second shirt is--,7,0.1566732073481973,2.991092363203623,0:0.1375|1:0.1278|2:0.1153|3:0.1173|4:0.1155|5:0.1147|6:0.1153|7:0.1567
38,math_grade6_2014,math-grade6-2014.js,multiple-choice,The sixth-grade class held elections for class president. This graph shows the results of the election. Which circle graph best represents the same set of data?,4,0.3198061609751355,2.782983921957074,0:0.0881|1:0.0858|2:0.0858|3:0.0858|4:0.3198|5:0.0866|6:0.1613|7:0.0867
39,math_grade6_2014,math-grade6-2014.js,multiple-choice,Which property is illustrated by this number sentence? (0.7 + 1) · 0 = 0,4,0.27651718311516776,2.879597087090546,0:0.1018|1:0.0992|2:0.0992|3:0.1058|4:0.2765|5:0.1189|6:0.0992|7:0.0995
40,math_grade6_2014,math-grade6-2014.js,multiple-choice,Which of these best describes dependent events?,1,0.21284115079356772,2.9273569034810176,0:0.1065|1:0.2128|2:0.1004|3:0.1002|4:0.1006|5:0.1792|6:0.1001|7:0.1000
41,math_grade6_2014,math-grade6-2014.js,multiple-choice,"The first five terms of a sequence are shown. 4, 10, 16, 22, 28, ... What is the common difference of this sequence?",0,0.2258671691116836,2.943696166274107,0:0.2259|1:0.1087|2:0.1089|3:0.1089|4:0.1125|5:0.1098|6:0.1090|7:0.1162
42,math_grade6_2014,math-grade6-2014.js,multiple-choice,Which line plot shows a set of data with a balance point of 23?,5,0.401491164759566,2.6387621495206237,0:0.0794|1:0.0788|2:0.0788|3:0.0788|4:0.0790|5:0.4015|6:0.1243|7:0.0793
43,math_grade6_2014,math-grade6-2014.js,multiple-choice,Which property is illustrated by this number sentence? 13 * 1 = 13,4,0.27651718311516776,2.879597087090546,0:0.1018|1:0.0992|2:0.0992|3:0.1058|4:0.2765|5:0.1189|6:0.0992|7:0.0995
44,math_grade6_2014,math-grade6-2014.js,multiple-choice,Which number sentence illustrates the multiplicative inverse property?,4,0.27894901430032315,2.8760656378356435,0:0.1009|1:0.0997|2:0.0989|3:0.1043|4:0.2789|5:0.1191|6:0.0989|7:0.0992
45,math_grade6_2014,math-grade6-2014.js,multiple-choice,"Cale used a certain rule to create this geometric pattern. 3, 12, 48, 192, 768 Which of these patterns follows the same rule as Cale's pattern?",2,0.15076545941865435,2.992872961083191,0:0.1346|1:0.1130|2:0.1508|3:0.1171|4:0.1341|5:0.1198|6:0.1173|7:0.1134
46,math_grade6_2014,math-grade6-2014.js,multiple-choice,"Lee rolls a fair number cube labeled 1 through 6 two times. On both rolls, the number 6 lands face-up. In this situation, the second roll is--",4,0.2525788704395172,2.913574529076053,0:0.1080|1:0.1061|2:0.1062|3:0.1064|4:0.2526|5:0.1061|6:0.1062|7:0.1084
47,math_grade6_2014,math-grade6-2014.js,multiple-choice,Which word describes 5 in the number sentence shown? 5x - 12 = 18,4,0.25339538951369306,2.8562681426566754,0:0.1760|1:0.1493|2:0.0840|3:0.0858|4:0.2534|5:0.0839|6:0.0839|7:0.0839
48,math_grade6_2014,math-grade6-2014.js,multiple-choice,Which number sentence can be used to represent all the values of n shown on this graph?,4,0.3882506103830208,2.6790454725928026,0:0.0882|1:0.0846|2:0.1016|3:0.0851|4:0.3883|5:0.0857|6:0.0840|7:0.0825
49,math_grade6_2014,math-grade6-2014.js,multiple-choice,"Kylah spent $15 each week for 10 weeks. This circle graph represents how Kylah spent her money on each of 5 types of items. Based on this graph, which appears closest to the total amount Kylah spent on books and music for the 10-week period?",4,0.26784751939693646,2.8455668434217687,0:0.0947|1:0.0886|2:0.0889|3:0.0915|4:0.2678|5:0.0908|6:0.1888|7:0.0887
50,math_grade6_2014,math-grade6-2014.js,multiple-choice,Which graph represents the solution set to this inequality? 1 ≥ n,0,0.39789091798186255,2.6598275047161044,0:0.3979|1:0.0850|2:0.0850|3:0.0850|4:0.0906|5:0.0859|6:0.0850|7:0.0855
1,math_grade6_practice_2023,math-grade6-practice-2023.js,multiple-choice,Which expression is best represented by this model?,7,0.3546987261244006,2.7099506799951945,0:0.0793|1:0.0792|2:0.0850|3:0.0792|4:0.0794|5:0.1639|6:0.0792|7:0.3547
2,math_grade6_practice_2023,math-grade6-practice-2023.js,multiple-choice,What is the product of 2 2 3 and 1 1 6 ?,1,0.1381668285824943,2.9983887644438574,0:0.1220|1:0.1382|2:0.1209|3:0.1230|4:0.1221|5:0.1208|6:0.1214|7:0.1316
3,math_grade6_practice_2023,math-grade6-practice-2023.js,multiple-choice,The value of 8 1 4 ÷ 1 8 is —,2,0.41906152013244385,2.611914771419573,0:0.0830|1:0.0830|2:0.4191|3:0.0830|4:0.0830|5:0.0830|6:0.0830|7:0.0830
4,math_grade6_practice_2023,math-grade6-practice-2023.js,multiple-choice,Which equation is represented by this model?,7,0.27950132763033997,2.733205220474881,0:0.0775|1:0.0775|2:0.0775|3:0.0775|4:0.0776|5:0.2552|6:0.0776|7:0.2795
5,math_grade6_practice_2023,math-grade6-practice-2023.js,multiple-choice,Which number is less than −8?,4,0.2683094538570028,2.893139715693735,0:0.1044|1:0.1044|2:0.1044|3:0.1044|4:0.2683|5:0.1044|6:0.1044|7:0.1052
6,math_grade6_practice_2023,math-grade6-practice-2023.js,multiple-choice,Which statement best describes a number that is a perfect square?,4,0.22707175696454215,2.8914402461216824,0:0.0862|1:0.1491|2:0.1005|3:0.1783|4:0.2271|5:0.0870|6:0.0859|7:0.0859
7,math_grade6_practice_2023,math-grade6-practice-2023.js,multiple-choice,Nigel has 3 rolls of ribbon. Each roll has 8 3 4 feet of ribbon. It takes 1 3 4 feet of ribbon to make one bow. What is the total number of bows that Nigel can make using these 3 rolls of ribbon?,4,0.21052549762538308,2.956833320213077,0:0.1093|1:0.1062|2:0.1108|3:0.1211|4:0.2105|5:0.1083|6:0.1087|7:0.1251
8,math_grade6_practice_2023,math-grade6-practice-2023.js,multiple-choice,Wayne and Dani both drew congruent circles and marked the center points as Q. They each drew a line segment inside their circle as shown. Which statement best describes the line segments in Wayne's and Dani's circles?,5,0.2338073958635355,2.8926215854687016,0:0.0939|1:0.1131|2:0.0858|3:0.1210|4:0.0856|5:0.2338|6:0.1812|7:0.0857
9,math_grade6_practice_2023,math-grade6-practice-2023.js,multiple-choice,The diameter of the circular base of a storage container is 18.8 meters. The circumference of the base is approximately 59 meters. Which of these could be used to approximate the value of π?,2,0.23823407875618544,2.9298745957152112,0:0.1068|1:0.1093|2:0.2382|3:0.1038|4:0.1082|5:0.1045|6:0.1140|7:0.1152
10,math_grade6_practice_2023,math-grade6-practice-2023.js,multiple-choice,"The rectangle and shaded triangle have the same base and height, as shown in the diagram. The area, in square units, of the shaded triangle can be represented as —",2,0.2999304785806849,2.792287410304641,0:0.0830|1:0.0814|2:0.2999|3:0.0819|4:0.0818|5:0.0981|6:0.0872|7:0.1867
11,math_grade6_practice_2023,math-grade6-practice-2023.js,multiple-choice,"Which graphed point is best represented by (−7, 0)?",5,0.21773463625859463,2.923931449203428,0:0.0975|1:0.0970|2:0.0970|3:0.0970|4:0.0974|5:0.2177|6:0.1717|7:0.1247
12,math_grade6_practice_2023,math-grade6-practice-2023.js,multiple-choice,Which figure represents a regular polygon?,0,0.2770222986908696,2.8810052102355934,0:0.2770|1:0.1029|2:0.1037|3:0.1030|4:0.1032|5:0.1043|6:0.1030|7:0.1029
13,math_grade6_practice_2023,math-grade6-practice-2023.js,multiple-choice,A class will collect data to determine which afterschool event is the favorite for students to attend. Which method would result in data most representative of the entire school population?,7,0.2916470931306071,2.8594362424684627,0:0.1012|1:0.1011|2:0.1011|3:0.1011|4:0.1014|5:0.1015|6:0.1011|7:0.2916
14,math_grade6_practice_2023,math-grade6-practice-2023.js,multiple-choice,Timothy ordered 150 sandwiches on Monday. This circle graph represents the number of each kind of sandwich he ordered. Which is closest to the total number of turkey sandwiches Timothy ordered?,4,0.27306056758812774,2.848638683870454,0:0.0927|1:0.0911|2:0.0913|3:0.0912|4:0.2731|5:0.0915|6:0.1779|7:0.0912
15,math_grade6_practice_2023,math-grade6-practice-2023.js,multiple-choice,Porter recorded the lengths of 8 earthworms. Each length is rounded to the nearest inch. The circle graph and the line plot represent this set of data. What information can be determined from both the circle graph and the line plot?,5,0.310313453576532,2.735918163135771,0:0.0801|1:0.0782|2:0.0784|3:0.0782|4:0.0791|5:0.3103|6:0.2164|7:0.0793
16,math_grade6_practice_2023,math-grade6-practice-2023.js,multiple-choice,This line plot shows the number of letters in the names of 7 students. What is the balance point for this set of data?,5,0.35940428259795537,2.7091675358947973,0:0.0765|1:0.0764|2:0.0764|3:0.0764|4:0.1439|5:0.3594|6:0.1139|7:0.0770
17,math_grade6_practice_2023,math-grade6-practice-2023.js,multiple-choice,"The table shows the number of minutes 10 students each used completing homework one night. The teacher removes the outlier from the data and recalculates the measures of center and spread. When the outlier is removed from the data, the —",7,0.26284818358740053,2.869915560197783,0:0.0876|1:0.0875|2:0.1096|3:0.0875|4:0.1671|5:0.0917|6:0.1064|7:0.2628
18,math_grade6_practice_2023,math-grade6-practice-2023.js,multiple-choice,Cole used 1 4 of his time reading his notes and 3 10 of his time completing problems. He used the rest of his time reviewing his textbook. Cole reviewed his textbook for exactly —,0,0.15937535659035584,2.98389222914863,0:0.1594|1:0.1097|2:0.1507|3:0.1100|4:0.1339|5:0.1145|6:0.1101|7:0.1117
19,math_grade6_practice_2023,math-grade6-practice-2023.js,multiple-choice,The points on the coordinate plane show the proportional relationship between the x- and y-values. Which table of values represents the same proportional relationship that is shown in the graph?,5,0.2551607290082627,2.88441778911442,0:0.1674|1:0.0947|2:0.0993|3:0.0951|4:0.0984|5:0.2552|6:0.0948|7:0.0952
20,math_grade6_practice_2023,math-grade6-practice-2023.js,multiple-choice,"Using the key shown, look at this equation mat. Which equation best represents the equation mat shown?",5,0.3163742527154642,2.7787727874104493,0:0.1724|1:0.0844|2:0.0846|3:0.0845|4:0.0846|5:0.3164|6:0.0847|7:0.0885
21,math_grade6_practice_2023,math-grade6-practice-2023.js,multiple-choice,What is the value of m for this equation? 18 = m 6,2,0.291333350431724,2.7173739481544783,0:0.0762|1:0.0762|2:0.2913|3:0.0762|4:0.0762|5:0.2514|6:0.0762|7:0.0762
22,math_grade6_practice_2023,math-grade6-practice-2023.js,multiple-choice,Mr. Hansen wrote and solved this equation on the board. r + 3 = 11 r + (3 - 3) = 11 - 3 r = 8 He used the key shown and drew a model to confirm the solution. Which of these best represents a model Mr. Hansen could use to confirm his solution?,0,0.22793003719495383,2.8409029979519014,0:0.2279|1:0.0777|2:0.0934|3:0.0777|4:0.0778|5:0.1501|6:0.0777|7:0.2178
23,math_grade6_practice_2023,math-grade6-practice-2023.js,multiple-choice,Which statement is true?,3,0.3944149476108312,2.6676818243924343,0:0.0865|1:0.0865|2:0.0865|3:0.3944|4:0.0865|5:0.0865|6:0.0865|7:0.0865
1,math_grade7_2014,math-grade7-2014.js,multiple-choice,Which of the following is true?,1,0.29061637476384045,2.77407203638868,0:0.0812|1:0.2906|2:0.0818|3:0.2157|4:0.0812|5:0.0872|6:0.0812|7:0.0812
2,math_grade7_2014,math-grade7-2014.js,multiple-choice,Which number is a square root of 400?,4,0.2841337293647614,2.86556699683918,0:0.0983|1:0.0979|2:0.1281|3:0.0979|4:0.2841|5:0.0979|6:0.0979|7:0.0979
3,math_grade7_2014,math-grade7-2014.js,multiple-choice,What is 0.000012 written in scientific notation?,0,0.125,3.0,0:0.1250|1:0.1250|2:0.1250|3:0.1250|4:0.1250|5:0.1250|6:0.1250|7:0.1250
4,math_grade7_2014,math-grade7-2014.js,drag-drop,Arrange the three numbers shown in order from least to greatest.,0,0.22861796444226473,2.9389036068427266,0:0.2286|1:0.1032|2:0.1148|3:0.1033|4:0.1227|5:0.1094|6:0.1033|7:0.1147
5,math_grade7_2014,math-grade7-2014.js,multiple-choice,Which list of numbers is arranged from least to greatest?,4,0.16867489020857657,2.986865093752404,0:0.1146|1:0.1137|2:0.1168|3:0.1136|4:0.1687|5:0.1184|6:0.1217|7:0.1326
6,math_grade7_2014,math-grade7-2014.js,free-response,What is the value of (-15) - (-18) ÷ 3?,2,0.41906152013244385,2.611914771419573,0:0.0830|1:0.0830|2:0.4191|3:0.0830|4:0.0830|5:0.0830|6:0.0830|7:0.0830
7,math_grade7_2014,math-grade7-2014.js,multiple-choice,Which number is a square root of 1?,4,0.2841337293647614,2.86556699683918,0:0.0983|1:0.0979|2:0.1281|3:0.0979|4:0.2841|5:0.0979|6:0.0979|7:0.0979
8,math_grade7_2014,math-grade7-2014.js,multiple-choice,"Let n represent any number in this sequence. 2, 24, 46, 68, ... Which of these can be used to determine the next number?",4,0.3284019523584759,2.7967105574068247,0:0.0915|1:0.0927|2:0.1102|3:0.0915|4:0.3284|5:0.0918|6:0.0963|7:0.0975
9,math_grade7_2014,math-grade7-2014.js,multiple-choice,Which number sentence is represented by this model?,4,0.2592129168088695,2.7628182952853626,0:0.0813|1:0.0791|2:0.0791|3:0.0823|4:0.2592|5:0.0810|6:0.0791|7:0.2589
10,math_grade7_2014,math-grade7-2014.js,multiple-choice,Clarence made a scale drawing of a classroom. The scale in the drawing is 2 inches represents 9 feet. The actual length of the classroom is 36 feet. What is the length of the classroom on the scale drawing?,0,0.17160401805965098,2.9705365289889945,0:0.1716|1:0.1072|2:0.1145|3:0.1074|4:0.1083|5:0.1117|6:0.1685|7:0.1108
11,math_grade7_2014,math-grade7-2014.js,multiple-choice,Which fraction and decimal are equivalent to 10⁻³?,7,0.3394740835949249,2.7786452302717723,0:0.0944|1:0.0944|2:0.0944|3:0.0944|4:0.0944|5:0.0944|6:0.0944|7:0.3395
12,math_grade7_2014,math-grade7-2014.js,multiple-choice,What is the absolute value of -8.2?,2,0.41906152013244385,2.611914771419573,0:0.0830|1:0.0830|2:0.4191|3:0.0830|4:0.0830|5:0.0830|6:0.0830|7:0.0830
13,math_grade7_2014,math-grade7-2014.js,multiple-choice,"Which statement is true about the pattern shown? 5, 20, 80, 320, ...",3,0.4025058624159766,2.649739040695982,0:0.0866|1:0.0848|2:0.0850|3:0.4025|4:0.0848|5:0.0866|6:0.0849|7:0.0848
14,math_grade7_2014,math-grade7-2014.js,multiple-choice,Kelly received a 25% discount on the purchase of a $240 bicycle. What was the amount of the discount Kelly received?,0,0.1448029806516899,2.9968503789614473,0:0.1448|1:0.1197|2:0.1204|3:0.1202|4:0.1228|5:0.1319|6:0.1200|7:0.1203
15,math_grade7_2014,math-grade7-2014.js,multiple-choice,Which number sentence is represented by this model?,4,0.2592129168088695,2.7628182952853626,0:0.0813|1:0.0791|2:0.0791|3:0.0823|4:0.2592|5:0.0810|6:0.0791|7:0.2589
16,math_grade7_2014,math-grade7-2014.js,multiple-choice,What is | -11 12 |?,0,0.125,3.0,0:0.1250|1:0.1250|2:0.1250|3:0.1250|4:0.1250|5:0.1250|6:0.1250|7:0.1250
17,math_grade7_2014,math-grade7-2014.js,multiple-choice,The length of Rectangular Prism A is shown. The length of this prism is multiplied by a scale factor of 1 2 to create Rectangular Prism B. The volume of Rectangular Prism B is--,0,0.27466879641918973,2.8807768987443305,0:0.2747|1:0.1001|2:0.1001|3:0.1000|4:0.1000|5:0.1000|6:0.1252|7:0.1000
18,math_grade7_2014,math-grade7-2014.js,multiple-choice,Which statement is false?,3,0.33741175999803824,2.7820567843600728,0:0.0935|1:0.1013|2:0.0934|3:0.3374|4:0.0936|5:0.0941|6:0.0934|7:0.0934
19,math_grade7_2014,math-grade7-2014.js,multiple-choice,Quadrilateral KLMN is rotated 180° clockwise about the origin. Which coordinates best represent the image of point K?,7,0.18276663404334087,2.9411272655561613,0:0.0969|1:0.0966|2:0.0984|3:0.0966|4:0.0973|5:0.1579|6:0.1734|7:0.1828
20,math_grade7_2014,math-grade7-2014.js,multiple-choice,"A spinner has 8 equal-sized sections. • 2 red • 1 yellow • 3 blue • 2 green A class spun the arrow on the spinner 20 times. The arrow landed on green 3 times. The class will spin the arrow on the spinner a total of 500 times. As the number of spins increases, the experimental probability of the arrow landing on green will most likely approach –",4,0.1757475497610532,2.984582587590208,0:0.1176|1:0.1208|2:0.1164|3:0.1177|4:0.1757|5:0.1171|6:0.1171|7:0.1176
21,math_grade7_2014,math-grade7-2014.js,multiple-select,The dimensions of 4 rectangular prisms are shown. Identify each of the prisms for which the maximum amount of sand the prism can hold is 30 cubic inches.,0,0.29906955715178035,2.8477195455809987,0:0.2991|1:0.0986|2:0.0987|3:0.0995|4:0.1001|5:0.1007|6:0.0987|7:0.1046
22,math_grade7_2014,math-grade7-2014.js,multiple-choice,"A rectangular prism has a height of 3 inches and a volume of 27 cubic inches. The height of this prism is changed to 6 inches, and the other dimensions stay the same. What is the volume of the prism with this change?",0,0.26989594600196704,2.8909764004043006,0:0.2699|1:0.1042|2:0.1044|3:0.1043|4:0.1043|5:0.1042|6:0.1043|7:0.1043
23,math_grade7_2014,math-grade7-2014.js,multiple-choice,Every rhombus is also a--,6,0.1474043853240475,2.996778699058578,0:0.1213|1:0.1213|2:0.1249|3:0.1213|4:0.1213|5:0.1213|6:0.1474|7:0.1213
24,math_grade7_2014,math-grade7-2014.js,multiple-choice,Quadrilateral PQMN is similar to quadrilateral WXYZ. What is the measure of angle Z?,2,0.2225710979532973,2.945927603142964,0:0.1122|1:0.1079|2:0.2226|3:0.1102|4:0.1076|5:0.1075|6:0.1244|7:0.1076
25,math_grade7_2014,math-grade7-2014.js,multiple-choice,This table shows the dimensions of four rectangular prisms. Which rectangular prism has the greatest volume?,0,0.27129084716415997,2.8877063897358988,0:0.2713|1:0.1007|2:0.1007|3:0.1007|4:0.1157|5:0.1079|6:0.1007|7:0.1023
26,math_grade7_2014,math-grade7-2014.js,multiple-choice,Which numbered triangle is a 90° counterclockwise rotation about the origin of the shaded triangle?,2,0.3410059441851095,2.747129551291528,0:0.0839|1:0.0839|2:0.3410|3:0.0839|4:0.0840|5:0.0839|6:0.0841|7:0.1551
27,math_grade7_2014,math-grade7-2014.js,multiple-choice,The diameter and height of a cylindrical container are shown. The container is filled completely with cheese sauce. Which of these represents the total number of cubic inches of cheese sauce in the container?,0,0.22763242356934077,2.917037394315844,0:0.2276|1:0.1000|2:0.1001|3:0.1000|4:0.1716|5:0.1007|6:0.1000|7:0.1000
28,math_grade7_2014,math-grade7-2014.js,point-select,Figure LMNP will be reflected across the y-axis. Place the point on the graph that represents point N'.,6,0.2163510671068027,2.9239213173805854,0:0.1133|1:0.0941|2:0.0966|3:0.0945|4:0.1165|5:0.1744|6:0.2164|7:0.0943
29,math_grade7_2014,math-grade7-2014.js,multiple-choice,Triangle PQR is similar to triangle STU. Which proportion can be used to find n?,2,0.3669545847925546,2.7254339331175075,0:0.0899|1:0.0899|2:0.3670|3:0.0899|4:0.0905|5:0.0928|6:0.0899|7:0.0899
30,math_grade7_2014,math-grade7-2014.js,multiple-choice,"The number of 8-ounce glasses of water Shane drank each day for 12 days is represented in this histogram. Based on this histogram, which statement must be true?",3,0.2166664669111961,2.889046954041519,0:0.0933|1:0.0932|2:0.0932|3:0.2167|4:0.2133|5:0.0982|6:0.0934|7:0.0987
31,math_grade7_2014,math-grade7-2014.js,multiple-choice,"The digits 1, 2, 3, and 4 are used to make a 3-digit number. Each digit can be repeated. What is the total number of 3-digit numbers that can be made using these digits?",4,0.2942750126816779,2.8518975746294597,0:0.0952|1:0.0952|2:0.1204|3:0.1026|4:0.2943|5:0.1018|6:0.0955|7:0.0952
32,math_grade7_2014,math-grade7-2014.js,multiple-choice,"If k = 2, what is the value of k³ - (k - 10) + 4k?",2,0.41906152013244385,2.611914771419573,0:0.0830|1:0.0830|2:0.4191|3:0.0830|4:0.0830|5:0.0830|6:0.0830|7:0.0830
33,math_grade7_2014,math-grade7-2014.js,multiple-choice,"A spinner has 5 sections of equal size labeled P, Q, R, S, and T. The arrow of this spinner was spun 15 times and landed 4 times on the section labeled Q. Which statement best describes the experimental probability and theoretical probability of the arrow landing on the section labeled Q?",3,0.1461345178632122,2.993707959922053,0:0.1172|1:0.1352|2:0.1114|3:0.1461|4:0.1350|5:0.1230|6:0.1114|7:0.1207
34,math_grade7_2014,math-grade7-2014.js,multiple-choice,"Ethan earns $12 per hour to walk 2 dogs, plus an additional $7 for brushing the 2 dogs after their walk. Let x represent the hours Ethan works. Let y represent the total he earns each day. Which number sentence best represents this situation?",4,0.24135414244530576,2.8923396585533596,0:0.0960|1:0.0958|2:0.0958|3:0.0977|4:0.2414|5:0.0969|6:0.0960|7:0.1804
35,math_grade7_2014,math-grade7-2014.js,multiple-choice,Aidan's age is 6 years less than half of Maggie's age. Aidan's age is 4 years. What is Maggie's age?,4,0.13442054183672295,2.9987931657578706,0:0.1234|1:0.1215|2:0.1217|3:0.1217|4:0.1344|5:0.1219|6:0.1220|7:0.1333
36,math_grade7_2014,math-grade7-2014.js,multiple-choice,What is the solution to -12x ≤ -72?,0,0.3814811691343877,2.6954832963004147,0:0.3815|1:0.0884|2:0.0884|3:0.0884|4:0.0884|5:0.0884|6:0.0884|7:0.0884
37,math_grade7_2014,math-grade7-2014.js,multiple-choice,Which property is illustrated by this number sentence? (-1 • 7) + 3 = 3 + (-1 • 7),4,0.27651718311516776,2.879597087090546,0:0.1018|1:0.0992|2:0.0992|3:0.1058|4:0.2765|5:0.1189|6:0.0992|7:0.0995
38,math_grade7_2014,math-grade7-2014.js,multiple-choice,Which graph represents the solution set to this inequality? x + 5,0,0.39789091798186255,2.6598275047161044,0:0.3979|1:0.0850|2:0.0850|3:0.0850|4:0.0906|5:0.0859|6:0.0850|7:0.0855
39,math_grade7_2014,math-grade7-2014.js,multiple-choice,This stem-and-leaf plot shows the high temperatures for a city over 20 days. Which histogram represents the same set of data?,7,0.316969415215469,2.8145950313085875,0:0.0921|1:0.0913|2:0.0913|3:0.0981|4:0.1004|5:0.1179|6:0.0920|7:0.3170
40,math_grade7_2014,math-grade7-2014.js,multiple-choice,Marjorie bought 24 bottles of juice. Each day she opens and drinks 2 of these bottles of juice. Which of the following best represents the number of unopened bottles of juice Marjorie has at the end of d days?,1,0.19742388481977535,2.9300004764535026,0:0.1012|1:0.1974|2:0.1007|3:0.1007|4:0.1942|5:0.1040|6:0.1007|7:0.1011
41,math_grade7_2014,math-grade7-2014.js,multiple-choice,"If n = 3, what is the value of (3 + n 4 ) ÷ 3?",2,0.41906152013244385,2.611914771419573,0:0.0830|1:0.0830|2:0.4191|3:0.0830|4:0.0830|5:0.0830|6:0.0830|7:0.0830
42,math_grade7_2014,math-grade7-2014.js,multiple-choice,"This spinner has 6 sections of equal size. The arrow of this spinner was spun 60 times. On 45 out of 60 times, the arrow landed on a section labeled with a multiple of 4. What was the experimenal probability of the arrow landing on a section labeled with a multiple of 4?",4,0.14096558494651304,2.9976427154200245,0:0.1254|1:0.1206|2:0.1192|3:0.1207|4:0.1410|5:0.1202|6:0.1209|7:0.1321
43,math_grade7_2014,math-grade7-2014.js,multiple-choice,What is the solution to x -4 = 10,0,0.3814811691343877,2.6954832963004147,0:0.3815|1:0.0884|2:0.0884|3:0.0884|4:0.0884|5:0.0884|6:0.0884|7:0.0884
44,math_grade7_2014,math-grade7-2014.js,multiple-choice,"Which of the following is the algebraic form for the verbal statement shown? ""13 more than the product of 4 and a number, n""",1,0.23351544490229456,2.882048716119437,0:0.1254|1:0.2335|2:0.0800|3:0.1622|4:0.1556|5:0.0798|6:0.0799|7:0.0836
45,math_grade7_2014,math-grade7-2014.js,multiple-choice,"The table shows the results of 50 rolls of a fair number cube numbered 1 to 6. According to the data in the table, what was the experimental probability of rolling a 1?",4,0.30874964329475646,2.8322886014179236,0:0.0985|1:0.0983|2:0.0983|3:0.0983|4:0.3087|5:0.1001|6:0.0983|7:0.0994
46,math_grade7_2014,math-grade7-2014.js,multiple-choice,"A spinner has sections labeled W, X, Y, and Z. The faces of a number cube are labeled 1, 2, 3, 4, 5, and 6. What is the total number of possible outcomes of 1 spin of the arrow on the spinner and 1 roll of the number cube?",4,0.26668947981937846,2.8953365626852623,0:0.1050|1:0.1047|2:0.1047|3:0.1047|4:0.2667|5:0.1047|6:0.1047|7:0.1047
47,math_grade7_2014,math-grade7-2014.js,multiple-choice,Which value of k makes -5 > k + 11 true?,2,0.26623810836148465,2.8195126684621705,0:0.0841|1:0.0841|2:0.2662|3:0.2117|4:0.0841|5:0.1015|6:0.0841|7:0.0841
48,math_grade7_2014,math-grade7-2014.js,multiple-choice,Which table contains only the points that lie on the line represented by y = 5 4 x - 3?,5,0.35819635683583145,2.7409631328053674,0:0.0889|1:0.0888|2:0.0893|3:0.0888|4:0.0900|5:0.3582|6:0.0893|7:0.1067
49,math_grade7_2014,math-grade7-2014.js,multiple-choice,What is the value of n that makes the following true? n + (-7) = -77,2,0.2234960843995023,2.84142032733304,0:0.0765|1:0.2037|2:0.2235|3:0.1755|4:0.0765|5:0.0912|6:0.0765|7:0.0765
50,math_grade7_2014,math-grade7-2014.js,multiple-choice,What is the solution to c - 14 < 16?,0,0.3814811691343877,2.6954832963004147,0:0.3815|1:0.0884|2:0.0884|3:0.0884|4:0.0884|5:0.0884|6:0.0884|7:0.0884
1,math_grade7_practice_2023,math-grade7-practice-2023.js,multiple-choice,Samantha stated that 324 is a perfect square. Which factors could Samantha have used to justify her statement?,3,0.20476143114253087,2.9361616933180112,0:0.0946|1:0.1079|2:0.1759|3:0.2048|4:0.1141|5:0.0948|6:0.0987|7:0.1093
2,math_grade7_practice_2023,math-grade7-practice-2023.js,multiple-choice,Which operation should be performed last when using the order of operations to simplify this expression? 20 − 6 2 • 2,7,0.24718790518656325,2.9184289576425044,0:0.1032|1:0.1021|2:0.1181|3:0.1022|4:0.1132|5:0.1117|6:0.1022|7:0.2472
3,math_grade7_practice_2023,math-grade7-practice-2023.js,multiple-choice,Adam had 820 baseball cards. He gave 25% of the cards to his brother. How many cards did Adam give to his brother?,4,0.13418447626204202,2.998862524697108,0:0.1232|1:0.1226|2:0.1218|3:0.1218|4:0.1342|5:0.1330|6:0.1217|7:0.1217
4,math_grade7_practice_2023,math-grade7-practice-2023.js,multiple-choice,The table shows the number of different-colored roses sold at a flower shop. The shop owner will create a circle graph to represent the data. What percent of the circle should be used to represent the number of pink roses sold?,4,0.2838806029086112,2.769319162167425,0:0.0804|1:0.0804|2:0.0824|3:0.0804|4:0.2839|5:0.0822|6:0.2276|7:0.0828
5,math_grade7_practice_2023,math-grade7-practice-2023.js,multiple-choice,A cylinder has a radius of 7 inches and a height of 20 inches. Which is closest to the surface area of this cylinder?,0,0.25887700840831734,2.901814250942603,0:0.2589|1:0.1019|2:0.1031|3:0.1020|4:0.1019|5:0.1019|6:0.1284|7:0.1019
6,math_grade7_practice_2023,math-grade7-practice-2023.js,multiple-choice,"The measurements of a rectangular prism are shown. If the height of this rectangular prism was multiplied by 1 2 , the surface area would —",0,0.30672159560694867,2.8356215645482203,0:0.3067|1:0.0988|2:0.0989|3:0.0989|4:0.0989|5:0.0988|6:0.0989|7:0.1001
7,math_grade7_practice_2023,math-grade7-practice-2023.js,multiple-choice,Two similar triangles are shown. Which statement is NOT true?,3,0.34054698491003954,2.7727031074906305,0:0.0906|1:0.0881|2:0.1085|3:0.3405|4:0.0884|5:0.0881|6:0.0886|7:0.1073
8,math_grade7_practice_2023,math-grade7-practice-2023.js,multiple-choice,Triangle STU is similar to triangle XYZ. Which proportion can be used to find m?,2,0.37557244156302066,2.7077650005748684,0:0.0886|1:0.0886|2:0.3756|3:0.0886|4:0.0897|5:0.0920|6:0.0886|7:0.0886
9,math_grade7_practice_2023,math-grade7-practice-2023.js,multiple-choice,Triangle PQR is dilated by a scale factor of 2 using the origin as the center of dilation. What appears to be the new coordinates of point R after this dilation?,2,0.21943513930603037,2.9323210130670976,0:0.0966|1:0.1014|2:0.2194|3:0.0963|4:0.1168|5:0.1142|6:0.1586|7:0.0967
10,math_grade7_practice_2023,math-grade7-practice-2023.js,multiple-choice,"The distance, d, a spring stretches is directly proportional to the force, F, on the spring. The constant of proportionality is 0.25. Which equation represents this relationship?",5,0.3070666049433077,2.8345874292824975,0:0.1066|1:0.0974|2:0.0980|3:0.0978|4:0.0977|5:0.3071|6:0.0977|7:0.0977
11,math_grade7_practice_2023,math-grade7-practice-2023.js,multiple-choice,"One brand of dog food is sold in 4-pound bags, 12-pound bags, and 24-pound bags. • A 4-pound bag costs $6.00. • A 12-pound bag costs $18.00. • A 24-pound bag costs $36.00. • All of the costs include tax. What is the slope of the linear equation that models the relationship between the number of pounds of dog food, x, and the cost in dollars, y?",5,0.1890843999642551,2.959421809112425,0:0.1049|1:0.1044|2:0.1044|3:0.1044|4:0.1625|5:0.1891|6:0.1048|7:0.1255
12,math_grade7_practice_2023,math-grade7-practice-2023.js,multiple-choice,The graph of a line is shown. Which statement best describes the slope of this line?,5,0.34003637808543835,2.750169847076589,0:0.1048|1:0.1113|2:0.0762|3:0.1396|4:0.0762|5:0.3400|6:0.0760|7:0.0759
13,math_grade7_practice_2023,math-grade7-practice-2023.js,multiple-choice,"A school club is selling T-shirts to raise money for a field trip. The club members — • purchase a pack of 24 T-shirts for $348 • sell each T-shirt for $19.00 Which equation best represents the total sales in dollars, y, of x T-shirts?",5,0.22876923988248662,2.938941158510703,0:0.1112|1:0.1065|2:0.1069|3:0.1068|4:0.1264|5:0.2288|6:0.1067|7:0.1069
14,math_grade7_practice_2023,math-grade7-practice-2023.js,multiple-choice,A school club is selling T-shirts to raise money for a field trip. The club members — • purchase a pack of 24 T-shirts for $348 • sell each T-shirt for $19.00 The T-shirt supplier sells T-shirts only in packages of 24. Which table best shows the amount the club will earn after paying for the T-shirt packages and selling the T-shirts?,5,0.170606831928274,2.986051064851739,0:0.1278|1:0.1131|2:0.1144|3:0.1135|4:0.1250|5:0.1706|6:0.1134|7:0.1222
15,math_grade7_practice_2023,math-grade7-practice-2023.js,multiple-choice,A school club is selling T-shirts to raise money for a field trip. The club members — • purchase a pack of 24 T-shirts for $348 • sell each T-shirt for $19.00 The club members decide to increase the price of the T-shirts. They will charge 5% more than the original amount. Which dollar value represents 5% of the original price?,2,0.18260621198932916,2.976697942071697,0:0.1194|1:0.1105|2:0.1826|3:0.1107|4:0.1131|5:0.1390|6:0.1107|7:0.1140
16,math_grade7_practice_2023,math-grade7-practice-2023.js,multiple-choice,"If n = 3, what is the value of (3 + n 4 ) ÷ 3?",2,0.41906152013244385,2.611914771419573,0:0.0830|1:0.0830|2:0.4191|3:0.0830|4:0.0830|5:0.0830|6:0.0830|7:0.0830
17,math_grade7_practice_2023,math-grade7-practice-2023.js,multiple-choice,What is the solution to the equation? d − 3.4 7 = 2.8,0,0.2757158549126586,2.7508498963293304,0:0.2757|1:0.0792|2:0.0792|3:0.0792|4:0.0792|5:0.2488|6:0.0792|7:0.0792
18,math_grade7_practice_2023,math-grade7-practice-2023.js,multiple-choice,Beatrice has 18 pencils. Beatrice has 2 more than 4 times the number of pencils Rick has. Exactly how many pencils does Rick have?,4,0.2434565377487563,2.924563852330811,0:0.1092|1:0.1072|2:0.1074|3:0.1073|4:0.2435|5:0.1105|6:0.1073|7:0.1077
19,math_grade7_practice_2023,math-grade7-practice-2023.js,multiple-choice,Which set of values contains only solutions to −3x < 15?,7,0.22005736380442728,2.945898878024547,0:0.1163|1:0.1118|2:0.1092|3:0.1016|4:0.1052|5:0.1317|6:0.1041|7:0.2201
20,math_grade7_practice_2023,math-grade7-practice-2023.js,multiple-choice,"A spinner has 8 equal-sized sections. • 2 red • 1 yellow • 3 blue • 2 green A class spun the arrow on the spinner 20 times. The arrow landed on green 3 times. The class will spin the arrow on the spinner a total of 500 times. As the number of spins increases, the experimental probability of the arrow landing on green will most likely approach —",4,0.1757475497610532,2.984582587590208,0:0.1176|1:0.1208|2:0.1164|3:0.1177|4:0.1757|5:0.1171|6:0.1171|7:0.1176
21,math_grade7_practice_2023,math-grade7-practice-2023.js,multiple-choice,"A fair number cube has faces labeled 1, 2, 3, 4, 5, and 6. Wesley rolled this number cube 30 times. This table shows his results. Wesley compared the theoretical and experimental probabilities. Which statement correctly compares the theoretical and experimental probabilities that the number landing face-up is a multiple of 3?",4,0.26937761843422064,2.883313336611619,0:0.0987|1:0.0987|2:0.0987|3:0.1379|4:0.2694|5:0.0991|6:0.0987|7:0.0989
22,math_grade7_practice_2023,math-grade7-practice-2023.js,multiple-choice,Jason represented the values of his 35 baseball cards in a histogram and in a stem-and-leaf plot. Which statement best describes the graph Jason could use to find the median value of his 35 baseball cards?,5,0.19596293348159907,2.9240995143170876,0:0.0815|1:0.1232|2:0.1813|3:0.1353|4:0.0838|5:0.1960|6:0.0855|7:0.1134
1,math_grade8_2014,math-grade8-2014.js,multiple-choice,What is the value of 4(6 + 2)²?,2,0.41906152013244385,2.611914771419573,0:0.0830|1:0.0830|2:0.4191|3:0.0830|4:0.0830|5:0.0830|6:0.0830|7:0.0830
2,math_grade8_2014,math-grade8-2014.js,free-response,What is - 324 ?,0,0.125,3.0,0:0.1250|1:0.1250|2:0.1250|3:0.1250|4:0.1250|5:0.1250|6:0.1250|7:0.1250
3,math_grade8_2014,math-grade8-2014.js,multiple-choice,"If x = 2 and t = 4 , what is the value of 1 8 (x³ - 4)(t² + 8) ?",2,0.41906152013244385,2.611914771419573,0:0.0830|1:0.0830|2:0.4191|3:0.0830|4:0.0830|5:0.0830|6:0.0830|7:0.0830
4,math_grade8_2014,math-grade8-2014.js,multiple-choice,A food company reduced the amount of salt in one of their food products from 700 milligrams to 630 milligrams. What is the percent decrease in the amount of salt in this food product?,7,0.15663569904421598,2.9916162084106204,0:0.1371|1:0.1186|2:0.1142|3:0.1198|4:0.1167|5:0.1228|6:0.1141|7:0.1566
5,math_grade8_2014,math-grade8-2014.js,multiple-choice,Which number is an irrational number?,4,0.38714455017647964,2.683434206459616,0:0.0875|1:0.0875|2:0.0878|3:0.0875|4:0.3871|5:0.0875|6:0.0875|7:0.0875
6,math_grade8_2014,math-grade8-2014.js,multiple-select,Identify each number between 1.7 × 10⁰ and 195%.,4,0.30046052544278656,2.844855528830748,0:0.0976|1:0.1018|2:0.0970|3:0.1002|4:0.3005|5:0.0969|6:0.0969|7:0.1091
7,math_grade8_2014,math-grade8-2014.js,multiple-choice,"Dora bought a total of 48 cupcakes. Each cupcake cost $0.55, including tax. Of the cupcakes she bought, 3 8 were vanilla cupcakes. What was the total cost of only the vanilla cupcakes?",4,0.1768020186226302,2.9834407575308437,0:0.1267|1:0.1155|2:0.1162|3:0.1160|4:0.1768|5:0.1155|6:0.1158|7:0.1175
8,math_grade8_2014,math-grade8-2014.js,multiple-choice,Which list of numbers is ordered from greatest to least?,4,0.18011525045884297,2.9809551819228646,0:0.1132|1:0.1124|2:0.1153|3:0.1124|4:0.1801|5:0.1177|6:0.1263|7:0.1226
9,math_grade8_2014,math-grade8-2014.js,multiple-choice,"Emil bought a camera for $268.26, including tax. He made a down payment of $12.00 and paid the balance in 6 equal monthly payments. What was Emil's monthly payment for this camera?",7,0.14205125474604982,2.9972237345678043,0:0.1263|1:0.1233|2:0.1208|3:0.1186|4:0.1322|5:0.1183|6:0.1185|7:0.1421
10,math_grade8_2014,math-grade8-2014.js,multiple-choice,Which pair of numbers are both between 6 and 7?,4,0.14622292762541175,2.996031424238392,0:0.1186|1:0.1183|2:0.1196|3:0.1173|4:0.1462|5:0.1334|6:0.1253|7:0.1213
11,math_grade8_2014,math-grade8-2014.js,free-response,Kyle caught 9 insects for his science project in the first week. He caught 13 insects in the second week. What is the percent increase in the number of insects Kyle caught from the first week to the second week? Round your answer to the nearest whole percent.,4,0.17139482594890146,2.9859858051530166,0:0.1176|1:0.1139|2:0.1143|3:0.1206|4:0.1714|5:0.1142|6:0.1185|7:0.1295
12,math_grade8_2014,math-grade8-2014.js,multiple-choice,"Which number in this list is NOT an integer? 12 4 , -4², 25 , -4.8",4,0.2803123366669341,2.876107075756846,0:0.1020|1:0.1020|2:0.1020|3:0.1020|4:0.2803|5:0.1020|6:0.1076|7:0.1020
13,math_grade8_2014,math-grade8-2014.js,multiple-choice,Which statement best describes 50 ?,3,0.2168478218431741,2.9040334632825076,0:0.0910|1:0.1797|2:0.0904|3:0.2168|4:0.0912|5:0.1499|6:0.0904|7:0.0904
14,math_grade8_2014,math-grade8-2014.js,multiple-choice,What is the value of 8 3 n³ when n = 3 2 ?,2,0.41906152013244385,2.611914771419573,0:0.0830|1:0.0830|2:0.4191|3:0.0830|4:0.0830|5:0.0830|6:0.0830|7:0.0830
15,math_grade8_2014,math-grade8-2014.js,multiple-choice,"For the rectangle shown, which equation can be used to find the value of x ?",2,0.3323938357971235,2.7381871235871547,0:0.0817|1:0.0805|2:0.3324|3:0.0805|4:0.0831|5:0.1808|6:0.0805|7:0.0805
16,math_grade8_2014,math-grade8-2014.js,multiple-choice,What is the area of this polygon?,0,0.2015164123312964,2.96610338281557,0:0.2015|1:0.1119|2:0.1122|3:0.1121|4:0.1122|5:0.1119|6:0.1202|7:0.1182
17,math_grade8_2014,math-grade8-2014.js,multiple-choice,Which grid shows only a translation of the shaded polygon to create the unshaded polygon?,7,0.21766622090707272,2.9495087430810822,0:0.1298|1:0.1059|2:0.1105|3:0.1061|4:0.1125|5:0.1061|6:0.1114|7:0.2177
18,math_grade8_2014,math-grade8-2014.js,multiple-choice,Which of the following could be the measurements of two supplementary angles?,1,0.2719456604324447,2.873652331535798,0:0.1056|1:0.2719|2:0.1095|3:0.0908|4:0.0906|5:0.0899|6:0.0976|7:0.1442
19,math_grade8_2014,math-grade8-2014.js,multiple-choice,Which number has a value between − 9 and π?,2,0.31538873553347613,2.7009579870411704,0:0.0754|1:0.0754|2:0.3154|3:0.0754|4:0.2324|5:0.0754|6:0.0754|7:0.0754
20,math_grade8_2014,math-grade8-2014.js,multiple-choice,Josh has two rectangular prisms. The length of the second prism is 10 times the length of the first prism. The heights and widths of the two prisms are the same. Which best describes the volume of the second prism?,0,0.23843895600438844,2.9239441220180318,0:0.2384|1:0.1221|2:0.0986|3:0.0985|4:0.0990|5:0.0991|6:0.1273|7:0.1170
21,math_grade8_2014,math-grade8-2014.js,multiple-choice,This figure is formed by a square and an isosceles trapezoid. What is the perimeter of this figure?,0,0.2566256954374894,2.9051852533680833,0:0.2566|1:0.1017|2:0.1270|3:0.1018|4:0.1051|5:0.1041|6:0.1018|7:0.1018
22,math_grade8_2014,math-grade8-2014.js,multiple-choice,The radius of the base of a cone is 6 inches. The height of the cone is 6 inches. Which is closest to the volume of the cone?,0,0.24913035337077627,2.9156321709442503,0:0.2491|1:0.1037|2:0.1081|3:0.1038|4:0.1037|5:0.1037|6:0.1240|7:0.1037
23,math_grade8_2014,math-grade8-2014.js,multiple-choice,One piece of a stained glass is transformed three times. What transformation was used to create this section of the stained glass window?,2,0.16013870245143996,2.981975588982033,0:0.1140|1:0.1075|2:0.1601|3:0.1083|4:0.1236|5:0.1116|6:0.1170|7:0.1579
24,math_grade8_2014,math-grade8-2014.js,multiple-choice,A three-dimensional figure is constructed using identical cubes. Three views of this figure are shown. Which could be this three-dimensional figure?,0,0.3081897717869373,2.8316612910357266,0:0.3082|1:0.0958|2:0.1111|3:0.0949|4:0.0971|5:0.1027|6:0.0949|7:0.0953
25,math_grade8_2014,math-grade8-2014.js,multiple-choice,"A wire connects the top of a flagpole to the ground as shown. Which is closest to the height, h , of the flagpole?",0,0.3535338235696458,2.7520445026957767,0:0.3535|1:0.0923|2:0.0924|3:0.0924|4:0.0923|5:0.0923|6:0.0924|7:0.0923
26,math_grade8_2014,math-grade8-2014.js,multiple-choice,Raymond needs to cover the entire surface of this square-based pyramid with paper. What is the minimum amount of paper he will need?,0,0.16594519880264666,2.9896832204586765,0:0.1659|1:0.1177|2:0.1183|3:0.1181|4:0.1222|5:0.1221|6:0.1179|7:0.1179
27,math_grade8_2014,math-grade8-2014.js,multiple-select,Look at the angles. Identify each angle that is adjacent to Angle 2.,2,0.16779599357594063,2.9861869004085992,0:0.1111|1:0.1228|2:0.1678|3:0.1134|4:0.1216|5:0.1105|6:0.1355|7:0.1173
28,math_grade8_2014,math-grade8-2014.js,multiple-select,Identify each three-dimensional figure that could be represented by these three views.,0,0.1746107123318083,2.957556818322792,0:0.1746|1:0.1034|2:0.1207|3:0.0971|4:0.0970|5:0.1607|6:0.0938|7:0.1527
29,math_grade8_2014,math-grade8-2014.js,multiple-choice,What is the solution of this equation? x = 5x + 6,0,0.2757158549126586,2.7508498963293304,0:0.2757|1:0.0792|2:0.0792|3:0.0792|4:0.0792|5:0.2488|6:0.0792|7:0.0792
30,math_grade8_2014,math-grade8-2014.js,multiple-choice,Which line appears to contain both ordered pairs shown in this table?,5,0.2786352868412988,2.8448278193582004,0:0.1717|1:0.0893|2:0.1005|3:0.0895|4:0.0915|5:0.2786|6:0.0894|7:0.0894
31,math_grade8_2014,math-grade8-2014.js,multiple-select,Identify each equation that illustrates the commutative property of multiplication.,5,0.28509449063965203,2.8672552022902247,0:0.1021|1:0.0973|2:0.0977|3:0.0976|4:0.1158|5:0.2851|6:0.0975|7:0.1070
32,math_grade8_2014,math-grade8-2014.js,multiple-choice,"The hourly wages of the 25 employees at a restaurant are shown. Based on the graph, what is the mean hourly wage of the 25 employees at this restaurant?",4,0.21748653923455724,2.8921300530307357,0:0.2094|1:0.0929|2:0.0930|3:0.1039|4:0.2175|5:0.0945|6:0.0954|7:0.0934
33,math_grade8_2014,math-grade8-2014.js,multiple-choice,What value of x makes this equation true? 5x + 8 + 3x = 26 + 6x,2,0.2294322697398973,2.833166686292907,0:0.0781|1:0.0781|2:0.2294|3:0.1780|4:0.0781|5:0.2021|6:0.0781|7:0.0781
34,math_grade8_2014,math-grade8-2014.js,multiple-choice,Which line appears to be a graph of the equation shown? y = -2x - 1,5,0.40454625812810335,2.6126838185495203,0:0.1469|1:0.0735|2:0.0801|3:0.0736|4:0.0742|5:0.4045|6:0.0736|7:0.0735
35,math_grade8_2014,math-grade8-2014.js,multiple-choice,Two fair coins are flipped at the same time. What is the probability that both display tails?,0,0.16039357830235715,2.9861785944470594,0:0.1604|1:0.1134|2:0.1117|3:0.1143|4:0.1311|5:0.1116|6:0.1118|7:0.1456
36,math_grade8_2014,math-grade8-2014.js,multiple-choice,Which graph appears to contain all the ordered pairs in this relation?,4,0.2729864076957574,2.8858180113327707,0:0.1031|1:0.1031|2:0.1132|3:0.1013|4:0.2730|5:0.1006|6:0.1062|7:0.0996
37,math_grade8_2014,math-grade8-2014.js,multiple-choice,Which graph best represents the solution to 7 8 ≥ 1 4 x + 1 2 ?,0,0.39358043093790224,2.669193978192591,0:0.3936|1:0.0853|2:0.0853|3:0.0853|4:0.0917|5:0.0884|6:0.0853|7:0.0853
38,math_grade8_2014,math-grade8-2014.js,multiple-choice,Which of these best describes the relationship of the data shown on this scatterplot?,0,0.3406392462345862,2.7591197195692785,0:0.3406|1:0.1405|2:0.0851|3:0.0851|4:0.0855|5:0.0920|6:0.0850|7:0.0862
39,math_grade8_2014,math-grade8-2014.js,multiple-choice,What is the solution to n + 4 2 - 3 = 13 ?,0,0.3814811691343877,2.6954832963004147,0:0.3815|1:0.0884|2:0.0884|3:0.0884|4:0.0884|5:0.0884|6:0.0884|7:0.0884
40,math_grade8_2014,math-grade8-2014.js,multiple-choice,"The graph shows Anna's height on each of her last five birthdays. Based on the graph, between which two consecutive years was the increase in Anna's height the greatest?",4,0.31074906823234416,2.8280254286057924,0:0.1062|1:0.0939|2:0.0969|3:0.1032|4:0.3107|5:0.0944|6:0.0995|7:0.0951
41,math_grade8_2014,math-grade8-2014.js,multiple-choice,Which best represents y = x - 1 ?,5,0.2732477932680071,2.886337465374491,0:0.1039|1:0.1038|2:0.1038|3:0.1038|4:0.1040|5:0.2732|6:0.1038|7:0.1038
42,math_grade8_2014,math-grade8-2014.js,multiple-choice,What is the range of this relation?,4,0.2149782612263612,2.9528278012100695,0:0.1088|1:0.1282|2:0.1094|3:0.1110|4:0.2150|5:0.1092|6:0.1086|7:0.1098
43,math_grade8_2014,math-grade8-2014.js,multiple-choice,What is the solution of this inequality? 1.6 ≥ 0.8x + 4,0,0.31858838154071495,2.8158039266376984,0:0.3186|1:0.0973|2:0.0973|3:0.0973|4:0.0974|5:0.0974|6:0.0973|7:0.0973
44,math_grade8_2014,math-grade8-2014.js,multiple-choice,"Which is the greatest value in the range of y = -5x + 3 for the domain {-2, 0, 1, 3}?",2,0.2452415203230218,2.8990503824737752,0:0.0969|1:0.1012|2:0.2452|3:0.0963|4:0.1660|5:0.0976|6:0.0963|7:0.1005
45,math_grade8_2014,math-grade8-2014.js,multiple-choice,Which table contains only points that lie on the line represented by y = 2x 3 - 6,5,0.35819635683583145,2.7409631328053674,0:0.0889|1:0.0888|2:0.0893|3:0.0888|4:0.0900|5:0.3582|6:0.0893|7:0.1067
46,math_grade8_2014,math-grade8-2014.js,multiple-choice,"The graph shows the number of text messages two students sent each day for 4 days. Based on the graph, which statement is true?",4,0.30366885668199717,2.763452588637133,0:0.0810|1:0.0809|2:0.0809|3:0.2058|4:0.3037|5:0.0812|6:0.0850|7:0.0815
47,math_grade8_2014,math-grade8-2014.js,multiple-choice,The scatterplot shows the relationship between Marvin's age and the time it took him to run a mile. Which statement best describes the relationship between Marvin's age and the time it takes him to run a mile?,0,0.1703351170690842,2.9709614977994,0:0.1703|1:0.1354|2:0.0974|3:0.1518|4:0.1125|5:0.1327|6:0.0974|7:0.1024
48,math_grade8_2014,math-grade8-2014.js,multiple-choice,"Which relation has a domain of {3, 5, 8}",4,0.20789177588641153,2.960715732818974,0:0.1110|1:0.1205|2:0.1133|3:0.1139|4:0.2079|5:0.1113|6:0.1109|7:0.1112
49,math_grade8_2014,math-grade8-2014.js,multiple-choice,What value of p makes this equation true? 2 p = − 3 ( p + 2 ) 4,2,0.2294322697398973,2.833166686292907,0:0.0781|1:0.0781|2:0.2294|3:0.1780|4:0.0781|5:0.2021|6:0.0781|7:0.0781
50,math_grade8_2014,math-grade8-2014.js,multiple-choice,A box contains 9 new light bulbs and 6 used light bulbs. Each light bulb is the same size and shape. Meredith will randomly select 2 light bulbs from the box without replacement. What is the probability Meredith will select a new light bulb and then a used light bulb?,2,0.15866722962329616,2.991801384313275,0:0.1175|1:0.1129|2:0.1587|3:0.1128|4:0.1254|5:0.1267|6:0.1216|7:0.1244
1,math_grade8_practice_2023,math-grade8-practice-2023.js,multiple-choice,Two friends went out to dinner. The total bill was $38.90 before tax and tip. • The tax rate was 5.5%. • They wanted to tip 20% on the total before tax. Which expression could NOT be used to estimate the total cost including tax and tip?,4,0.16193911323623766,2.9784925790821637,0:0.1139|1:0.1111|2:0.1304|3:0.1065|4:0.1619|5:0.1072|6:0.1086|7:0.1604
2,math_grade8_practice_2023,math-grade8-practice-2023.js,multiple-choice,The original price of a holiday decoration was $28. The price decreased to $0.60 after the holiday was over. Which is closest to the percent decrease in the holiday decoration price?,0,0.19875347383506026,2.9683685631435806,0:0.1988|1:0.1120|2:0.1126|3:0.1209|4:0.1124|5:0.1124|6:0.1177|7:0.1133
3,math_grade8_practice_2023,math-grade8-practice-2023.js,multiple-choice,Which number has a value between − 9 and π?,2,0.31538873553347613,2.7009579870411704,0:0.0754|1:0.0754|2:0.3154|3:0.0754|4:0.2324|5:0.0754|6:0.0754|7:0.0754
4,math_grade8_practice_2023,math-grade8-practice-2023.js,multiple-choice,Look at these angles. Which two angles are complementary?,7,0.1539390348100594,2.989663643723614,0:0.1430|1:0.1319|2:0.1119|3:0.1188|4:0.1120|5:0.1107|6:0.1178|7:0.1539
5,math_grade8_practice_2023,math-grade8-practice-2023.js,multiple-choice,Angle C and angle D are supplementary. The measure of angle D is 72°. What is the measure of angle C?,2,0.19790538720964165,2.96530334210885,0:0.1144|1:0.1122|2:0.1979|3:0.1094|4:0.1092|5:0.1091|6:0.1386|7:0.1092
6,math_grade8_practice_2023,math-grade8-practice-2023.js,multiple-choice,A student made the square-based pyramid shown. What is the area of the base of this pyramid?,0,0.2560663384973387,2.908963742752448,0:0.2561|1:0.1045|2:0.1099|3:0.1046|4:0.1050|5:0.1048|6:0.1049|7:0.1102
7,math_grade8_practice_2023,math-grade8-practice-2023.js,multiple-choice,Trapezoid MNPQ is graphed on the coordinate plane. Trapezoid MNPQ will be translated 3 units to the left and 2 units down. Which of these best represents the coordinates of N′?,5,0.16442132396722345,2.9876829601082555,0:0.1152|1:0.1120|2:0.1270|3:0.1135|4:0.1202|5:0.1644|6:0.1357|7:0.1120
8,math_grade8_practice_2023,math-grade8-practice-2023.js,multiple-choice,Each model shown consists of three squares and a triangle. The areas of the squares are given in square centimeters. For which model could the Pythagorean Theorem be used to prove that the triangle is a right triangle? Note: Models are not drawn to scale.,2,0.3040777307822622,2.7831303234129043,0:0.0802|1:0.0798|2:0.3041|3:0.0800|4:0.0798|5:0.0810|6:0.1112|7:0.1840
9,math_grade8_practice_2023,math-grade8-practice-2023.js,multiple-choice,A composite figure is shown. What is the area of this figure?,0,0.3548559502525183,2.7493624141604034,0:0.3549|1:0.0915|2:0.0916|3:0.0915|4:0.0918|5:0.0957|6:0.0915|7:0.0915
10,math_grade8_practice_2023,math-grade8-practice-2023.js,multiple-choice,A rectangle as shown has a length of 0.9 centimeters and a width of 0.4 cm. A circle is drawn inside that touches the rectangle at two points. Which is closest to the area of the shaded region in the rectangle?,6,0.24103621550556703,2.855216639418837,0:0.2151|1:0.0884|2:0.0922|3:0.0885|4:0.0889|5:0.0929|6:0.2410|7:0.0929
11,math_grade8_practice_2023,math-grade8-practice-2023.js,multiple-choice,Leslie built a walkway around a rectangular garden as shown. The walkway is the same width on all sides of the garden. What is the perimeter of this garden?,0,0.2597911462673783,2.904014228596851,0:0.2598|1:0.1044|2:0.1133|3:0.1045|4:0.1045|5:0.1044|6:0.1045|7:0.1045
12,math_grade8_practice_2023,math-grade8-practice-2023.js,multiple-choice,"Which set has a domain of {2, 3} and a range of {5, 8}?",7,0.23228571052655544,2.9266876706662828,0:0.1141|1:0.1049|2:0.1027|3:0.0997|4:0.1463|5:0.1005|6:0.0997|7:0.2323
13,math_grade8_practice_2023,math-grade8-practice-2023.js,multiple-choice,"Some students are selling candy bars to raise money to purchase new gym equipment. The more candy bars they sell, the more money they raise. Which of these is the independent variable in this situation?",7,0.1374252180376279,2.997682706853567,0:0.1324|1:0.1178|2:0.1196|3:0.1186|4:0.1263|5:0.1298|6:0.1180|7:0.1374
14,math_grade8_practice_2023,math-grade8-practice-2023.js,multiple-choice,A line contains the points represented by this table of values. This line has a y-intercept of —,5,0.37816615995204755,2.7020955764662227,0:0.0866|1:0.0916|2:0.0908|3:0.0866|4:0.0869|5:0.3782|6:0.0868|7:0.0925
15,math_grade8_practice_2023,math-grade8-practice-2023.js,multiple-choice,Which graph appears to contain all the ordered pairs in this table?,4,0.28395845584564505,2.8698685892802387,0:0.1018|1:0.0982|2:0.1126|3:0.0983|4:0.2840|5:0.1020|6:0.1046|7:0.0985
16,math_grade8_practice_2023,math-grade8-practice-2023.js,multiple-choice,"Aaron has 5 ounces of water in a container. He adds 2.6 ounces of water each minute. Which table of values represents the number of ounces of water in the container, y, after x minutes?",4,0.26056501509570934,2.90308009127358,0:0.1107|1:0.1053|2:0.1078|3:0.1029|4:0.2606|5:0.1069|6:0.1027|7:0.1031
17,math_grade8_practice_2023,math-grade8-practice-2023.js,multiple-choice,Which equation represents all the values in the table?,5,0.33879036724648565,2.779562953892573,0:0.0922|1:0.0941|2:0.0983|3:0.0921|4:0.0982|5:0.3388|6:0.0921|7:0.0941
18,math_grade8_practice_2023,math-grade8-practice-2023.js,multiple-choice,What value of p makes this equation true? 2 p = − 3 ( p + 2 ) 4,2,0.2294322697398973,2.833166686292907,0:0.0781|1:0.0781|2:0.2294|3:0.1780|4:0.0781|5:0.2021|6:0.0781|7:0.0781
19,math_grade8_practice_2023,math-grade8-practice-2023.js,multiple-choice,The math club had $200 to buy supplies for t-shirt decorating. • They spent $10 for the first t-shirt and $8 for each additional t-shirt. • They purchased y t-shirts. Which inequality best represents this situation?,5,0.19075582194700544,2.9739578424815445,0:0.1265|1:0.1128|2:0.1137|3:0.1129|4:0.1170|5:0.1908|6:0.1129|7:0.1134
20,math_grade8_practice_2023,math-grade8-practice-2023.js,multiple-choice,Greta has 2 bags of tiles that are all the same size and shape. • Bag A has 1 blue tile and 3 green tiles. • Bag B has 2 yellow tiles and 4 black tiles. Which of these best describes dependent events?,1,0.1591833452388092,2.989040765701964,0:0.1215|1:0.1592|2:0.1125|3:0.1123|4:0.1144|5:0.1395|6:0.1128|7:0.1278
21,math_grade8_practice_2023,math-grade8-practice-2023.js,multiple-choice,"A spinner has four equal sections labeled W, X, Y, and Z. A fair coin has faces labeled heads and tails. Edward will spin the arrow of the spinner and flip the coin one time each. What is the probability the arrow will land on the section labeled Z and the coin will land with heads face-up?",7,0.14905454902507592,2.9927436184128053,0:0.1306|1:0.1156|2:0.1158|3:0.1155|4:0.1412|5:0.1168|6:0.1156|7:0.1491
22,math_grade8_practice_2023,math-grade8-practice-2023.js,multiple-choice,"Stella has some colored cards that are the same size and shape. • The probability of randomly selecting a blue card is 20%. • The probability of randomly selecting a red card is 30%. What is the probability Stella will randomly select a card that is NOT blue, replace it, then randomly select a card that is red?",7,0.1336854993366828,2.999377941786233,0:0.1231|1:0.1258|2:0.1259|3:0.1215|4:0.1247|5:0.1210|6:0.1242|7:0.1337
23,math_grade8_practice_2023,math-grade8-practice-2023.js,multiple-choice,"Emma is on the school golf team. Her scores from 15 practice rounds are shown. 93, 95, 102, 107, 107, 108, 111, 113, 114, 114, 115, 118, 120, 120, 125 From the sample scores collected, can you perform a non-biased statistical analysis for the school golf team?",0,0.22441525251280506,2.945460151389244,0:0.2244|1:0.1100|2:0.1102|3:0.1101|4:0.1118|5:0.1113|6:0.1101|7:0.1120
24,math_grade8_practice_2023,math-grade8-practice-2023.js,multiple-choice,A baker recorded the number of batches of cookies he made on each of seven days. He baked a different number of batches of cookies each day. This boxplot summarizes his data. The baker baked 30 batches of cookies on the eighth day. He redraws the boxplot to include the additional data. Which statement comparing the new boxplot to the original boxplot is NOT true?,4,0.2800716722578775,2.8374953139966452,0:0.0902|1:0.0900|2:0.0900|3:0.1778|4:0.2801|5:0.0904|6:0.0900|7:0.0913
25,math_grade8_practice_2023,math-grade8-practice-2023.js,multiple-choice,The number of points scored by four basketball players during each of 20 games is summarized in these boxplots. Which player scored 10 or more points in the greatest number of games?,4,0.3070820921291307,2.834834019606948,0:0.0973|1:0.0973|2:0.1005|3:0.0973|4:0.3071|5:0.1004|6:0.1027|7:0.0974
26,math_grade8_practice_2023,math-grade8-practice-2023.js,multiple-choice,The number of points scored by two basketball teams is summarized in these boxplots. • Team A scored a different number of points in each of the team's 14 games. • Team B scored a different number of points in each of the team's 13 games. What is the total number of games in which Team A and Team B each scored 55 or more points?,4,0.3221387437508574,2.8094240209467456,0:0.0956|1:0.0950|2:0.0979|3:0.0950|4:0.3221|5:0.0973|6:0.1017|7:0.0952
27,math_grade8_practice_2023,math-grade8-practice-2023.js,multiple-choice,"A student will collect data about fertilizer and its effect on grass. The student will create a scatterplot to display the amount of fertilizer used and the height of grass after 2 weeks. To create this scatterplot, the student does NOT need to include —",7,0.1966999265055317,2.9672695186952724,0:0.1262|1:0.1068|2:0.1296|3:0.1072|4:0.1110|5:0.1111|6:0.1113|7:0.1967
28,math_grade8_practice_2023,math-grade8-practice-2023.js,multiple-choice,Which scatterplot shows data with a negative relationship?,7,0.3181108113287639,2.8153850129772815,0:0.0954|1:0.0945|2:0.0946|3:0.0946|4:0.0994|5:0.1088|6:0.0946|7:0.3181
