qid,test_id,source_file,type,question_text,word_count,dominant_topic,dominant_topic_probability,topic_entropy_bits,topic_distribution
1,reading_endofcourse_2015,reading-endofcourse-2015.js,multiple-choice,"In paragraph 1, the words ""rumbled,"" ""buzzed,"" and ""exploded"" evoke images of-",7,1,0.8904097,0.8063376545906067,0:0.0157|1:0.8904|2:0.0156|3:0.0157|4:0.0157|5:0.0157|6:0.0156|7:0.0156
2,reading_endofcourse_2015,reading-endofcourse-2015.js,multiple-choice,The details in paragraph 2 support the idea that Benjamin is -,5,3,0.64322424,1.5968255996704102,0:0.0209|1:0.0208|2:0.0208|3:0.6432|4:0.2317|5:0.0208|6:0.0209|7:0.0208
3,reading_endofcourse_2015,reading-endofcourse-2015.js,multiple-choice,Read this sentence from paragraph 4. He swung wide around an anonymous heap of metal being swallowed by a greedy mound of blackberry brambles and came to an abrupt halt. The sentence contains an example of--,20,7,0.9583158,0.3669843375682831,0:0.0060|1:0.0060|2:0.0060|3:0.0060|4:0.0060|5:0.0060|6:0.0060|7:0.9583
4,reading_endofcourse_2015,reading-endofcourse-2015.js,multiple-select,"In this excerpt from paragraph 7, select the words that best reveal Benjamin's attempt to gain the artist's trust. Craning his head to the side to get another peek at it, he answered politely enough, ""My name's Benjamin, and I live up on Hendricks Avenue,"" waving his hand vaguely at the steep hill behind him. ... Then Benjamin blushed and apologized.",34,6,0.9749852,0.23896470665931702,0:0.0036|1:0.0036|2:0.0036|3:0.0036|4:0.0036|5:0.0036|6:0.9750|7:0.0036
5,reading_endofcourse_2015,reading-endofcourse-2015.js,multiple-choice,Which situation in the selection is an example of irony?,4,4,0.8245928,1.162355899810791,0:0.0250|1:0.0251|2:0.0250|3:0.0250|4:0.8246|5:0.0251|6:0.0251|7:0.0250
6,reading_endofcourse_2015,reading-endofcourse-2015.js,multiple-choice,"According to paragraph 3, the main difference between Super Stadiums and regular stadiums is that Super Stadiums -",10,3,0.92040986,0.6241711378097534,0:0.0114|1:0.0114|2:0.0114|3:0.9204|4:0.0114|5:0.0114|6:0.0114|7:0.0114
7,reading_endofcourse_2015,reading-endofcourse-2015.js,multiple-choice,"In paragraph 6, which word best describes the author's attitude about Super Stadium projects?",9,0,0.9124346,0.6741183996200562,0:0.9124|1:0.0125|2:0.0125|3:0.0125|4:0.0125|5:0.0125|6:0.0125|7:0.0125
8,reading_endofcourse_2015,reading-endofcourse-2015.js,multiple-choice,"According to paragraph 7, in the future, sports fans will-",5,1,0.596646,1.6569654941558838,0:0.0209|1:0.5966|2:0.0209|3:0.0209|4:0.0209|5:0.0209|6:0.2782|7:0.0209
9,reading_endofcourse_2015,reading-endofcourse-2015.js,multiple-choice,Which sentence from this selection would be most difficult to verify as a fact?,6,1,0.8747984,0.8956155776977539,0:0.0179|1:0.8748|2:0.0179|3:0.0179|4:0.0179|5:0.0179|6:0.0179|7:0.0179
10,reading_endofcourse_2015,reading-endofcourse-2015.js,multiple-choice,"Based on the selection, the reader may best infer that new building materials -",9,7,0.8357882,1.0021376609802246,0:0.0125|1:0.0126|2:0.0890|3:0.0125|4:0.0125|5:0.0126|6:0.0125|7:0.8358
11,reading_endofcourse_2015,reading-endofcourse-2015.js,multiple-choice,Which information about the selection would be best to include in a report about the popularity of spectator sports?,9,1,0.91239,0.6743937730789185,0:0.0125|1:0.9124|2:0.0125|3:0.0125|4:0.0125|5:0.0125|6:0.0125|7:0.0125
12,reading_endofcourse_2015,reading-endofcourse-2015.js,multiple-choice,The purpose of this selection is to--,2,5,0.708175,1.6903235912322998,0:0.0417|1:0.0417|2:0.0417|3:0.0417|4:0.0417|5:0.7082|6:0.0417|7:0.0417
13,reading_endofcourse_2015,reading-endofcourse-2015.js,multiple-choice,The purpose of the first paragraph is to -,3,5,0.78113735,1.3725104331970215,0:0.0313|1:0.0313|2:0.0313|3:0.0313|4:0.0313|5:0.7811|6:0.0313|7:0.0313
14,reading_endofcourse_2015,reading-endofcourse-2015.js,multiple-choice,Which question is answered in paragraph 3?,3,5,0.78116137,1.3723989725112915,0:0.0313|1:0.0313|2:0.0313|3:0.0313|4:0.0313|5:0.7812|6:0.0313|7:0.0313
15,reading_endofcourse_2015,reading-endofcourse-2015.js,multiple-choice,Paragraph 4 suggests that Osamu Tezuka -,4,2,0.82481456,1.161238193511963,0:0.0250|1:0.0250|2:0.8248|3:0.0250|4:0.0251|5:0.0250|6:0.0250|7:0.0250
16,reading_endofcourse_2015,reading-endofcourse-2015.js,multiple-choice,"Read this sentence from paragraph 5. While Tezuka's manga may stand on the same library shelves as American superhero comic books, Tezuka's manga are to most traditional American comic books what Shakespeare's plays are to soap operas on American television: a similar art form, but with much richer content. The purpose of the analogy in this sentence is to-",34,4,0.9749807,0.23900079727172852,0:0.0036|1:0.0036|2:0.0036|3:0.0036|4:0.9750|5:0.0036|6:0.0036|7:0.0036
17,reading_endofcourse_2015,reading-endofcourse-2015.js,multiple-choice,The author mainly develops the topic of this selection by -,5,5,0.85406876,1.0092451572418213,0:0.0208|1:0.0208|2:0.0208|3:0.0209|4:0.0208|5:0.8541|6:0.0208|7:0.0208
18,reading_endofcourse_2015,reading-endofcourse-2015.js,multiple-choice,Which information from the selection supports the thesis that manga has become increasingly popular over time?,9,5,0.9124136,0.6742476224899292,0:0.0125|1:0.0125|2:0.0125|3:0.0125|4:0.0125|5:0.9124|6:0.0125|7:0.0125
19,reading_endofcourse_2015,reading-endofcourse-2015.js,multiple-choice,"In paragraph 2, the author uses dialogue to -",4,5,0.82491076,1.1607532501220703,0:0.0250|1:0.0250|2:0.0250|3:0.0250|4:0.0250|5:0.8249|6:0.0250|7:0.0250
20,reading_endofcourse_2015,reading-endofcourse-2015.js,multiple-choice,"Read this sentence from paragraph 3. I watched her play with the top button of her coat and thought about the man I was about to meet, my father, whose face I knew only from a small black-and-white photograph. This sentence conveys Su-Jen's feelings of -",22,2,0.9619361,0.3402026295661926,0:0.0054|1:0.0054|2:0.9619|3:0.0054|4:0.0054|5:0.0054|6:0.0054|7:0.0054
21,reading_endofcourse_2015,reading-endofcourse-2015.js,multiple-choice,"In paragraph 3, pensive means -",3,5,0.78088415,1.373685598373413,0:0.0314|1:0.0313|2:0.0313|3:0.0313|4:0.0313|5:0.7809|6:0.0313|7:0.0313
22,reading_endofcourse_2015,reading-endofcourse-2015.js,multiple-choice,"Read this sentence from paragraph 5. He stopped as he drew near, huffing out of breath. This sentence contains an example of--",11,5,0.92698526,0.5820527076721191,0:0.0104|1:0.0104|2:0.0104|3:0.0104|4:0.0104|5:0.9270|6:0.0104|7:0.0104
23,reading_endofcourse_2015,reading-endofcourse-2015.js,multiple-choice,The character of Su-Jen is mainly revealed through her--,4,3,0.8249189,1.160711646080017,0:0.0250|1:0.0250|2:0.0250|3:0.8249|4:0.0250|5:0.0250|6:0.0250|7:0.0250
24,reading_endofcourse_2015,reading-endofcourse-2015.js,multiple-choice,"Based on the selection, Su-Jen's father may best be described as--",7,0,0.89050055,0.8058083057403564,0:0.8905|1:0.0156|2:0.0156|3:0.0156|4:0.0156|5:0.0156|6:0.0157|7:0.0156
25,reading_endofcourse_2015,reading-endofcourse-2015.js,multiple-choice,Later chapters of this selection would most likely describe--,6,0,0.8748794,0.8951607942581177,0:0.8749|1:0.0179|2:0.0179|3:0.0179|4:0.0179|5:0.0179|6:0.0179|7:0.0179
26,reading_endofcourse_2015,reading-endofcourse-2015.js,multiple-choice,"Which word carries a negative connotation in this sentence? Patrick's mother is assuming that when her son refrains from fraternizing so much, he will become more accomplished.",14,0,0.9415998,0.4850115478038788,0:0.9416|1:0.0083|2:0.0083|3:0.0083|4:0.0083|5:0.0083|6:0.0083|7:0.0083
27,reading_endofcourse_2015,reading-endofcourse-2015.js,multiple-choice,"Read this sentence. Ryan was meticulous with his writing assignments, so the papers he turned in for English class received the highest grades for grammar because they never contained mistakes. As used in this sentence, the word meticulous means--",22,7,0.96194017,0.34017214179039,0:0.0054|1:0.0054|2:0.0054|3:0.0054|4:0.0054|5:0.0054|6:0.0054|7:0.9619
28,reading_endofcourse_2015,reading-endofcourse-2015.js,multiple-choice,Which fact from a magazine article would be best to include in a report about the literary career of William Faulkner?,11,0,0.92699945,0.5819605588912964,0:0.9270|1:0.0104|2:0.0104|3:0.0104|4:0.0104|5:0.0104|6:0.0104|7:0.0104
29,reading_endofcourse_2015,reading-endofcourse-2015.js,multiple-choice,Read these sentences. The days following tryouts for the wrestling team were a roller coaster ride for Ian. He had done his best at the tryouts and hoped the coaches would want him to wrestle on the varsity team. He worried over it for hours. The purpose of the figurative language in these sentences is to suggest that Ian--,29,2,0.9708203,0.27217912673950195,0:0.0042|1:0.0042|2:0.9708|3:0.0042|4:0.0042|5:0.0042|6:0.0042|7:0.0042
30,reading_endofcourse_2015,reading-endofcourse-2015.js,multiple-choice,The information in paragraph 2 supports the idea that Antarctic fish -,6,0,0.8748622,0.8952572345733643,0:0.8749|1:0.0179|2:0.0179|3:0.0179|4:0.0179|5:0.0179|6:0.0179|7:0.0179
31,reading_endofcourse_2015,reading-endofcourse-2015.js,multiple-choice,"Read these sentences from paragraph 3. The threadfin pithead, for instance, lives at depths of around 2,000 feet in the cold dark of the Antarctic seas. It is difficult to imagine a more adverse environment. These sentences suggest that the author--",21,7,0.9602013,0.3530976176261902,0:0.0057|1:0.0057|2:0.0057|3:0.0057|4:0.0057|5:0.0057|6:0.0057|7:0.9602
32,reading_endofcourse_2015,reading-endofcourse-2015.js,multiple-choice,Read this sentence from paragraph 3. The slender fish spends its days swimming through the honeycombed channels of the icepack hunting krillsmall crustaceans-for its sustenance. The word sustenance means--,18,3,0.9539239,0.3988407850265503,0:0.0066|1:0.0066|2:0.0066|3:0.9539|4:0.0066|5:0.0066|6:0.0066|7:0.0066
33,reading_endofcourse_2015,reading-endofcourse-2015.js,multiple-choice,Which statement best expresses the main idea of paragraph 3?,6,2,0.8749088,0.8949958086013794,0:0.0179|1:0.0179|2:0.8749|3:0.0179|4:0.0179|5:0.0179|6:0.0179|7:0.0179
34,reading_endofcourse_2015,reading-endofcourse-2015.js,multiple-choice,"In paragraph 6, the word salutary means--",4,0,0.5351256,1.8063769340515137,0:0.5351|1:0.0250|2:0.0250|3:0.0250|4:0.0250|5:0.0250|6:0.0250|7:0.3148
35,reading_endofcourse_2015,reading-endofcourse-2015.js,multiple-choice,The organizational structure of paragraph 6 is best described as -,5,7,0.8540116,1.00955069065094,0:0.0209|1:0.0208|2:0.0209|3:0.0208|4:0.0208|5:0.0209|6:0.0209|7:0.8540
36,reading_endofcourse_2015,reading-endofcourse-2015.js,multiple-choice,Which section would most likely describe future uses of the protein found in fish that live in below-freezing water?,12,1,0.9326501,0.5450310707092285,0:0.0096|1:0.9327|2:0.0096|3:0.0096|4:0.0096|5:0.0096|6:0.0096|7:0.0096
37,reading_endofcourse_2015,reading-endofcourse-2015.js,multiple-choice,How can the reader best tell that this is an expository selection?,5,1,0.85396296,1.0098111629486084,0:0.0209|1:0.8540|2:0.0209|3:0.0208|4:0.0208|5:0.0209|6:0.0209|7:0.0209
38,reading_endofcourse_2015,reading-endofcourse-2015.js,multiple-choice,What is the author's most likely purpose for writing this selection?,5,5,0.8540496,1.0093473196029663,0:0.0208|1:0.0209|2:0.0208|3:0.0208|4:0.0208|5:0.8540|6:0.0208|7:0.0209
39,reading_endofcourse_2015,reading-endofcourse-2015.js,multiple-choice,"That advice helped keep my situation in perspective; I was polishing my craft, getting experience, and establishing myself as a talented writer. In this sentence from paragraph 1, the word polishing suggests--",17,4,0.9513373,0.4173024296760559,0:0.0070|1:0.0069|2:0.0070|3:0.0070|4:0.9513|5:0.0069|6:0.0069|7:0.0070
40,reading_endofcourse_2015,reading-endofcourse-2015.js,multiple-choice,Which set of statements provides the best summary of paragraphs 2-5?,6,0,0.8749049,0.8950179219245911,0:0.8749|1:0.0179|2:0.0179|3:0.0179|4:0.0179|5:0.0179|6:0.0179|7:0.0179
41,reading_endofcourse_2015,reading-endofcourse-2015.js,multiple-choice,"Read this sentence from paragraph 5. The ticket was inscribed with the logo for KidsPop, the symphony orchestra's overt attempt to entice children away from video games and into the world of classical music. What does the word overt mean?",22,3,0.9619389,0.3401814103126526,0:0.0054|1:0.0054|2:0.0054|3:0.9619|4:0.0054|5:0.0054|6:0.0054|7:0.0054
42,reading_endofcourse_2015,reading-endofcourse-2015.js,multiple-choice,A quick scan of Saint-Saën's biography provided little assistance--the information was nearly incomprehensible to a beginner such as myself. The word incomprehensible from paragraph 6 contains a root word that means to--,16,3,0.948497,0.4373350143432617,0:0.0074|1:0.0074|2:0.0074|3:0.9485|4:0.0074|5:0.0074|6:0.0074|7:0.0074
43,reading_endofcourse_2015,reading-endofcourse-2015.js,multiple-choice,"Read this sentence from paragraph 10. Now came a contrast in tempo--the lumbering sluggishness of giant tortoises, painfully trudging along, step by laborious step. The author uses sensory language in this sentence in order to--",22,5,0.96193385,0.34021925926208496,0:0.0054|1:0.0054|2:0.0054|3:0.0054|4:0.0054|5:0.9619|6:0.0054|7:0.0054
44,reading_endofcourse_2015,reading-endofcourse-2015.js,multiple-choice,The fanfare and flourishes of the finale announced a farewell to our carnival. Which literary device does Jake use in this sentence from paragraph 13?,12,3,0.9326593,0.5449692606925964,0:0.0096|1:0.0096|2:0.0096|3:0.9327|4:0.0096|5:0.0096|6:0.0096|7:0.0096
45,reading_endofcourse_2015,reading-endofcourse-2015.js,multiple-choice,Jake's dismay over having to review a KidsPop concert affects the selection by--,7,6,0.890597,0.8052457571029663,0:0.0156|1:0.0156|2:0.0156|3:0.0156|4:0.0156|5:0.0156|6:0.8906|7:0.0156
46,reading_endofcourse_2015,reading-endofcourse-2015.js,multiple-choice,Jake uses extensive animal imagery in the selection to suggest the music's--,8,5,0.902708,0.7334849834442139,0:0.0139|1:0.0139|2:0.0139|3:0.0139|4:0.0139|5:0.9027|6:0.0139|7:0.0139
47,reading_endofcourse_2015,reading-endofcourse-2015.js,multiple-choice,Which detail from the selection supports the concept that Jake is eager to do a good job reviewing the concert?,10,6,0.9204002,0.6242324113845825,0:0.0114|1:0.0114|2:0.0114|3:0.0114|4:0.0114|5:0.0114|6:0.9204|7:0.0114
48,reading_endofcourse_2015,reading-endofcourse-2015.js,multiple-choice,The selection is told from Jakes point of view in order to emphasize his--,7,6,0.8905397,0.8055799007415771,0:0.0156|1:0.0156|2:0.0156|3:0.0156|4:0.0156|5:0.0157|6:0.8905|7:0.0156
49,reading_endofcourse_2015,reading-endofcourse-2015.js,multiple-choice,The author includes the illustration at the top of the selection to--,5,1,0.85390913,1.0100994110107422,0:0.0209|1:0.8539|2:0.0209|3:0.0209|4:0.0208|5:0.0209|6:0.0209|7:0.0209
50,reading_endofcourse_2015,reading-endofcourse-2015.js,multiple-choice,The purpose of paragraph 2 is to--,2,5,0.7081392,1.6904699802398682,0:0.0417|1:0.0417|2:0.0417|3:0.0417|4:0.0417|5:0.7081|6:0.0417|7:0.0417
51,reading_endofcourse_2015,reading-endofcourse-2015.js,multiple-choice,The author uses the source in paragraph 5 to--,4,5,0.56422156,1.7809603214263916,0:0.0250|1:0.0250|2:0.0250|3:0.0250|4:0.0250|5:0.5642|6:0.0250|7:0.2857
52,reading_endofcourse_2015,reading-endofcourse-2015.js,multiple-choice,The reader may conclude that computerized contact lenses will be most useful to people who--,8,6,0.90258944,0.7341985702514648,0:0.0139|1:0.0139|2:0.0139|3:0.0139|4:0.0139|5:0.0139|6:0.9026|7:0.0139
53,reading_endofcourse_2015,reading-endofcourse-2015.js,multiple-choice,"Paragraph 8 suggests that in the future, computers will be embedded into contact lenses that--",7,0,0.89050955,0.8057551980018616,0:0.8905|1:0.0157|2:0.0156|3:0.0156|4:0.0156|5:0.0156|6:0.0156|7:0.0156
54,reading_endofcourse_2015,reading-endofcourse-2015.js,multiple-choice,The purpose of this selection is to--,2,5,0.70817506,1.6903233528137207,0:0.0417|1:0.0417|2:0.0417|3:0.0417|4:0.0417|5:0.7082|6:0.0417|7:0.0417
1,reading_endofcourse_practice_2024,reading-endofcourse-practice-2024.js,multiple-choice,"In paragraph 1, the expression ""rhythm of their lives"" suggests that people's lives were filled with--",8,0,0.9027286,0.7333611845970154,0:0.9027|1:0.0139|2:0.0139|3:0.0139|4:0.0139|5:0.0139|6:0.0139|7:0.0139
2,reading_endofcourse_practice_2024,reading-endofcourse-practice-2024.js,multiple-choice,"Based on paragraph 4, the reader can determine that the sundial was the first timekeeping device to--",8,5,0.90272987,0.7333532571792603,0:0.0139|1:0.0139|2:0.0139|3:0.0139|4:0.0139|5:0.9027|6:0.0139|7:0.0139
3,reading_endofcourse_practice_2024,reading-endofcourse-practice-2024.js,multiple-choice,The main idea of paragraph 5 focuses on the concept that water clocks were--,7,3,0.8905664,0.8054237365722656,0:0.0156|1:0.0156|2:0.0156|3:0.8906|4:0.0156|5:0.0156|6:0.0156|7:0.0156
4,reading_endofcourse_practice_2024,reading-endofcourse-practice-2024.js,multiple-choice,This selection supports all these statements about timekeeping EXCEPT--,5,0,0.8540605,1.009289026260376,0:0.8541|1:0.0209|2:0.0208|3:0.0208|4:0.0208|5:0.0209|6:0.0209|7:0.0208
5,reading_endofcourse_practice_2024,reading-endofcourse-practice-2024.js,multiple-choice,"Based on information in the selection, which statement represents the author's opinion?",7,6,0.8904686,0.8059945106506348,0:0.0156|1:0.0157|2:0.0157|3:0.0156|4:0.0156|5:0.0157|6:0.8905|7:0.0156
6,reading_endofcourse_practice_2024,reading-endofcourse-practice-2024.js,multiple-choice,Which tone is conveyed in paragraph 1?,3,4,0.7809253,1.3734948635101318,0:0.0314|1:0.0313|2:0.0313|3:0.0313|4:0.7809|5:0.0313|6:0.0313|7:0.0313
7,reading_endofcourse_practice_2024,reading-endofcourse-practice-2024.js,multiple-choice,"Read this sentence from paragraph 3. That facade had evaporated when Jack enlisted, and, Ruth admitted, she liked herself more now than she had in the past. The author's word choice in this sentence highlights the idea that--",17,7,0.9513487,0.4172210097312927,0:0.0070|1:0.0069|2:0.0070|3:0.0070|4:0.0069|5:0.0069|6:0.0069|7:0.9513
8,reading_endofcourse_practice_2024,reading-endofcourse-practice-2024.js,multiple-choice,Why does the author include the flashback in paragraph 9?,4,5,0.57022643,1.775007963180542,0:0.0250|1:0.0250|2:0.0250|3:0.0250|4:0.2796|5:0.5702|6:0.0250|7:0.0250
9,reading_endofcourse_practice_2024,reading-endofcourse-practice-2024.js,multiple-choice,The details in paragraph 13 contribute to the selection by--,4,6,0.5109714,1.8228479623794556,0:0.0250|1:0.0250|2:0.0250|3:0.3389|4:0.0250|5:0.0250|6:0.5110|7:0.0250
10,reading_endofcourse_practice_2024,reading-endofcourse-practice-2024.js,multiple-choice,"In this selection, Vera's character is best described as a--",5,6,0.85406256,1.0092778205871582,0:0.0209|1:0.0208|2:0.0209|3:0.0208|4:0.0208|5:0.0208|6:0.8541|7:0.0209
11,reading_endofcourse_practice_2024,reading-endofcourse-practice-2024.js,multiple-choice,The author organizes information in paragraph 1 using explanation most likely to--,7,5,0.8905645,0.8054352402687073,0:0.0156|1:0.0156|2:0.0156|3:0.0156|4:0.0156|5:0.8906|6:0.0156|7:0.0156
12,reading_endofcourse_practice_2024,reading-endofcourse-practice-2024.js,multiple-choice,The reader can tell this article is expository because it--,4,1,0.8249362,1.1606247425079346,0:0.0250|1:0.8249|2:0.0250|3:0.0250|4:0.0250|5:0.0250|6:0.0250|7:0.0250
13,reading_endofcourse_practice_2024,reading-endofcourse-practice-2024.js,multiple-choice,How do scientists know that the canals were dry at times?,5,2,0.8541217,1.00896155834198,0:0.0208|1:0.0208|2:0.8541|3:0.0208|4:0.0209|5:0.0208|6:0.0208|7:0.0208
14,reading_endofcourse_practice_2024,reading-endofcourse-practice-2024.js,multiple-choice,"Read this sentence from paragraph 5. There the salt hay, sawdust, and straw effaced the airborne tang of leather and glue from the nearby shoe factory and muted the call of the ragman. In this sentence, the word effaced means--",22,6,0.9618875,0.3405653238296509,0:0.0055|1:0.0054|2:0.0054|3:0.0055|4:0.0054|5:0.0054|6:0.9619|7:0.0054
15,reading_endofcourse_practice_2024,reading-endofcourse-practice-2024.js,multiple-choice,"Read this sentence from paragraph 7. Then in fifth grade, Lydia saw a city map and realized her entire world was the smallest finger of Boston's broad hand. The figurative language in the sentence impacts readers by helping them--",23,7,0.9635261,0.32827967405319214,0:0.0052|1:0.0052|2:0.0052|3:0.0052|4:0.0052|5:0.0052|6:0.0052|7:0.9635
16,reading_endofcourse_practice_2024,reading-endofcourse-practice-2024.js,multiple-choice,"Based on this story, the reader may best understand that Lydia--",7,2,0.89023256,0.8073700666427612,0:0.0157|1:0.0157|2:0.8902|3:0.0156|4:0.0156|5:0.0157|6:0.0157|7:0.0157
17,reading_endofcourse_practice_2024,reading-endofcourse-practice-2024.js,multiple-choice,"The author's use of a simile in paragraph 18 of ""Stone Age Skating Experience"" suggests that Greta--",10,5,0.9203609,0.6244810819625854,0:0.0114|1:0.0114|2:0.0114|3:0.0114|4:0.0114|5:0.9204|6:0.0114|7:0.0114
18,reading_endofcourse_practice_2024,reading-endofcourse-practice-2024.js,multiple-choice,"Which sentence from ""History on Ice"" is least supported by details and would benefit from clarification?",9,2,0.9124238,0.6741847991943359,0:0.0125|1:0.0125|2:0.9124|3:0.0125|4:0.0125|5:0.0125|6:0.0125|7:0.0125
19,reading_endofcourse_practice_2024,reading-endofcourse-practice-2024.js,multiple-choice,Both selections express the idea that--,3,0,0.7811769,1.372327208518982,0:0.7812|1:0.0313|2:0.0313|3:0.0313|4:0.0313|5:0.0313|6:0.0313|7:0.0313
20,reading_endofcourse_practice_2024,reading-endofcourse-practice-2024.js,multiple-choice,The imagery in lines 7-11 of the poem helps the reader--,5,5,0.8540195,1.0095081329345703,0:0.0208|1:0.0208|2:0.0209|3:0.0208|4:0.0208|5:0.8540|6:0.0208|7:0.0209
21,reading_endofcourse_practice_2024,reading-endofcourse-practice-2024.js,multiple-choice,"In line 21, the speaker uses the word ""lush"" when describing the patch of grass to--",8,3,0.9026347,0.73392653465271,0:0.0139|1:0.0139|2:0.0139|3:0.9026|4:0.0139|5:0.0139|6:0.0139|7:0.0140
22,reading_endofcourse_practice_2024,reading-endofcourse-practice-2024.js,multiple-choice,"In lines 29-33 of the poem, the poet's use of the rhetorical question suggests that the speaker--",8,7,0.61927646,1.4629459381103516,0:0.0139|1:0.0139|2:0.2973|3:0.0139|4:0.0139|5:0.0139|6:0.0139|7:0.6193
23,reading_endofcourse_practice_2024,reading-endofcourse-practice-2024.js,multiple-choice,The purpose of the imagery in the poem is most likely to —,4,5,0.8248636,1.1609907150268555,0:0.0250|1:0.0250|2:0.0250|3:0.0250|4:0.0250|5:0.8249|6:0.0250|7:0.0251
1,reading_grade3_2015,reading-grade3-2015.js,multiple-choice,Another good title for this story would be--,5,6,0.8540498,1.0093460083007812,0:0.0209|1:0.0209|2:0.0209|3:0.0208|4:0.0208|5:0.0208|6:0.8540|7:0.0208
2,reading_grade3_2015,reading-grade3-2015.js,multiple-choice,Danielle keeps the cupcakes a secret by--,4,2,0.82495886,1.1605108976364136,0:0.0250|1:0.0250|2:0.8250|3:0.0250|4:0.0250|5:0.0250|6:0.0250|7:0.0250
3,reading_grade3_2015,reading-grade3-2015.js,multiple-choice,Complete this flow chart with the most appropriate answer for the empty box.,7,1,0.8906016,0.8052191138267517,0:0.0156|1:0.8906|2:0.0156|3:0.0156|4:0.0156|5:0.0156|6:0.0156|7:0.0156
4,reading_grade3_2015,reading-grade3-2015.js,multiple-choice,Danielle is pleased with the surprise most likely because she--,4,2,0.82481575,1.161232590675354,0:0.0250|1:0.0250|2:0.8248|3:0.0250|4:0.0250|5:0.0250|6:0.0250|7:0.0250
5,reading_grade3_2015,reading-grade3-2015.js,multiple-choice,What will Martin and Madison most likely do next?,4,0,0.82490516,1.160780906677246,0:0.8249|1:0.0250|2:0.0250|3:0.0250|4:0.0250|5:0.0250|6:0.0250|7:0.0250
6,reading_grade3_2015,reading-grade3-2015.js,multiple-choice,Which of these do the characters have in common?,2,5,0.7082662,1.689950942993164,0:0.0417|1:0.0417|2:0.0417|3:0.0417|4:0.0417|5:0.7083|6:0.0417|7:0.0417
7,reading_grade3_2015,reading-grade3-2015.js,multiple-choice,"What is the root word in ""discovered""?",3,0,0.78112495,1.3725675344467163,0:0.7811|1:0.0313|2:0.0313|3:0.0313|4:0.0313|5:0.0313|6:0.0313|7:0.0313
8,reading_grade3_2015,reading-grade3-2015.js,multiple-choice,Some people eat seaweed all by itself because they most likely--,4,5,0.82485205,1.1610490083694458,0:0.0251|1:0.0250|2:0.0250|3:0.0250|4:0.0250|5:0.8249|6:0.0250|7:0.0250
9,reading_grade3_2015,reading-grade3-2015.js,multiple-choice,"Based on the article, seaweed makes ice cream and yogurt--",7,0,0.8905438,0.805555522441864,0:0.8905|1:0.0156|2:0.0156|3:0.0156|4:0.0156|5:0.0156|6:0.0156|7:0.0156
10,reading_grade3_2015,reading-grade3-2015.js,multiple-choice,Which question is answered in the article?,3,5,0.7811308,1.3725409507751465,0:0.0313|1:0.0313|2:0.0313|3:0.0313|4:0.0313|5:0.7811|6:0.0313|7:0.0313
11,reading_grade3_2015,reading-grade3-2015.js,multiple-choice,The author wrote this article most likely to--,4,0,0.82484907,1.1610640287399292,0:0.8248|1:0.0250|2:0.0250|3:0.0250|4:0.0250|5:0.0250|6:0.0250|7:0.0250
12,reading_grade3_2015,reading-grade3-2015.js,multiple-choice,"In an Internet search about oceans, which website would most likely have information about where red seaweed grows?",10,5,0.9203907,0.6242921948432922,0:0.0114|1:0.0114|2:0.0114|3:0.0114|4:0.0114|5:0.9204|6:0.0114|7:0.0114
13,reading_grade3_2015,reading-grade3-2015.js,multiple-choice,"What makes the secret message appear in ""Lemony Letter""?",6,3,0.8749466,0.8947840332984924,0:0.0179|1:0.0179|2:0.0179|3:0.8749|4:0.0179|5:0.0179|6:0.0179|7:0.0179
14,reading_grade3_2015,reading-grade3-2015.js,multiple-choice,"In ""Mirror Message"" when the steam in the bathroom is gone, the message will most likely--",7,3,0.8905841,0.8053206205368042,0:0.0156|1:0.0156|2:0.0156|3:0.8906|4:0.0156|5:0.0156|6:0.0156|7:0.0156
15,reading_grade3_2015,reading-grade3-2015.js,multiple-choice,"In step 3 of ""Mirror Message,"" what does the word invisible mean?",6,0,0.45569888,1.6611391305923462,0:0.4557|1:0.0179|2:0.0179|3:0.4371|4:0.0179|5:0.0179|6:0.0179|7:0.0179
16,reading_grade3_2015,reading-grade3-2015.js,multiple-choice,"""Lemony Letter"" and ""Mirror Message"" are alike because both--",5,3,0.68789923,1.5219157934188843,0:0.0208|1:0.0208|2:0.0208|3:0.6879|4:0.0208|5:0.0208|6:0.1871|7:0.0208
17,reading_grade3_2015,reading-grade3-2015.js,multiple-choice,"In ""Crazy Crayon,"" it is hard to see the message before painting over it because the message--",7,3,0.8906169,0.8051296472549438,0:0.0156|1:0.0156|2:0.0156|3:0.8906|4:0.0156|5:0.0156|6:0.0156|7:0.0156
18,reading_grade3_2015,reading-grade3-2015.js,multiple-choice,One reason to read the flier is to--,4,3,0.43627766,1.8479759693145752,0:0.0250|1:0.0250|2:0.4135|3:0.4363|4:0.0250|5:0.0250|6:0.0251|7:0.0250
19,reading_grade3_2015,reading-grade3-2015.js,multiple-choice,The author puts numbers before some sentences in the flier to--,5,2,0.46398813,1.7399741411209106,0:0.0209|1:0.4109|2:0.4640|3:0.0208|4:0.0209|5:0.0209|6:0.0208|7:0.0209
20,reading_grade3_2015,reading-grade3-2015.js,multiple-choice,"Read this sentence and dictionary entry. In the winter, grocery stores charge too much for strawberries. charge (chärj) v. 1. To give orders. 2. To set as a price. 3. To fill up completely. 4. To rush forward.",20,1,0.95829725,0.3671201467514038,0:0.0060|1:0.9583|2:0.0060|3:0.0060|4:0.0060|5:0.0060|6:0.0060|7:0.0060
21,reading_grade3_2015,reading-grade3-2015.js,multiple-select,Guide words: camera - cause Which two words would appear on the same page as these guide words?,11,4,0.92705065,0.5816290378570557,0:0.0104|1:0.0104|2:0.0104|3:0.0104|4:0.9271|5:0.0104|6:0.0104|7:0.0104
22,reading_grade3_2015,reading-grade3-2015.js,multiple-choice,The title tells readers that a character in the story will most likely--,6,6,0.8748741,0.8951906561851501,0:0.0179|1:0.0179|2:0.0179|3:0.0179|4:0.0179|5:0.0179|6:0.8749|7:0.0179
23,reading_grade3_2015,reading-grade3-2015.js,multiple-choice,Paragraph 5 is important to the story because it--,3,2,0.7810376,1.3729734420776367,0:0.0313|1:0.0313|2:0.7810|3:0.0313|4:0.0313|5:0.0313|6:0.0313|7:0.0313
24,reading_grade3_2015,reading-grade3-2015.js,multiple-choice,"After Evan and Mark find the map, they both feel--",5,5,0.854128,1.008927345275879,0:0.0208|1:0.0208|2:0.0208|3:0.0208|4:0.0208|5:0.8541|6:0.0209|7:0.0208
25,reading_grade3_2015,reading-grade3-2015.js,multiple-choice,Where does this story begin and end?,3,2,0.53136915,1.9371427297592163,0:0.0313|1:0.0313|2:0.5314|3:0.0313|4:0.2810|5:0.0313|6:0.0313|7:0.0313
26,reading_grade3_2015,reading-grade3-2015.js,multiple-choice,"Based on the story, where does the map first lead the boys?",6,6,0.874914,0.8949663639068604,0:0.0179|1:0.0179|2:0.0179|3:0.0179|4:0.0179|5:0.0179|6:0.8749|7:0.0179
27,reading_grade3_2015,reading-grade3-2015.js,multiple-choice,Which question is answered at the end of the story?,4,5,0.50757134,1.824449062347412,0:0.0250|1:0.0250|2:0.3424|3:0.0250|4:0.0250|5:0.5076|6:0.0250|7:0.0250
28,reading_grade3_2015,reading-grade3-2015.js,drag-drop,Place these words in alphabetical order.,4,4,0.42506948,1.8485791683197021,0:0.0250|1:0.0250|2:0.0250|3:0.0250|4:0.4251|5:0.0251|6:0.0251|7:0.4247
29,reading_grade3_2015,reading-grade3-2015.js,multiple-choice,"Based on paragraph 4, the reader can tell that-",4,5,0.8248635,1.1609915494918823,0:0.0250|1:0.0251|2:0.0250|3:0.0250|4:0.0250|5:0.8249|6:0.0250|7:0.0250
30,reading_grade3_2015,reading-grade3-2015.js,multiple-choice,Paragraph 6 explains that one way ostriches keep themselves safe is by--,7,6,0.89052504,0.8056653738021851,0:0.0156|1:0.0156|2:0.0156|3:0.0156|4:0.0156|5:0.0156|6:0.8905|7:0.0156
31,reading_grade3_2015,reading-grade3-2015.js,multiple-choice,What information can be learned by reading the chart at the end of the article?,6,1,0.7166245,1.408240556716919,0:0.0179|1:0.7166|2:0.0179|3:0.0179|4:0.0179|5:0.0179|6:0.1762|7:0.0179
32,reading_grade3_2015,reading-grade3-2015.js,multiple-choice,"Based on the article, one way the male leader is like the females in the herd is that he helps--",10,3,0.72843015,1.2412335872650146,0:0.0114|1:0.0114|2:0.0114|3:0.7284|4:0.0114|5:0.0114|6:0.2033|7:0.0114
33,reading_grade3_2015,reading-grade3-2015.js,multiple-choice,The feathers of an ostrich help the bird--,4,7,0.8248516,1.1610512733459473,0:0.0250|1:0.0250|2:0.0250|3:0.0250|4:0.0251|5:0.0250|6:0.0250|7:0.8249
34,reading_grade3_2015,reading-grade3-2015.js,multiple-choice,"Based on the article, what can the reader most likely tell about ostriches?",6,1,0.68092436,1.4744398593902588,0:0.0179|1:0.6809|2:0.0179|3:0.0179|4:0.0179|5:0.0179|6:0.2118|7:0.0179
35,reading_grade3_2015,reading-grade3-2015.js,multiple-choice,"After looking at the title, the reader knows that this poem is about--",5,1,0.8540182,1.0095150470733643,0:0.0209|1:0.8540|2:0.0208|3:0.0208|4:0.0209|5:0.0209|6:0.0209|7:0.0209
36,reading_grade3_2015,reading-grade3-2015.js,multiple-choice,What does pause mean in line 13?,3,4,0.42722574,1.9921311140060425,0:0.0313|1:0.0313|2:0.0313|3:0.3852|4:0.4272|5:0.0313|6:0.0313|7:0.0313
37,reading_grade3_2015,reading-grade3-2015.js,multiple-choice,"In lines 17-20, the speaker can best be described as--",4,7,0.8248771,1.160922884941101,0:0.0250|1:0.0250|2:0.0250|3:0.0250|4:0.0250|5:0.0250|6:0.0250|7:0.8249
38,reading_grade3_2015,reading-grade3-2015.js,multiple-choice,Where is the first place the speaker looks for the shoe?,5,6,0.6721099,1.5504989624023438,0:0.0208|1:0.0208|2:0.0208|3:0.0208|4:0.0208|5:0.0209|6:0.6721|7:0.2028
39,reading_grade3_2015,reading-grade3-2015.js,multiple-choice,"Based on the events in the poem, the shoe was most likely last worn--",7,1,0.8905419,0.8055664300918579,0:0.0156|1:0.8905|2:0.0156|3:0.0156|4:0.0156|5:0.0156|6:0.0156|7:0.0156
40,reading_grade3_2015,reading-grade3-2015.js,multiple-choice,Which question is answered in the poem?,3,5,0.7811177,1.3726019859313965,0:0.0313|1:0.0313|2:0.0313|3:0.0313|4:0.0313|5:0.7811|6:0.0313|7:0.0313
1,reading_endofcourse_practice_2024,reading-grade3-practice-2024.js,multiple-choice,The photograph in the article helps the reader understand —,5,2,0.8538859,1.010223627090454,0:0.0209|1:0.0209|2:0.8539|3:0.0208|4:0.0208|5:0.0209|6:0.0209|7:0.0208
2,reading_endofcourse_practice_2024,reading-grade3-practice-2024.js,multiple-choice,The cheetah's coat is most useful because it —,3,0,0.781015,1.3730785846710205,0:0.7810|1:0.0313|2:0.0313|3:0.0313|4:0.0313|5:0.0313|6:0.0313|7:0.0313
3,reading_endofcourse_practice_2024,reading-grade3-practice-2024.js,multiple-choice,One reason Kelly finishes in third place is because she —,6,6,0.8749418,0.8948104381561279,0:0.0179|1:0.0179|2:0.0179|3:0.0179|4:0.0179|5:0.0179|6:0.8749|7:0.0179
4,reading_endofcourse_practice_2024,reading-grade3-practice-2024.js,multiple-choice,Who is telling this story?,2,2,0.7082835,1.689880609512329,0:0.0417|1:0.0417|2:0.7083|3:0.0417|4:0.0417|5:0.0417|6:0.0417|7:0.0417
5,reading_endofcourse_practice_2024,reading-grade3-practice-2024.js,multiple-choice,Which sentence best states the theme of the story?,5,2,0.85411614,1.0089905261993408,0:0.0208|1:0.0208|2:0.8541|3:0.0208|4:0.0208|5:0.0208|6:0.0209|7:0.0208
6,reading_endofcourse_practice_2024,reading-grade3-practice-2024.js,multiple-choice,Which sentence best states the main idea of paragraph 1?,6,2,0.874894,0.8950783014297485,0:0.0179|1:0.0179|2:0.8749|3:0.0179|4:0.0179|5:0.0179|6:0.0179|7:0.0179
7,reading_endofcourse_practice_2024,reading-grade3-practice-2024.js,multiple-choice,Which heading best belongs above paragraph 2?,4,0,0.56303203,1.7821402549743652,0:0.5630|1:0.0250|2:0.0250|3:0.0250|4:0.0250|5:0.2868|6:0.0250|7:0.0250
8,reading_endofcourse_practice_2024,reading-grade3-practice-2024.js,multiple-choice,Which question is answered in paragraph 2?,3,5,0.7811611,1.372399926185608,0:0.0313|1:0.0313|2:0.0313|3:0.0313|4:0.0313|5:0.7812|6:0.0313|7:0.0313
9,reading_endofcourse_practice_2024,reading-grade3-practice-2024.js,multiple-choice,Which word is an antonym for joined as used in paragraph 4?,5,0,0.8540515,1.0093376636505127,0:0.8541|1:0.0208|2:0.0208|3:0.0208|4:0.0208|5:0.0209|6:0.0208|7:0.0209
10,reading_endofcourse_practice_2024,reading-grade3-practice-2024.js,multiple-choice,What does defend mean in paragraph 4?,3,3,0.78112364,1.3725738525390625,0:0.0313|1:0.0313|2:0.0313|3:0.7811|4:0.0313|5:0.0313|6:0.0313|7:0.0313
11,reading_endofcourse_practice_2024,reading-grade3-practice-2024.js,multiple-choice,The author wrote this article most likely to —,4,0,0.8248527,1.161045789718628,0:0.8249|1:0.0250|2:0.0250|3:0.0250|4:0.0250|5:0.0250|6:0.0250|7:0.0250
12,reading_endofcourse_practice_2024,reading-grade3-practice-2024.js,multiple-choice,Which lines show the conflict in the poem?,4,7,0.6034467,1.7361223697662354,0:0.0250|1:0.0250|2:0.2465|3:0.0250|4:0.0250|5:0.0250|6:0.0250|7:0.6034
13,reading_endofcourse_practice_2024,reading-grade3-practice-2024.js,multiple-choice,The resolution in the poem happens as soon as the speaker —,5,7,0.49072266,1.7324634790420532,0:0.0208|1:0.3842|2:0.0208|3:0.0208|4:0.0208|5:0.0208|6:0.0208|7:0.4907
14,reading_endofcourse_practice_2024,reading-grade3-practice-2024.js,multiple-choice,Which word best describes the speaker throughout the poem?,6,7,0.8748778,0.895169734954834,0:0.0179|1:0.0179|2:0.0179|3:0.0179|4:0.0179|5:0.0179|6:0.0179|7:0.8749
15,reading_endofcourse_practice_2024,reading-grade3-practice-2024.js,multiple-choice,Which question is answered in paragraph 2?,3,5,0.7811615,1.3723983764648438,0:0.0313|1:0.0313|2:0.0313|3:0.0313|4:0.0313|5:0.7812|6:0.0313|7:0.0313
16,reading_endofcourse_practice_2024,reading-grade3-practice-2024.js,multiple-choice,What is the main idea of paragraph 4?,3,3,0.78106683,1.3728379011154175,0:0.0313|1:0.0313|2:0.0313|3:0.7811|4:0.0313|5:0.0313|6:0.0313|7:0.0313
17,reading_endofcourse_practice_2024,reading-grade3-practice-2024.js,multiple-choice,Read this sentence from paragraph 5. Whole groups of sea otters may be seen floating together. Which word is a homophone for seen ?,14,7,0.9416225,0.4848567247390747,0:0.0083|1:0.0083|2:0.0083|3:0.0083|4:0.0083|5:0.0083|6:0.0083|7:0.9416
18,reading_endofcourse_practice_2024,reading-grade3-practice-2024.js,multiple-choice,"Based on the article, the ocean is a perfect home for the sea otter because the —",7,1,0.89054614,0.8055423498153687,0:0.0156|1:0.8905|2:0.0156|3:0.0156|4:0.0156|5:0.0156|6:0.0156|7:0.0156
19,reading_endofcourse_practice_2024,reading-grade3-practice-2024.js,multiple-choice,"Based on the article, sea otters can swim well mainly because their —",7,5,0.8905523,0.8055063486099243,0:0.0156|1:0.0156|2:0.0156|3:0.0156|4:0.0156|5:0.8906|6:0.0156|7:0.0156
20,reading_endofcourse_practice_2024,reading-grade3-practice-2024.js,multiple-choice,"Based on the article, a sea otter finds its favorite foods —",7,4,0.89044404,0.8061375021934509,0:0.0157|1:0.0157|2:0.0156|3:0.0156|4:0.8904|5:0.0157|6:0.0156|7:0.0156
21,reading_endofcourse_practice_2024,reading-grade3-practice-2024.js,multiple-choice,One purpose of the sea otter's chest is to help the animal —,7,5,0.8904838,0.805905818939209,0:0.0156|1:0.0156|2:0.0156|3:0.0156|4:0.0157|5:0.8905|6:0.0156|7:0.0157
22,reading_endofcourse_practice_2024,reading-grade3-practice-2024.js,multiple-choice,The author uses headings in the article most likely to —,5,5,0.66454643,1.563558578491211,0:0.0209|1:0.0209|2:0.0208|3:0.0208|4:0.0208|5:0.6645|6:0.0209|7:0.2103
23,reading_endofcourse_practice_2024,reading-grade3-practice-2024.js,multiple-choice,"Based on the article, what may happen if a sea otter rests far from seaweed?",9,0,0.9124217,0.6741974353790283,0:0.9124|1:0.0125|2:0.0125|3:0.0125|4:0.0125|5:0.0125|6:0.0125|7:0.0125
24,reading_endofcourse_practice_2024,reading-grade3-practice-2024.js,multiple-choice,Bonnie and Steve are proud in the beginning of the poem because they each —,5,5,0.8541089,1.0090291500091553,0:0.0208|1:0.0208|2:0.0208|3:0.0208|4:0.0208|5:0.8541|6:0.0208|7:0.0209
25,reading_endofcourse_practice_2024,reading-grade3-practice-2024.js,multiple-choice,"Based on the poem, how does Bonnie first find out Steve is selling cherry juice?",9,5,0.6036215,1.440307378768921,0:0.0125|1:0.0125|2:0.0125|3:0.0125|4:0.3213|5:0.6036|6:0.0125|7:0.0125
26,reading_endofcourse_practice_2024,reading-grade3-practice-2024.js,multiple-choice,Which question is answered in the poem?,3,5,0.7811142,1.3726178407669067,0:0.0313|1:0.0313|2:0.0313|3:0.0313|4:0.0313|5:0.7811|6:0.0313|7:0.0313
27,reading_endofcourse_practice_2024,reading-grade3-practice-2024.js,multiple-choice,Which line from the poem is where the reader understands how the problem is solved?,6,1,0.8749233,0.8949145674705505,0:0.0179|1:0.8749|2:0.0179|3:0.0179|4:0.0179|5:0.0179|6:0.0179|7:0.0179
28,reading_endofcourse_practice_2024,reading-grade3-practice-2024.js,multiple-choice,How is Bonnie different from Steve?,3,5,0.53127146,1.9370074272155762,0:0.0313|1:0.2812|2:0.0313|3:0.0313|4:0.0313|5:0.5313|6:0.0313|7:0.0313
29,reading_endofcourse_practice_2024,reading-grade3-practice-2024.js,multiple-choice,Bonnie and Steve end up sharing a stand because they —,5,5,0.85411304,1.009007453918457,0:0.0208|1:0.0208|2:0.0209|3:0.0208|4:0.0208|5:0.8541|6:0.0208|7:0.0208
1,reading_grade4_2015,reading-grade4-2015.js,multiple-choice,Which question is answered in paragraph 5?,3,5,0.7811617,1.3723971843719482,0:0.0313|1:0.0313|2:0.0313|3:0.0313|4:0.0313|5:0.7812|6:0.0313|7:0.0313
2,reading_grade4_2015,reading-grade4-2015.js,multiple-choice,"Based on paragraph 6, Ben's mother may best be described as--",7,6,0.890489,0.8058755397796631,0:0.0157|1:0.0156|2:0.0156|3:0.0156|4:0.0156|5:0.0156|6:0.8905|7:0.0156
3,reading_grade4_2015,reading-grade4-2015.js,multiple-choice,A student asks this question after reading the story. What activity to ben and Mark choose first? Which paragraph answers this question?,13,2,0.4980535,1.384713888168335,0:0.0089|1:0.0089|2:0.4981|3:0.0089|4:0.0089|5:0.4483|6:0.0089|7:0.0089
4,reading_grade4_2015,reading-grade4-2015.js,multiple-choice,Eli shows he wants to be Mark's friend by --,5,5,0.85410297,1.009061574935913,0:0.0209|1:0.0208|2:0.0208|3:0.0208|4:0.0208|5:0.8541|6:0.0208|7:0.0208
5,reading_grade4_2015,reading-grade4-2015.js,multiple-choice,Ben agrees to go to camp because he--,3,6,0.78117716,1.3723256587982178,0:0.0313|1:0.0313|2:0.0313|3:0.0313|4:0.0313|5:0.0313|6:0.7812|7:0.0313
6,reading_grade4_2015,reading-grade4-2015.js,multiple-choice,Which sentence best supports the idea that Ben is excited about summer vacation at the beginning of the story?,10,7,0.92034566,0.6245778203010559,0:0.0114|1:0.0114|2:0.0114|3:0.0114|4:0.0114|5:0.0114|6:0.0114|7:0.9203
7,reading_grade4_2015,reading-grade4-2015.js,multiple-choice,"Once summer is over, the three boys will most likely--",4,4,0.59723663,1.7442809343338013,0:0.0250|1:0.0250|2:0.0250|3:0.0250|4:0.5972|5:0.0250|6:0.2527|7:0.0250
8,reading_grade4_2015,reading-grade4-2015.js,multiple-choice,Read this sentence from paragraph 2. Mud kept the houses cool from the soaring temperatures. Which word has the same meaning as soaring in this sentence?,13,7,0.93745464,0.5130544900894165,0:0.0089|1:0.0089|2:0.0089|3:0.0089|4:0.0089|5:0.0089|6:0.0089|7:0.9375
9,reading_grade4_2015,reading-grade4-2015.js,multiple-choice,"Which question is answered in the section titled ""Clothing and Hair""?",6,3,0.5511919,1.6254754066467285,0:0.0179|1:0.0179|2:0.0179|3:0.5512|4:0.0179|5:0.3416|6:0.0179|7:0.0179
10,reading_grade4_2015,reading-grade4-2015.js,multiple-choice,What is the main idea of paragraph 6?,3,3,0.7810729,1.372809648513794,0:0.0313|1:0.0313|2:0.0313|3:0.7811|4:0.0313|5:0.0313|6:0.0313|7:0.0313
11,reading_grade4_2015,reading-grade4-2015.js,multiple-choice,Which of these best describes the roof of an ancient Egyptian home?,6,6,0.8749162,0.8949540853500366,0:0.0179|1:0.0179|2:0.0179|3:0.0179|4:0.0179|5:0.0179|6:0.8749|7:0.0179
12,reading_grade4_2015,reading-grade4-2015.js,multiple-choice,Information from the article shows that the ancient Egyptians were--,5,0,0.8539937,1.0096465349197388,0:0.8540|1:0.0209|2:0.0209|3:0.0209|4:0.0208|5:0.0209|6:0.0209|7:0.0208
13,reading_grade4_2015,reading-grade4-2015.js,multiple-choice,Which sentence about this article is a fact?,3,2,0.5432212,1.9262239933013916,0:0.0313|1:0.2690|2:0.5432|3:0.0313|4:0.0313|5:0.0313|6:0.0313|7:0.0313
14,reading_grade4_2015,reading-grade4-2015.js,multiple-choice,A student makes these notes about the article. Which of these belongs on the blank line?,7,4,0.8904864,0.8058902025222778,0:0.0156|1:0.0157|2:0.0156|3:0.0156|4:0.8905|5:0.0157|6:0.0156|7:0.0156
15,reading_grade4_2015,reading-grade4-2015.js,multiple-choice,Which sentence is most likely true about the ancient Egyptians?,5,3,0.8539622,1.0098155736923218,0:0.0209|1:0.0209|2:0.0209|3:0.8540|4:0.0209|5:0.0209|6:0.0209|7:0.0209
16,reading_grade4_2015,reading-grade4-2015.js,multiple-choice,"Read this sentence from the flier. Teddy bears, posters, games, stickers, and pencils are just some of the prizes for the luck y winners. In which word does - y mean the same as it does in luck y ?",15,2,0.9452486,0.45995423197746277,0:0.0078|1:0.0078|2:0.9452|3:0.0078|4:0.0078|5:0.0078|6:0.0078|7:0.0078
17,reading_grade4_2015,reading-grade4-2015.js,multiple-choice,Complete this list of school fair activities.,5,0,0.8540938,1.0091103315353394,0:0.8541|1:0.0209|2:0.0208|3:0.0208|4:0.0208|5:0.0209|6:0.0208|7:0.0208
18,reading_grade4_2015,reading-grade4-2015.js,multiple-choice,Money earned during the fundraisers will be used to pay for--,5,5,0.8541058,1.009046196937561,0:0.0208|1:0.0208|2:0.0208|3:0.0208|4:0.0208|5:0.8541|6:0.0208|7:0.0209
19,reading_grade4_2015,reading-grade4-2015.js,multiple-choice,The principal will sit in the dunking booth most likely because he wants to--,6,5,0.87496036,0.8947062492370605,0:0.0179|1:0.0179|2:0.0179|3:0.0179|4:0.0179|5:0.8750|6:0.0179|7:0.0179
20,reading_grade4_2015,reading-grade4-2015.js,multiple-choice,What is the main reason the author wrote the flier?,5,0,0.5315025,1.7126901149749756,0:0.5315|1:0.0208|2:0.3434|3:0.0209|4:0.0208|5:0.0209|6:0.0209|7:0.0208
21,reading_grade4_2015,reading-grade4-2015.js,multiple-choice,Which sentence about the flier is an opinion?,3,2,0.413753,1.9934437274932861,0:0.0313|1:0.0313|2:0.4138|3:0.0313|4:0.0313|5:0.0313|6:0.3987|7:0.0313
22,reading_grade4_2015,reading-grade4-2015.js,multiple-choice,"Read this sentence. The factory will manufacture new tractors and other farm machines. In this sentence, the word manufacture means--",12,2,0.932625,0.5451956987380981,0:0.0096|1:0.0096|2:0.9326|3:0.0096|4:0.0096|5:0.0096|6:0.0096|7:0.0096
23,reading_grade4_2015,reading-grade4-2015.js,multiple-choice,In which sentence is the underlined word used correctly?,5,7,0.85406184,1.0092816352844238,0:0.0209|1:0.0208|2:0.0209|3:0.0209|4:0.0208|5:0.0208|6:0.0208|7:0.8541
24,reading_grade4_2015,reading-grade4-2015.js,multiple-choice,Select the meaning of rich as used in this sentence. I could barely finish my slice of that rich chocolate cake.,12,1,0.9326248,0.5451974868774414,0:0.0096|1:0.9326|2:0.0096|3:0.0096|4:0.0096|5:0.0096|6:0.0096|7:0.0096
25,reading_grade4_2015,reading-grade4-2015.js,multiple-choice,"Read paragraph 7. ""You won again,"" Sidney muttered, and his head drooped. Which sentence tells why Sidney is acting this way?",11,6,0.92702615,0.5817884206771851,0:0.0104|1:0.0104|2:0.0104|3:0.0104|4:0.0104|5:0.0104|6:0.9270|7:0.0104
26,reading_grade4_2015,reading-grade4-2015.js,multiple-choice,"Read these sentences from paragraph 18. ""No, no,"" argued Alligator. ""I was just yawning."" The author includes this information to show that Alligator is--",11,2,0.92697823,0.5820986032485962,0:0.0104|1:0.0104|2:0.9270|3:0.0104|4:0.0104|5:0.0104|6:0.0104|7:0.0104
27,reading_grade4_2015,reading-grade4-2015.js,multiple-choice,Which sentence about the story best shows that Max is careful?,6,2,0.87491775,0.894945502281189,0:0.0179|1:0.0179|2:0.8749|3:0.0179|4:0.0179|5:0.0179|6:0.0179|7:0.0179
28,reading_grade4_2015,reading-grade4-2015.js,multiple-choice,Complete this web with the most appropriate option for the blank circle.,6,6,0.87488973,0.8951025009155273,0:0.0179|1:0.0179|2:0.0179|3:0.0179|4:0.0179|5:0.0179|6:0.8749|7:0.0179
29,reading_grade4_2015,reading-grade4-2015.js,multiple-choice,Which lesson does Sidney leam in the story?,4,6,0.8249544,1.1605329513549805,0:0.0250|1:0.0250|2:0.0250|3:0.0250|4:0.0250|5:0.0250|6:0.8250|7:0.0250
30,reading_grade4_2015,reading-grade4-2015.js,multiple-choice,Which detail about the setting is most important to the story?,4,2,0.8249265,1.1606734991073608,0:0.0250|1:0.0250|2:0.8249|3:0.0250|4:0.0250|5:0.0250|6:0.0250|7:0.0250
31,reading_grade4_2015,reading-grade4-2015.js,multiple-choice,"Based on lines 1-4 of the poem, which sentence is correct?",5,7,0.8540677,1.0092506408691406,0:0.0208|1:0.0209|2:0.0208|3:0.0208|4:0.0208|5:0.0209|6:0.0208|7:0.8541
32,reading_grade4_2015,reading-grade4-2015.js,multiple-choice,The author includes lines 7 and 8 to--,3,3,0.41018823,1.9940342903137207,0:0.0313|1:0.0313|2:0.0313|3:0.4102|4:0.0313|5:0.0313|6:0.0313|7:0.4021
33,reading_grade4_2015,reading-grade4-2015.js,multiple-choice,Which of these are the thieves trying to find?,3,6,0.78115904,1.3724098205566406,0:0.0313|1:0.0313|2:0.0313|3:0.0313|4:0.0313|5:0.0313|6:0.7812|7:0.0313
34,reading_grade4_2015,reading-grade4-2015.js,multiple-choice,What is the speaker doing in the poem?,2,7,0.7082877,1.6898627281188965,0:0.0417|1:0.0417|2:0.0417|3:0.0417|4:0.0417|5:0.0417|6:0.0417|7:0.7083
35,reading_grade4_2015,reading-grade4-2015.js,multiple-choice,"In paragraph 3, what does crushed mean?",3,0,0.7811137,1.3726204633712769,0:0.7811|1:0.0313|2:0.0313|3:0.0313|4:0.0313|5:0.0313|6:0.0313|7:0.0313
36,reading_grade4_2015,reading-grade4-2015.js,multiple-choice,Which choice best completes this cause-and-effect chart?,5,0,0.8540706,1.00923490524292,0:0.8541|1:0.0209|2:0.0208|3:0.0208|4:0.0208|5:0.0208|6:0.0208|7:0.0208
37,reading_grade4_2015,reading-grade4-2015.js,multiple-choice,Which sentence about the article is an opinion?,3,6,0.78098637,1.37321138381958,0:0.0313|1:0.0313|2:0.0313|3:0.0313|4:0.0313|5:0.0313|6:0.7810|7:0.0313
38,reading_grade4_2015,reading-grade4-2015.js,multiple-choice,Complete these notes.,2,1,0.70825285,1.6900053024291992,0:0.0417|1:0.7083|2:0.0417|3:0.0417|4:0.0417|5:0.0417|6:0.0417|7:0.0417
39,reading_grade4_2015,reading-grade4-2015.js,multiple-choice,The main reason the author wrote this article is to--,5,0,0.8540562,1.0093116760253906,0:0.8541|1:0.0208|2:0.0209|3:0.0209|4:0.0208|5:0.0209|6:0.0208|7:0.0208
40,reading_grade4_2015,reading-grade4-2015.js,multiple-choice,Which two words are synonyms?,3,4,0.78122765,1.3720914125442505,0:0.0313|1:0.0313|2:0.0313|3:0.0313|4:0.7812|5:0.0313|6:0.0313|7:0.0313
1,reading_grade4_practice_2024,reading-grade4-practice-2024.js,multiple-choice,The details in paragraphs 6-8 show--,3,3,0.52295005,1.944432258605957,0:0.0313|1:0.0313|2:0.0313|3:0.5230|4:0.0313|5:0.0313|6:0.0313|7:0.2895
2,reading_grade4_practice_2024,reading-grade4-practice-2024.js,multiple-choice,Paragraphs 11-14 show that Callie's mother--,4,7,0.82465124,1.1620606184005737,0:0.0250|1:0.0250|2:0.0250|3:0.0252|4:0.0250|5:0.0250|6:0.0251|7:0.8247
3,reading_grade4_practice_2024,reading-grade4-practice-2024.js,multiple-choice,Paragraph 15 is mostly about the way Callie--,4,4,0.824802,1.161301851272583,0:0.0250|1:0.0250|2:0.0250|3:0.0250|4:0.8248|5:0.0250|6:0.0250|7:0.0250
4,reading_grade4_practice_2024,reading-grade4-practice-2024.js,multiple-choice,Why does Mrs. Baker need Callie's help?,5,4,0.8541217,1.0089610815048218,0:0.0208|1:0.0208|2:0.0208|3:0.0208|4:0.8541|5:0.0208|6:0.0208|7:0.0208
5,reading_grade4_practice_2024,reading-grade4-practice-2024.js,multiple-choice,Which heading would be best for paragraph 2?,4,0,0.8248704,1.1609563827514648,0:0.8249|1:0.0250|2:0.0250|3:0.0250|4:0.0250|5:0.0250|6:0.0250|7:0.0250
6,reading_grade4_practice_2024,reading-grade4-practice-2024.js,multiple-choice,Read this dictionary entry. support (sə-pôrt') v. 1. To give help. 2. To hold up. 3. To keep strong. 4. To provide for. Which meaning of support is used in paragraph 4?,15,4,0.9452647,0.4598428010940552,0:0.0078|1:0.0078|2:0.0078|3:0.0078|4:0.9453|5:0.0078|6:0.0078|7:0.0078
7,reading_grade4_practice_2024,reading-grade4-practice-2024.js,multiple-choice,The author includes paragraphs 5 and 6 most likely to--,4,3,0.8247969,1.1613271236419678,0:0.0250|1:0.0250|2:0.0250|3:0.8248|4:0.0250|5:0.0251|6:0.0250|7:0.0250
8,reading_grade4_practice_2024,reading-grade4-practice-2024.js,multiple-choice,Which sentence about the Ice Hotel is an opinion?,4,6,0.8247708,1.1614582538604736,0:0.0250|1:0.0250|2:0.0250|3:0.0250|4:0.0251|5:0.0250|6:0.8248|7:0.0250
9,reading_grade4_practice_2024,reading-grade4-practice-2024.js,multiple-choice,Which detail about the hotel most likely attracts visitors' attention?,6,4,0.87487745,0.8951717019081116,0:0.0179|1:0.0179|2:0.0179|3:0.0179|4:0.8749|5:0.0179|6:0.0179|7:0.0179
10,reading_grade4_practice_2024,reading-grade4-practice-2024.js,multiple-choice,Branch Rickey wanted Jackie to be part of the Brooklyn Dodgers because--,7,6,0.8905876,0.8053001761436462,0:0.0156|1:0.0156|2:0.0156|3:0.0156|4:0.0156|5:0.0156|6:0.8906|7:0.0156
11,reading_grade4_practice_2024,reading-grade4-practice-2024.js,multiple-choice,The author wrote this article most likely to--,4,0,0.8248471,1.1610736846923828,0:0.8248|1:0.0250|2:0.0250|3:0.0250|4:0.0250|5:0.0250|6:0.0250|7:0.0250
12,reading_grade4_practice_2024,reading-grade4-practice-2024.js,multiple-choice,"Based on lines 1-4 of the poem, which sentence is correct?",5,7,0.8540694,1.0092411041259766,0:0.0208|1:0.0209|2:0.0208|3:0.0208|4:0.0208|5:0.0209|6:0.0208|7:0.8541
13,reading_grade4_practice_2024,reading-grade4-practice-2024.js,multiple-choice,Lines 5-8 are important to the poem because they reveal--,4,7,0.82485074,1.1610558032989502,0:0.0250|1:0.0250|2:0.0251|3:0.0250|4:0.0250|5:0.0250|6:0.0250|7:0.8249
14,reading_grade4_practice_2024,reading-grade4-practice-2024.js,multiple-choice,The thieves are out at night because they are--,2,6,0.70826674,1.689948320388794,0:0.0417|1:0.0417|2:0.0417|3:0.0417|4:0.0417|5:0.0417|6:0.7083|7:0.0417
15,reading_grade4_practice_2024,reading-grade4-practice-2024.js,multiple-choice,What is the speaker doing in the poem?,2,7,0.70828766,1.6898629665374756,0:0.0417|1:0.0417|2:0.0417|3:0.0417|4:0.0417|5:0.0417|6:0.0417|7:0.7083
16,reading_grade4_practice_2024,reading-grade4-practice-2024.js,multiple-choice,The author includes the first paragraph in order to--,5,5,0.60110396,1.6515421867370605,0:0.0208|1:0.0208|2:0.0209|3:0.2738|4:0.0208|5:0.6011|6:0.0208|7:0.0208
17,reading_grade4_practice_2024,reading-grade4-practice-2024.js,multiple-choice,"Read this paragraph from the introduction. Visitors are cautioned to pay attention to the surroundings while in these areas. This is a wild place with unpredictable weather changes. With miles of woods and few roads, rescue is difficult or impossible. All visitors are responsible for exploring the area safely. What does cautioned mean?",27,0,0.9687332,0.28848201036453247,0:0.9687|1:0.0045|2:0.0045|3:0.0045|4:0.0045|5:0.0045|6:0.0045|7:0.0045
18,reading_grade4_practice_2024,reading-grade4-practice-2024.js,multiple-choice,"Read this thesaurus entry. complete adj. - entire, finished, perfect, total. Which word best replaces complete in the ""Hiking Essentials"" section?",16,0,0.94848704,0.43740445375442505,0:0.9485|1:0.0074|2:0.0074|3:0.0074|4:0.0074|5:0.0074|6:0.0074|7:0.0074
19,reading_grade4_practice_2024,reading-grade4-practice-2024.js,multiple-choice,"Based on the information in the ""Keep an Eye to the Sky"" section, the reader can tell that the weather--",9,2,0.53557146,1.486882209777832,0:0.0125|1:0.3893|2:0.5356|3:0.0125|4:0.0125|5:0.0125|6:0.0125|7:0.0125
20,reading_grade4_practice_2024,reading-grade4-practice-2024.js,multiple-choice,In which section would the author most likely add information about planning when to hike?,8,1,0.9026769,0.7336729764938354,0:0.0139|1:0.9027|2:0.0139|3:0.0139|4:0.0139|5:0.0139|6:0.0139|7:0.0139
21,reading_grade4_practice_2024,reading-grade4-practice-2024.js,multiple-choice,The flier shows that Thatcher National Wilderness Area has all of these EXCEPT--,7,6,0.89053786,0.8055905103683472,0:0.0156|1:0.0156|2:0.0157|3:0.0156|4:0.0156|5:0.0156|6:0.8905|7:0.0156
22,reading_grade4_practice_2024,reading-grade4-practice-2024.js,multiple-choice,Which sentence is the best summary of the flier?,4,2,0.824927,1.160671353340149,0:0.0250|1:0.0250|2:0.8249|3:0.0250|4:0.0250|5:0.0250|6:0.0250|7:0.0250
23,reading_grade4_practice_2024,reading-grade4-practice-2024.js,multiple-choice,The author includes information about the setting in paragraph 1 to--,5,3,0.8539314,1.0099800825119019,0:0.0209|1:0.0209|2:0.0209|3:0.8539|4:0.0208|5:0.0209|6:0.0209|7:0.0208
24,reading_grade4_practice_2024,reading-grade4-practice-2024.js,multiple-choice,Why does the author include paragraph 4?,3,5,0.7810757,1.372796654701233,0:0.0313|1:0.0313|2:0.0313|3:0.0313|4:0.0313|5:0.7811|6:0.0313|7:0.0313
25,reading_grade4_practice_2024,reading-grade4-practice-2024.js,multiple-choice,What is paragraph 13 mainly about?,2,3,0.70810634,1.6906040906906128,0:0.0417|1:0.0417|2:0.0417|3:0.7081|4:0.0417|5:0.0417|6:0.0417|7:0.0417
26,reading_grade4_practice_2024,reading-grade4-practice-2024.js,multiple-choice,Why does Papa tell Benjamin that he can pack two books on the wagon?,7,5,0.8905207,0.8056904673576355,0:0.0156|1:0.0156|2:0.0156|3:0.0156|4:0.0157|5:0.8905|6:0.0157|7:0.0156
27,reading_grade4_practice_2024,reading-grade4-practice-2024.js,multiple-choice,Benjamin begins thinking of faraway places when he--,5,6,0.854133,1.0089002847671509,0:0.0208|1:0.0208|2:0.0208|3:0.0208|4:0.0208|5:0.0208|6:0.8541|7:0.0208
28,reading_grade4_practice_2024,reading-grade4-practice-2024.js,multiple-choice,What is the main conflict of the story?,3,2,0.7811946,1.3722443580627441,0:0.0313|1:0.0313|2:0.7812|3:0.0313|4:0.0313|5:0.0313|6:0.0313|7:0.0313
29,reading_grade4_practice_2024,reading-grade4-practice-2024.js,multiple-choice,What is the most important reason Miss Cotter tells Benjamin about Mr. Peters?,7,3,0.89052594,0.8056598901748657,0:0.0156|1:0.0156|2:0.0156|3:0.8905|4:0.0156|5:0.0156|6:0.0157|7:0.0156
30,reading_grade4_practice_2024,reading-grade4-practice-2024.js,multiple-choice,"After Benjamin reads the letter, he most likely feels--",5,4,0.8540385,1.0094068050384521,0:0.0208|1:0.0208|2:0.0208|3:0.0209|4:0.8540|5:0.0209|6:0.0209|7:0.0208
31,reading_grade4_practice_2024,reading-grade4-practice-2024.js,multiple-choice,Which word is a synonym for settle as it is used in paragraph 1?,5,0,0.85404146,1.0093905925750732,0:0.8540|1:0.0208|2:0.0209|3:0.0209|4:0.0208|5:0.0209|6:0.0208|7:0.0209
32,reading_grade4_practice_2024,reading-grade4-practice-2024.js,multiple-choice,What does jolt mean in paragraph 2?,3,0,0.78111535,1.372612476348877,0:0.7811|1:0.0313|2:0.0313|3:0.0313|4:0.0313|5:0.0313|6:0.0313|7:0.0313
33,reading_grade4_practice_2024,reading-grade4-practice-2024.js,multiple-choice,"Which question is answered in the ""Searching for a Buried Treasure"" section of the article?",7,5,0.89055014,0.8055190443992615,0:0.0156|1:0.0157|2:0.0156|3:0.0156|4:0.0156|5:0.8906|6:0.0156|7:0.0156
34,reading_grade4_practice_2024,reading-grade4-practice-2024.js,multiple-choice,Paragraph 11 helps the reader to understand that the pioneers--,5,5,0.50405866,1.727318286895752,0:0.0208|1:0.0208|2:0.3709|3:0.0209|4:0.0208|5:0.5041|6:0.0208|7:0.0208
35,reading_grade4_practice_2024,reading-grade4-practice-2024.js,multiple-choice,Which sentence best states the main idea of paragraph 14?,6,2,0.8748931,0.8950834274291992,0:0.0179|1:0.0179|2:0.8749|3:0.0179|4:0.0179|5:0.0179|6:0.0179|7:0.0179
36,reading_grade4_practice_2024,reading-grade4-practice-2024.js,multiple-choice,"According to the article, which part of the ship was uncovered first?",6,1,0.8749354,0.8948466777801514,0:0.0179|1:0.8749|2:0.0179|3:0.0179|4:0.0179|5:0.0179|6:0.0179|7:0.0179
37,reading_grade4_practice_2024,reading-grade4-practice-2024.js,multiple-choice,In which word does - al have the same meaning as it does in sign al ?,3,3,0.78114855,1.3724584579467773,0:0.0313|1:0.0313|2:0.0313|3:0.7811|4:0.0313|5:0.0313|6:0.0313|7:0.0313
38,reading_grade4_practice_2024,reading-grade4-practice-2024.js,multiple-choice,"According to the article, the objects that were discovered showed--",5,1,0.8541275,1.0089302062988281,0:0.0208|1:0.8541|2:0.0208|3:0.0208|4:0.0208|5:0.0208|6:0.0208|7:0.0208
39,reading_grade4_practice_2024,reading-grade4-practice-2024.js,multiple-choice,The accident most likely happened because the--,3,2,0.7809618,1.3733251094818115,0:0.0313|1:0.0313|2:0.7810|3:0.0313|4:0.0313|5:0.0313|6:0.0313|7:0.0313
40,reading_grade4_practice_2024,reading-grade4-practice-2024.js,multiple-choice,Which sentence did the author include in the article to suggest that the project was expensive?,7,2,0.89042944,0.8062227964401245,0:0.0157|1:0.0157|2:0.8904|3:0.0156|4:0.0156|5:0.0157|6:0.0156|7:0.0156
41,reading_grade4_practice_2024,reading-grade4-practice-2024.js,multiple-choice,The author most likely wrote the article to--,4,0,0.8248414,1.161102533340454,0:0.8248|1:0.0250|2:0.0250|3:0.0250|4:0.0250|5:0.0251|6:0.0250|7:0.0250
42,reading_grade4_practice_2024,reading-grade4-practice-2024.js,multiple-choice,The article supports the idea that--,3,0,0.7811322,1.3725342750549316,0:0.7811|1:0.0313|2:0.0313|3:0.0313|4:0.0313|5:0.0313|6:0.0313|7:0.0313
1,reading_grade5_2015,reading-grade5-2015.js,multiple-choice,What does the word devised mean in paragraph 2?,4,3,0.8249046,1.1607837677001953,0:0.0250|1:0.0250|2:0.0250|3:0.8249|4:0.0250|5:0.0250|6:0.0250|7:0.0250
2,reading_grade5_2015,reading-grade5-2015.js,multiple-choice,"At the beginning of the story, what does Charlie think about the morning news program?",7,5,0.7425101,1.3091559410095215,0:0.0156|1:0.0156|2:0.1637|3:0.0156|4:0.0156|5:0.7425|6:0.0156|7:0.0157
3,reading_grade5_2015,reading-grade5-2015.js,multiple-choice,"Charlie's mother calls him an ""experimenter"" because he--",4,6,0.8249328,1.1606416702270508,0:0.0250|1:0.0250|2:0.0250|3:0.0250|4:0.0250|5:0.0250|6:0.8249|7:0.0250
4,reading_grade5_2015,reading-grade5-2015.js,multiple-choice,What happens as Charlie walks to his classroom?,4,1,0.82493514,1.1606301069259644,0:0.0250|1:0.8249|2:0.0250|3:0.0250|4:0.0250|5:0.0250|6:0.0250|7:0.0250
5,reading_grade5_2015,reading-grade5-2015.js,multiple-choice,Why does Charlie wait until after school to share his idea with Mrs. Barnes?,7,0,0.89055675,0.8054802417755127,0:0.8906|1:0.0156|2:0.0156|3:0.0156|4:0.0156|5:0.0156|6:0.0156|7:0.0156
6,reading_grade5_2015,reading-grade5-2015.js,multiple-choice,"Based on the ending of the story, what will Charlie most likely do during the next school news program?",9,7,0.9123689,0.6745244860649109,0:0.0125|1:0.0125|2:0.0125|3:0.0125|4:0.0125|5:0.0125|6:0.0125|7:0.9124
7,reading_grade5_2015,reading-grade5-2015.js,multiple-choice,Which would be the best heading for paragraph 2?,4,0,0.8248637,1.1609904766082764,0:0.8249|1:0.0250|2:0.0250|3:0.0250|4:0.0250|5:0.0250|6:0.0250|7:0.0250
8,reading_grade5_2015,reading-grade5-2015.js,multiple-choice,How is the information in paragraphs 5 and 6 organized?,3,5,0.43255922,1.9913766384124756,0:0.0313|1:0.0313|2:0.0313|3:0.3798|4:0.0313|5:0.4326|6:0.0313|7:0.0313
9,reading_grade5_2015,reading-grade5-2015.js,multiple-choice,Which sentence supports the idea that blobfish are rarely seen by people?,7,0,0.89041257,0.80632084608078,0:0.8904|1:0.0156|2:0.0157|3:0.0156|4:0.0156|5:0.0156|6:0.0157|7:0.0157
10,reading_grade5_2015,reading-grade5-2015.js,multiple-choice,"Based on this article, what does the author most likely believe?",5,5,0.8540438,1.0093785524368286,0:0.0209|1:0.0209|2:0.0208|3:0.0208|4:0.0208|5:0.8540|6:0.0208|7:0.0208
11,reading_grade5_2015,reading-grade5-2015.js,multiple-choice,Which sentence from the article is an opinion?,3,6,0.7809867,1.3732095956802368,0:0.0313|1:0.0313|2:0.0313|3:0.0313|4:0.0313|5:0.0313|6:0.7810|7:0.0313
12,reading_grade5_2015,reading-grade5-2015.js,multiple-choice,"Read this sentence from paragraph 3. On the drive from Arlington that morning, Rachel listened to her family's excited chatter about their trip. Which word would be the best synonym for the word chatter as it is used in this sentence?",20,2,0.95828956,0.36717653274536133,0:0.0060|1:0.0060|2:0.9583|3:0.0060|4:0.0060|5:0.0060|6:0.0060|7:0.0060
13,reading_grade5_2015,reading-grade5-2015.js,multiple-choice,"As Rachel approaches the camp activity areas, she discovers that all of them--",6,1,0.87495047,0.8947620391845703,0:0.0179|1:0.8750|2:0.0179|3:0.0179|4:0.0179|5:0.0179|6:0.0179|7:0.0179
14,reading_grade5_2015,reading-grade5-2015.js,multiple-choice,Rachel's main conflict in the story is with--,4,2,0.82494086,1.1606016159057617,0:0.0250|1:0.0250|2:0.8249|3:0.0250|4:0.0250|5:0.0250|6:0.0250|7:0.0250
15,reading_grade5_2015,reading-grade5-2015.js,multiple-choice,What changes Rachel's mind about the camp?,4,7,0.8248502,1.1610584259033203,0:0.0250|1:0.0250|2:0.0250|3:0.0250|4:0.0250|5:0.0250|6:0.0250|7:0.8249
16,reading_grade5_2015,reading-grade5-2015.js,multiple-choice,Rachel wants to stay home for the summer because she--,5,4,0.85406417,1.009268879890442,0:0.0208|1:0.0209|2:0.0209|3:0.0208|4:0.8541|5:0.0209|6:0.0208|7:0.0209
17,reading_grade5_2015,reading-grade5-2015.js,multiple-choice,Which quality do Lyla and Sarah share?,4,6,0.82497126,1.1604479551315308,0:0.0250|1:0.0250|2:0.0250|3:0.0250|4:0.0250|5:0.0250|6:0.8250|7:0.0250
18,reading_grade5_2015,reading-grade5-2015.js,multiple-choice,"Based on the recipe, a reader should consider cooking syrup in order to--",7,5,0.890578,0.8053565621376038,0:0.0156|1:0.0156|2:0.0156|3:0.0156|4:0.0156|5:0.8906|6:0.0156|7:0.0156
19,reading_grade5_2015,reading-grade5-2015.js,multiple-choice,Which sentence is a fact based on the recipe?,4,7,0.8248001,1.161311149597168,0:0.0250|1:0.0250|2:0.0251|3:0.0250|4:0.0250|5:0.0250|6:0.0250|7:0.8248
20,reading_grade5_2015,reading-grade5-2015.js,multiple-choice,"If the author had included reasons for using honey instead of sugar, in which section would it appear?",10,5,0.9203666,0.6244456768035889,0:0.0114|1:0.0114|2:0.0114|3:0.0114|4:0.0114|5:0.9204|6:0.0114|7:0.0114
21,reading_grade5_2015,reading-grade5-2015.js,multiple-choice,"If a person wants extra flavor in the syrup, at which step in the recipe would lemon juice be added?",11,2,0.92703795,0.5817115902900696,0:0.0104|1:0.0104|2:0.9270|3:0.0104|4:0.0104|5:0.0104|6:0.0104|7:0.0104
22,reading_grade5_2015,reading-grade5-2015.js,multiple-select,Which words from this history textbook are synonyms?,4,4,0.8249776,1.1604161262512207,0:0.0250|1:0.0250|2:0.0250|3:0.0250|4:0.8250|5:0.0250|6:0.0250|7:0.0250
23,reading_grade5_2015,reading-grade5-2015.js,multiple-choice,Which sentence contains an example of figurative language?,5,7,0.85410213,1.009065866470337,0:0.0208|1:0.0208|2:0.0209|3:0.0208|4:0.0208|5:0.0208|6:0.0208|7:0.8541
24,reading_grade5_2015,reading-grade5-2015.js,multiple-choice,Read this dictionary entry. prime (prīm) adj 1. Of main importance. 2. Of the finest quality. 3. Evenly divisible only by itself and one. n. 4. A time of strength or success in a person's life. Which sentence is an example of definition 2?,21,3,0.9601958,0.35313868522644043,0:0.0057|1:0.0057|2:0.0057|3:0.9602|4:0.0057|5:0.0057|6:0.0057|7:0.0057
25,reading_grade5_2015,reading-grade5-2015.js,multiple-choice,"Read this sentence from paragraph 6. Since catching a glimpse of Earth from space will be the main reason most guests want to travel to a space hotel, they will be able to open and close viewing windows and watch as the hotel orbits Earth 15 times a day. Which word is a homophone for main ?",29,0,0.97080874,0.2722701132297516,0:0.9708|1:0.0042|2:0.0042|3:0.0042|4:0.0042|5:0.0042|6:0.0042|7:0.0042
26,reading_grade5_2015,reading-grade5-2015.js,multiple-choice,Paragraphs 6 and 7 mainly provide details about the--,4,3,0.6251011,1.7062169313430786,0:0.0250|1:0.0250|2:0.0250|3:0.6251|4:0.2249|5:0.0250|6:0.0250|7:0.0250
27,reading_grade5_2015,reading-grade5-2015.js,multiple-choice,What would an illustration of the outside of the space hotel best help the reader understand?,9,2,0.9123672,0.6745346784591675,0:0.0125|1:0.0125|2:0.9124|3:0.0125|4:0.0125|5:0.0125|6:0.0125|7:0.0125
28,reading_grade5_2015,reading-grade5-2015.js,multiple-choice,"According to the article, how many guests will the first space hotel hold at one time?",10,1,0.9203677,0.6244385838508606,0:0.0114|1:0.9204|2:0.0114|3:0.0114|4:0.0114|5:0.0114|6:0.0114|7:0.0114
29,reading_grade5_2015,reading-grade5-2015.js,multiple-choice,"Based on the article, space hotel guests would wear Velcro suits mainly to--",10,0,0.9203938,0.6242728233337402,0:0.9204|1:0.0114|2:0.0114|3:0.0114|4:0.0114|5:0.0114|6:0.0114|7:0.0114
30,reading_grade5_2015,reading-grade5-2015.js,multiple-choice,Which sentence would best belong in a summary of the article?,6,0,0.6193347,1.5622069835662842,0:0.6193|1:0.0179|2:0.2734|3:0.0179|4:0.0179|5:0.0179|6:0.0179|7:0.0179
31,reading_grade5_2015,reading-grade5-2015.js,multiple-choice,What is the effect of the cause shown below? Cause: Four companies form Galactic Suite Limited.,10,4,0.46613845,1.4673137664794922,0:0.0114|1:0.0114|2:0.0114|3:0.0114|4:0.4661|5:0.4657|6:0.0114|7:0.0114
32,reading_grade5_2015,reading-grade5-2015.js,multiple-choice,What is the best title for these notes? Receive 16 weeks of astronaut training Experience conditions of life in space Take a day-and-a-half spacecraft trip,15,0,0.94528633,0.45969319343566895,0:0.9453|1:0.0078|2:0.0078|3:0.0078|4:0.0078|5:0.0078|6:0.0078|7:0.0078
33,reading_grade5_2015,reading-grade5-2015.js,multiple-choice,The main idea of the article is that space travel--,5,0,0.8540963,1.0090973377227783,0:0.8541|1:0.0208|2:0.0209|3:0.0209|4:0.0208|5:0.0208|6:0.0208|7:0.0208
34,reading_grade5_2015,reading-grade5-2015.js,multiple-choice,"What is the root word in ""weightlessness""?",3,3,0.7811771,1.372326135635376,0:0.0313|1:0.0313|2:0.0313|3:0.7812|4:0.0313|5:0.0313|6:0.0313|7:0.0313
35,reading_grade5_2015,reading-grade5-2015.js,multiple-choice,The poet includes lines 1 and 2 most likely to--,4,2,0.5854185,1.7589139938354492,0:0.0250|1:0.0250|2:0.5854|3:0.0251|4:0.0250|5:0.0251|6:0.0250|7:0.2643
36,reading_grade5_2015,reading-grade5-2015.js,multiple-choice,Nellie Bly writes about her journey for New York World because she wants to--,8,7,0.90273637,0.733314573764801,0:0.0139|1:0.0139|2:0.0139|3:0.0139|4:0.0139|5:0.0139|6:0.0139|7:0.9027
37,reading_grade5_2015,reading-grade5-2015.js,multiple-choice,Nellie Bly's boss most likely believes that women--,6,6,0.874892,0.8950900435447693,0:0.0179|1:0.0179|2:0.0179|3:0.0179|4:0.0179|5:0.0179|6:0.8749|7:0.0179
38,reading_grade5_2015,reading-grade5-2015.js,multiple-choice,Which question presents one problem Nellie faced during her trip?,7,7,0.89055663,0.8054810166358948,0:0.0156|1:0.0156|2:0.0156|3:0.0156|4:0.0156|5:0.0157|6:0.0156|7:0.8906
39,reading_grade5_2015,reading-grade5-2015.js,multiple-choice,Which of these is the best summary of the poem?,3,2,0.78104514,1.3729383945465088,0:0.0313|1:0.0313|2:0.7810|3:0.0313|4:0.0313|5:0.0313|6:0.0313|7:0.0314
40,reading_grade5_2015,reading-grade5-2015.js,multiple-choice,Which root word has a prefix and a suffix?,4,3,0.6170171,1.717966914176941,0:0.0250|1:0.0250|2:0.0250|3:0.6170|4:0.2329|5:0.0250|6:0.0250|7:0.0250
1,reading_grade5_practice_2024,reading-grade5-practice-2024.js,multiple-choice,The author's purpose in the first paragraph is to--,4,5,0.82490784,1.160767674446106,0:0.0250|1:0.0250|2:0.0250|3:0.0250|4:0.0250|5:0.8249|6:0.0250|7:0.0250
2,reading_grade5_practice_2024,reading-grade5-practice-2024.js,multiple-choice,Read these sentences from paragraph 3. Jefferson brought seeds and plants back from his travels. He even tried to grow broccoli from Italy and peppers from Mexico. Which word from a glossary entry best describes Jefferson's plants in these sentences?,24,4,0.9649704,0.31735992431640625,0:0.0050|1:0.0050|2:0.0050|3:0.0050|4:0.9650|5:0.0050|6:0.0050|7:0.0050
3,reading_grade5_practice_2024,reading-grade5-practice-2024.js,multiple-choice,The idea that Monticello continues to attract attention is best supported by the fact that--,8,2,0.90273863,0.7333006858825684,0:0.0139|1:0.0139|2:0.9027|3:0.0139|4:0.0139|5:0.0139|6:0.0139|7:0.0139
4,reading_grade5_practice_2024,reading-grade5-practice-2024.js,multiple-choice,"According to the article, how was Jefferson different from most American farmers of his time?",7,1,0.46767038,1.9264206886291504,0:0.1628|1:0.4677|2:0.0156|3:0.0156|4:0.2913|5:0.0156|6:0.0156|7:0.0156
5,reading_grade5_practice_2024,reading-grade5-practice-2024.js,multiple-choice,"In paragraph 7, what does the word rifling mean?",4,0,0.8249028,1.1607937812805176,0:0.8249|1:0.0250|2:0.0250|3:0.0250|4:0.0250|5:0.0250|6:0.0250|7:0.0250
6,reading_grade5_practice_2024,reading-grade5-practice-2024.js,multiple-choice,The resolution of the story occurs when Leroy--,4,6,0.8249114,1.1607495546340942,0:0.0250|1:0.0250|2:0.0250|3:0.0250|4:0.0250|5:0.0250|6:0.8249|7:0.0250
7,reading_grade5_practice_2024,reading-grade5-practice-2024.js,multiple-choice,Leroy first begins to understand the value of hard work when he--,7,3,0.8904842,0.8059030771255493,0:0.0156|1:0.0156|2:0.0157|3:0.8905|4:0.0156|5:0.0157|6:0.0157|7:0.0156
8,reading_grade5_practice_2024,reading-grade5-practice-2024.js,multiple-choice,"After Leroy decides to help Grandma Etta, why must they wait several days before making the soup?",11,4,0.92705655,0.5815916657447815,0:0.0104|1:0.0104|2:0.0104|3:0.0104|4:0.9271|5:0.0104|6:0.0104|7:0.0104
9,reading_grade5_practice_2024,reading-grade5-practice-2024.js,multiple-choice,Leroy performed all of these chores for Grandma Etta EXCEPT--,6,6,0.8749607,0.8947043418884277,0:0.0179|1:0.0179|2:0.0179|3:0.0179|4:0.0179|5:0.0179|6:0.8750|7:0.0179
10,reading_grade5_practice_2024,reading-grade5-practice-2024.js,multiple-choice,"If the story were told from Grandma Etta's point of view, the reader would understand why--",9,2,0.9124452,0.6740531325340271,0:0.0125|1:0.0125|2:0.9124|3:0.0125|4:0.0125|5:0.0125|6:0.0125|7:0.0125
11,reading_grade5_practice_2024,reading-grade5-practice-2024.js,multiple-choice,The idea that ancient people had powerful imaginations is supported by the fact that they--,7,2,0.8905403,0.8055761456489563,0:0.0157|1:0.0156|2:0.8905|3:0.0156|4:0.0156|5:0.0156|6:0.0156|7:0.0156
12,reading_grade5_practice_2024,reading-grade5-practice-2024.js,multiple-choice,The main idea of the article is that the one-horned deer —,5,0,0.46835357,1.7390849590301514,0:0.4684|1:0.0208|2:0.0209|3:0.0209|4:0.0208|5:0.4065|6:0.0208|7:0.0208
13,reading_grade5_practice_2024,reading-grade5-practice-2024.js,multiple-choice,Which detail would best belong in a summary of the article?,6,0,0.87490916,0.8949940204620361,0:0.8749|1:0.0179|2:0.0179|3:0.0179|4:0.0179|5:0.0179|6:0.0179|7:0.0179
14,reading_grade5_practice_2024,reading-grade5-practice-2024.js,multiple-choice,Which of these is the best summary of the poem?,3,2,0.78101844,1.3730621337890625,0:0.0313|1:0.0313|2:0.7810|3:0.0313|4:0.0313|5:0.0313|6:0.0313|7:0.0314
15,reading_grade5_practice_2024,reading-grade5-practice-2024.js,multiple-choice,"In ""Born in the Desert,"" the reader can tell that Rahim first becomes nervous when he--",8,5,0.61476314,1.4674488306045532,0:0.0139|1:0.0139|2:0.3019|3:0.0139|4:0.0139|5:0.6148|6:0.0139|7:0.0139
16,reading_grade5_practice_2024,reading-grade5-practice-2024.js,multiple-choice,"Which sentence from ""Born in the Desert"" is the best example of a comparison?",6,2,0.7245949,1.3918912410736084,0:0.0179|1:0.1682|2:0.7246|3:0.0179|4:0.0179|5:0.0179|6:0.0179|7:0.0179
17,reading_grade5_practice_2024,reading-grade5-practice-2024.js,multiple-choice,"Read this list. According to ""Buddies Make a Difference,"" which activity belongs on the list?",9,5,0.91239625,0.6743553876876831,0:0.0125|1:0.0125|2:0.0125|3:0.0125|4:0.0125|5:0.9124|6:0.0125|7:0.0125
18,reading_grade5_practice_2024,reading-grade5-practice-2024.js,multiple-choice,"Fifth graders are buddies in ""Buddies Make a Difference"" because they--",6,5,0.87498194,0.894585371017456,0:0.0179|1:0.0179|2:0.0179|3:0.0179|4:0.0179|5:0.8750|6:0.0179|7:0.0179
19,reading_grade5_practice_2024,reading-grade5-practice-2024.js,multiple-choice,"Rahim from ""Born in the Desert"" and Tim from ""Buddies Make a Difference"" both--",7,5,0.8906111,0.8051634430885315,0:0.0156|1:0.0156|2:0.0156|3:0.0156|4:0.0156|5:0.8906|6:0.0156|7:0.0156
20,reading_grade5_practice_2024,reading-grade5-practice-2024.js,multiple-choice,"What is the main idea of the section titled ""Prospecting: Then and Now""?",5,3,0.8540779,1.0091958045959473,0:0.0209|1:0.0209|2:0.0209|3:0.8541|4:0.0208|5:0.0208|6:0.0208|7:0.0208
21,reading_grade5_practice_2024,reading-grade5-practice-2024.js,multiple-choice,"According to step 3 of the ""Panning Instructions"" section, the main effect of swirling the pan in the water is to--",10,2,0.9203791,0.6243664026260376,0:0.0114|1:0.0114|2:0.9204|3:0.0114|4:0.0114|5:0.0114|6:0.0114|7:0.0114
22,reading_grade5_practice_2024,reading-grade5-practice-2024.js,multiple-choice,"Which detail would be the least important to include in a summary of the section ""Panning Instructions""?",9,2,0.9124635,0.6739388108253479,0:0.0125|1:0.0125|2:0.9125|3:0.0125|4:0.0125|5:0.0125|6:0.0125|7:0.0125
23,reading_grade5_practice_2024,reading-grade5-practice-2024.js,multiple-choice,"In addition to providing light to visitors, using electric power lines in the mine will--",9,5,0.9124434,0.674063503742218,0:0.0125|1:0.0125|2:0.0125|3:0.0125|4:0.0125|5:0.9124|6:0.0125|7:0.0125
24,reading_grade5_practice_2024,reading-grade5-practice-2024.js,multiple-choice,"Based on the ""Panning Instructions"" section, everything may fall out of the pan if the--",8,6,0.90270555,0.7334996461868286,0:0.0139|1:0.0139|2:0.0139|3:0.0139|4:0.0139|5:0.0139|6:0.9027|7:0.0139
25,reading_grade5_practice_2024,reading-grade5-practice-2024.js,multiple-choice,"If the author added additional questions about panning to the ""Frequently Asked Questions"" section, which would be least useful to the reader?",13,2,0.937464,0.512991189956665,0:0.0089|1:0.0089|2:0.9375|3:0.0089|4:0.0089|5:0.0089|6:0.0089|7:0.0089
26,reading_grade5_practice_2024,reading-grade5-practice-2024.js,multiple-choice,"What does the word processing mean in the section ""How long should I plan to stay at the mine""?",8,3,0.902739,0.7332987785339355,0:0.0139|1:0.0139|2:0.0139|3:0.9027|4:0.0139|5:0.0139|6:0.0139|7:0.0139
27,reading_grade5_practice_2024,reading-grade5-practice-2024.js,multiple-choice,"Based on the brochure, which location is NOT a place prospectors mine for minerals?",7,3,0.8905147,0.8057255744934082,0:0.0156|1:0.0156|2:0.0156|3:0.8905|4:0.0156|5:0.0156|6:0.0156|7:0.0156
28,reading_grade5_practice_2024,reading-grade5-practice-2024.js,multiple-choice,"According to the article, which activity is done by both visitors and staff?",6,1,0.87492526,0.8949035406112671,0:0.0179|1:0.8749|2:0.0179|3:0.0179|4:0.0179|5:0.0179|6:0.0179|7:0.0179
29,reading_grade5_practice_2024,reading-grade5-practice-2024.js,multiple-choice,"According to the brochure, visitors should swirl the pans slowly because the--",6,3,0.8748919,0.8950912952423096,0:0.0179|1:0.0179|2:0.0179|3:0.8749|4:0.0179|5:0.0179|6:0.0179|7:0.0179
30,reading_grade5_practice_2024,reading-grade5-practice-2024.js,multiple-choice,In which part of the brochure would the author include the names of local jewelers who work with gemstones?,10,7,0.9203386,0.62462317943573,0:0.0114|1:0.0114|2:0.0114|3:0.0114|4:0.0114|5:0.0114|6:0.0114|7:0.9203
31,reading_grade5_practice_2024,reading-grade5-practice-2024.js,multiple-choice,Which two words from the brochure are antonyms?,4,4,0.8249426,1.1605923175811768,0:0.0250|1:0.0250|2:0.0250|3:0.0250|4:0.8249|5:0.0250|6:0.0250|7:0.0250
32,reading_grade5_practice_2024,reading-grade5-practice-2024.js,multiple-choice,"Read this thesaurus entry. scrub v. - clean, erase, polish, scrap. Which word best replaces scrub in paragraph 6?",13,0,0.9374695,0.5129543542861938,0:0.9375|1:0.0089|2:0.0089|3:0.0089|4:0.0089|5:0.0089|6:0.0089|7:0.0089
33,reading_grade5_practice_2024,reading-grade5-practice-2024.js,multiple-choice,"Read this sentence from paragraph 7. Then she breezed around the mess, burst out the front door, and escaped. Which meaning of burst is used in this sentence?",14,5,0.94161475,0.4849093556404114,0:0.0083|1:0.0083|2:0.0083|3:0.0083|4:0.0083|5:0.9416|6:0.0083|7:0.0083
34,reading_grade5_practice_2024,reading-grade5-practice-2024.js,multiple-choice,Maddy tosses her brother's backpack on the floor because she--,5,5,0.85413337,1.0088986158370972,0:0.0208|1:0.0208|2:0.0208|3:0.0208|4:0.0208|5:0.8541|6:0.0208|7:0.0208
35,reading_grade5_practice_2024,reading-grade5-practice-2024.js,multiple-choice,Maddy goes to the game most likely because she--,4,0,0.8248887,1.1608641147613525,0:0.8249|1:0.0250|2:0.0250|3:0.0250|4:0.0250|5:0.0250|6:0.0250|7:0.0250
36,reading_grade5_practice_2024,reading-grade5-practice-2024.js,multiple-choice,Which phrase from the story tells the most about the setting?,4,6,0.6096663,1.728194236755371,0:0.0250|1:0.0250|2:0.0251|3:0.2402|4:0.0250|5:0.0250|6:0.6097|7:0.0250
37,reading_grade5_practice_2024,reading-grade5-practice-2024.js,multiple-choice,Which sentence from the story contains an example of figurative language?,6,7,0.8748879,0.8951131105422974,0:0.0179|1:0.0179|2:0.0179|3:0.0179|4:0.0179|5:0.0179|6:0.0179|7:0.8749
38,reading_grade5_practice_2024,reading-grade5-practice-2024.js,multiple-choice,The main conflict in the story is that Maddy--,4,2,0.8249335,1.1606378555297852,0:0.0250|1:0.0250|2:0.8249|3:0.0250|4:0.0250|5:0.0250|6:0.0250|7:0.0250
1,reading_grade6_2015,reading-grade6-2015.js,multiple-choice,"Read this sentence from paragraph 2. Julia relaxed, thinking Mr. Malone would let another tardy slide by. What does this sentence suggest?",14,6,0.9416019,0.484997421503067,0:0.0083|1:0.0083|2:0.0084|3:0.0083|4:0.0083|5:0.0083|6:0.9416|7:0.0083
2,reading_grade6_2015,reading-grade6-2015.js,multiple-choice,"In paragraph 6, Julia's response to the news that she cannot attend the field trip best indicates that she--",10,7,0.92040104,0.6242270469665527,0:0.0114|1:0.0114|2:0.0114|3:0.0114|4:0.0114|5:0.0114|6:0.0114|7:0.9204
3,reading_grade6_2015,reading-grade6-2015.js,multiple-choice,"In paragraph 12, which topic do the adults most likely discuss before Julia arrives?",7,3,0.89052963,0.8056386709213257,0:0.0156|1:0.0156|2:0.0156|3:0.8905|4:0.0156|5:0.0156|6:0.0156|7:0.0156
4,reading_grade6_2015,reading-grade6-2015.js,multiple-choice,"In paragraph 14, what does acknowledgment mean?",3,0,0.7811016,1.372676134109497,0:0.7811|1:0.0313|2:0.0313|3:0.0313|4:0.0313|5:0.0313|6:0.0313|7:0.0313
5,reading_grade6_2015,reading-grade6-2015.js,multiple-choice,Which word in paragraph 17 signals a generalization?,4,7,0.82478833,1.1613702774047852,0:0.0251|1:0.0250|2:0.0250|3:0.0251|4:0.0250|5:0.0250|6:0.0250|7:0.8248
6,reading_grade6_2015,reading-grade6-2015.js,multiple-choice,Select the appropriate effect of the cause listed below. Cause: Julia is tardy three times.,10,4,0.92041975,0.6241084933280945,0:0.0114|1:0.0114|2:0.0114|3:0.0114|4:0.9204|5:0.0114|6:0.0114|7:0.0114
7,reading_grade6_2015,reading-grade6-2015.js,multiple-choice,Which statement is most likely true about Julia's dad?,5,7,0.8539405,1.0099316835403442,0:0.0209|1:0.0209|2:0.0209|3:0.0209|4:0.0209|5:0.0209|6:0.0209|7:0.8539
8,reading_grade6_2015,reading-grade6-2015.js,multiple-choice,Which sentence states the most likely reason Julia is allowed to go on the field trip?,8,2,0.9026695,0.733717679977417,0:0.0139|1:0.0139|2:0.9027|3:0.0139|4:0.0139|5:0.0139|6:0.0139|7:0.0139
9,reading_grade6_2015,reading-grade6-2015.js,multiple-choice,"At the end of the story, the reader may best conclude that the biggest reward for Julia is--",9,2,0.91244584,0.6740483045578003,0:0.0125|1:0.0125|2:0.9124|3:0.0125|4:0.0125|5:0.0125|6:0.0125|7:0.0125
10,reading_grade6_2015,reading-grade6-2015.js,multiple-choice,"Which information would best be included in ""The Mystery of Mountain Lake"" section?",8,6,0.90263796,0.7339067459106445,0:0.0139|1:0.0139|2:0.0139|3:0.0139|4:0.0139|5:0.0139|6:0.9026|7:0.0139
11,reading_grade6_2015,reading-grade6-2015.js,multiple-choice,"According to information in paragraph 4, the main goal of Mountain Lake Conservancy is to--",8,6,0.90255135,0.7344285249710083,0:0.0139|1:0.0139|2:0.0139|3:0.0139|4:0.0139|5:0.0139|6:0.9026|7:0.0139
12,reading_grade6_2015,reading-grade6-2015.js,multiple-choice,Which heading would be best for paragraph 5?,4,0,0.82487243,1.1609463691711426,0:0.8249|1:0.0250|2:0.0250|3:0.0250|4:0.0250|5:0.0250|6:0.0250|7:0.0250
13,reading_grade6_2015,reading-grade6-2015.js,multiple-choice,The author organizes information in paragraph 6 by--,4,5,0.8248835,1.1608904600143433,0:0.0250|1:0.0250|2:0.0250|3:0.0250|4:0.0250|5:0.8249|6:0.0250|7:0.0250
14,reading_grade6_2015,reading-grade6-2015.js,multiple-choice,"Based on the article, the mystery at Mountain Lake was difficult to solve since the cause of the changing water levels was--",12,4,0.9326252,0.5451944470405579,0:0.0096|1:0.0096|2:0.0096|3:0.0096|4:0.9326|5:0.0096|6:0.0096|7:0.0096
15,reading_grade6_2015,reading-grade6-2015.js,multiple-choice,"The author refers to the hotel as ""The historical Mountain Lake Hotel"" most likely because of its--",8,4,0.9025017,0.7347266674041748,0:0.0139|1:0.0139|2:0.0139|3:0.0139|4:0.9025|5:0.0140|6:0.0139|7:0.0139
16,reading_grade6_2015,reading-grade6-2015.js,multiple-choice,"According to the article, the most likely reason visitors return to the Mountain Lake Hotel is to--",9,4,0.75313854,1.2191786766052246,0:0.0125|1:0.0125|2:0.0125|3:0.0125|4:0.7531|5:0.1718|6:0.0125|7:0.0125
17,reading_grade6_2015,reading-grade6-2015.js,multiple-choice,Which sentence from the article states an opinion?,4,6,0.82481706,1.1612257957458496,0:0.0250|1:0.0250|2:0.0251|3:0.0250|4:0.0250|5:0.0250|6:0.8248|7:0.0250
18,reading_grade6_2015,reading-grade6-2015.js,multiple-choice,"Which word means ""to be continually engaged in close, careful study""?",7,3,0.8905914,0.8052781820297241,0:0.0156|1:0.0156|2:0.0156|3:0.8906|4:0.0156|5:0.0156|6:0.0156|7:0.0156
19,reading_grade6_2015,reading-grade6-2015.js,multiple-choice,"The author's use of the word ""flying"" in the title best shows that the speaker--",8,0,0.9026435,0.7338733673095703,0:0.9026|1:0.0139|2:0.0139|3:0.0139|4:0.0139|5:0.0139|6:0.0139|7:0.0140
20,reading_grade6_2015,reading-grade6-2015.js,multiple-choice,"Read lines 4-5 from the poem. My sled and I are like one creature; We lean together in the turns, Based on these lines, the speaker's closeness to the sled shows the speaker is--",17,7,0.5113398,1.3129392862319946,0:0.4470|1:0.0069|2:0.0069|3:0.0069|4:0.0069|5:0.0069|6:0.0069|7:0.5113
21,reading_grade6_2015,reading-grade6-2015.js,multiple-select,Which two words are the best synonyms for lumber in line 18?,6,4,0.8748632,0.8952517509460449,0:0.0179|1:0.0179|2:0.0179|3:0.0179|4:0.8749|5:0.0179|6:0.0179|7:0.0179
22,reading_grade6_2015,reading-grade6-2015.js,multiple-choice,Which line best suggests that the speaker has been down the hill in the past?,6,7,0.874863,0.8952525854110718,0:0.0179|1:0.0179|2:0.0179|3:0.0179|4:0.0179|5:0.0179|6:0.0179|7:0.8749
23,reading_grade6_2015,reading-grade6-2015.js,multiple-choice,What will the speaker most likely do next?,3,7,0.780841,1.3738861083984375,0:0.0313|1:0.0313|2:0.0313|3:0.0313|4:0.0313|5:0.0313|6:0.0313|7:0.7808
24,reading_grade6_2015,reading-grade6-2015.js,multiple-choice,"Read this sentence. A small vice in Craig's writing style is his habit of not explaining his ideas, but he can improve his skills with increased effort. What is the meaning of vice in this sentence?",17,7,0.9513679,0.4170854091644287,0:0.0069|1:0.0069|2:0.0069|3:0.0069|4:0.0069|5:0.0069|6:0.0069|7:0.9514
25,reading_grade6_2015,reading-grade6-2015.js,multiple-choice,"Which word comes from a root that means ""to try""?",5,0,0.8541219,1.0089595317840576,0:0.8541|1:0.0208|2:0.0208|3:0.0209|4:0.0208|5:0.0208|6:0.0208|7:0.0208
26,reading_grade6_2015,reading-grade6-2015.js,multiple-choice,Which question is answered in the first paragraph?,4,5,0.82493705,1.1606204509735107,0:0.0250|1:0.0250|2:0.0250|3:0.0250|4:0.0250|5:0.8249|6:0.0250|7:0.0250
27,reading_grade6_2015,reading-grade6-2015.js,multiple-choice,"What information could best be added to the section ""Clip, Save, and Win""?",8,1,0.90269154,0.7335842847824097,0:0.0139|1:0.9027|2:0.0139|3:0.0139|4:0.0139|5:0.0139|6:0.0139|7:0.0139
28,reading_grade6_2015,reading-grade6-2015.js,multiple-choice,"Read this sentence from ""Win a Lions T-Shirt."" Just fill out this form, drop it off at the school store, and listen to the announce ments every morning. In which word does - ment have the same meaning as it does in announce ment ?",20,3,0.95831114,0.3670176863670349,0:0.0060|1:0.0060|2:0.0060|3:0.9583|4:0.0060|5:0.0060|6:0.0060|7:0.0060
29,reading_grade6_2015,reading-grade6-2015.js,multiple-choice,What is the purpose of the Lion's Den?,3,1,0.53123677,1.9371321201324463,0:0.0313|1:0.5312|2:0.0313|3:0.0313|4:0.0313|5:0.2812|6:0.0313|7:0.0313
30,reading_grade6_2015,reading-grade6-2015.js,multiple-select,Complete these notes. Ways the Lion's Den tries to persuade students to visit the school store:,11,1,0.9270484,0.5816441774368286,0:0.0104|1:0.9270|2:0.0104|3:0.0104|4:0.0104|5:0.0104|6:0.0104|7:0.0104
31,reading_grade6_2015,reading-grade6-2015.js,multiple-choice,The school store will most benefit students who--,4,0,0.8247209,1.161710500717163,0:0.8247|1:0.0250|2:0.0251|3:0.0250|4:0.0251|5:0.0250|6:0.0250|7:0.0250
32,reading_grade6_2015,reading-grade6-2015.js,multiple-choice,Which sentence states a fact about the information in the flier?,5,2,0.8539288,1.0099937915802002,0:0.0209|1:0.0209|2:0.8539|3:0.0208|4:0.0208|5:0.0209|6:0.0209|7:0.0208
33,reading_grade6_2015,reading-grade6-2015.js,multiple-choice,Paragraph 1 indicates that therapy dogs can work with children who--,6,7,0.87490267,0.8950303792953491,0:0.0179|1:0.0179|2:0.0179|3:0.0179|4:0.0179|5:0.0179|6:0.0179|7:0.8749
34,reading_grade6_2015,reading-grade6-2015.js,multiple-choice,Which question is answered in paragraph 2?,3,5,0.7811618,1.3723969459533691,0:0.0313|1:0.0313|2:0.0313|3:0.0313|4:0.0313|5:0.7812|6:0.0313|7:0.0313
35,reading_grade6_2015,reading-grade6-2015.js,multiple-choice,"In paragraph 4, the word circumstances means--",4,0,0.53214055,1.8086020946502686,0:0.5321|1:0.0250|2:0.0250|3:0.0250|4:0.0250|5:0.3177|6:0.0250|7:0.0250
36,reading_grade6_2015,reading-grade6-2015.js,multiple-choice,Which paragraph in the article discusses the role of the dog's handler during a therapy session?,8,1,0.90265316,0.7338160276412964,0:0.0139|1:0.9027|2:0.0139|3:0.0139|4:0.0139|5:0.0139|6:0.0139|7:0.0139
37,reading_grade6_2015,reading-grade6-2015.js,multiple-choice,"Based on the article, what might a child most likely be able to do after several reading therapy sessions?",10,0,0.9203929,0.6242786645889282,0:0.9204|1:0.0114|2:0.0114|3:0.0114|4:0.0114|5:0.0114|6:0.0114|7:0.0114
38,reading_grade6_2015,reading-grade6-2015.js,multiple-choice,What may the reader conclude about birds in reading therapy programs?,7,1,0.89054537,0.8055466413497925,0:0.0156|1:0.8905|2:0.0156|3:0.0156|4:0.0156|5:0.0156|6:0.0156|7:0.0156
39,reading_grade6_2015,reading-grade6-2015.js,multiple-choice,This article answers all these questions EXCEPT--,4,0,0.8248935,1.1608402729034424,0:0.8249|1:0.0250|2:0.0250|3:0.0250|4:0.0250|5:0.0250|6:0.0250|7:0.0250
40,reading_grade6_2015,reading-grade6-2015.js,multiple-choice,"Read this thesaurus entry. slumped v. -- Slid, sank, tumbled, crashed. Which word best replaces slumped in paragraph 5?",13,0,0.9374695,0.5129545331001282,0:0.9375|1:0.0089|2:0.0089|3:0.0089|4:0.0089|5:0.0089|6:0.0089|7:0.0089
41,reading_grade6_2015,reading-grade6-2015.js,multiple-choice,Which sentence is the best summary of paragraph 10?,4,2,0.82482344,1.161193609237671,0:0.0250|1:0.0250|2:0.8248|3:0.0250|4:0.0250|5:0.0250|6:0.0250|7:0.0250
42,reading_grade6_2015,reading-grade6-2015.js,multiple-select,Use paragraphs 13 and 14 to complete this web.,4,3,0.8248066,1.1612783670425415,0:0.0250|1:0.0251|2:0.0250|3:0.8248|4:0.0250|5:0.0250|6:0.0250|7:0.0250
43,reading_grade6_2015,reading-grade6-2015.js,multiple-choice,What could be the cause of the effect shown? Effect: Anthony suddenly remembers Field Day.,10,1,0.9204105,0.6241672039031982,0:0.0114|1:0.9204|2:0.0114|3:0.0114|4:0.0114|5:0.0114|6:0.0114|7:0.0114
44,reading_grade6_2015,reading-grade6-2015.js,multiple-choice,Which sentence from the story best shows that Anthony can be responsible?,6,2,0.4955392,1.6538050174713135,0:0.0179|1:0.0179|2:0.4955|3:0.0179|4:0.0179|5:0.3972|6:0.0179|7:0.0179
45,reading_grade6_2015,reading-grade6-2015.js,multiple-choice,What does the title mean?,2,0,0.70819175,1.6902549266815186,0:0.7082|1:0.0417|2:0.0417|3:0.0417|4:0.0417|5:0.0417|6:0.0417|7:0.0417
1,reading_grade6_practice_2024,reading-grade6-practice-2024.js,multiple-choice,Quinterro's thoughts in paragraphs 1 and 2 most contribute to the plot of the story by--,6,6,0.87489396,0.8950789570808411,0:0.0179|1:0.0179|2:0.0179|3:0.0179|4:0.0179|5:0.0179|6:0.8749|7:0.0179
2,reading_grade6_practice_2024,reading-grade6-practice-2024.js,multiple-choice,"The word binoculars in paragraph 17 comes from the Latin word ocular , which means--",8,0,0.90274304,0.7332746982574463,0:0.9027|1:0.0139|2:0.0139|3:0.0139|4:0.0139|5:0.0139|6:0.0139|7:0.0139
3,reading_grade6_practice_2024,reading-grade6-practice-2024.js,multiple-choice,What is the main conflict of the story?,3,2,0.7811936,1.3722490072250366,0:0.0313|1:0.0313|2:0.7812|3:0.0313|4:0.0313|5:0.0313|6:0.0313|7:0.0313
4,reading_grade6_practice_2024,reading-grade6-practice-2024.js,multiple-choice,Which sentence best expresses the theme of the story?,5,2,0.8541242,1.0089473724365234,0:0.0208|1:0.0208|2:0.8541|3:0.0208|4:0.0208|5:0.0208|6:0.0208|7:0.0208
5,reading_grade6_practice_2024,reading-grade6-practice-2024.js,multiple-choice,The author's purpose for including paragraph 2 is to explain--,5,5,0.85410374,1.0090569257736206,0:0.0208|1:0.0208|2:0.0208|3:0.0208|4:0.0208|5:0.8541|6:0.0208|7:0.0208
6,reading_grade6_practice_2024,reading-grade6-practice-2024.js,multiple-choice,"In paragraph 6, the author explains that lava —",4,6,0.8246567,1.1620336771011353,0:0.0251|1:0.0250|2:0.0250|3:0.0251|4:0.0250|5:0.0251|6:0.8247|7:0.0250
7,reading_grade6_practice_2024,reading-grade6-practice-2024.js,multiple-choice,Which sentence best summarizes paragraph 10?,4,2,0.8248387,1.161116361618042,0:0.0250|1:0.0250|2:0.8248|3:0.0250|4:0.0250|5:0.0250|6:0.0250|7:0.0250
8,reading_grade6_practice_2024,reading-grade6-practice-2024.js,multiple-choice,Which sentence from the article states an opinion about the Ring of Fire?,6,6,0.8749135,0.8949694633483887,0:0.0179|1:0.0179|2:0.0179|3:0.0179|4:0.0179|5:0.0179|6:0.8749|7:0.0179
9,reading_grade6_practice_2024,reading-grade6-practice-2024.js,multiple-choice,"Based on the article, the reader can determine that volcanic activity--",6,5,0.6546488,1.515614628791809,0:0.2381|1:0.0179|2:0.0179|3:0.0179|4:0.0179|5:0.6546|6:0.0179|7:0.0179
10,reading_grade6_practice_2024,reading-grade6-practice-2024.js,multiple-choice,"Read this sentence from paragraph 1. Once again her room looked like a whirlwind had blown through it, and she knew exactly who the culprit was. The author uses hyperbole in this sentence to--",15,6,0.94524956,0.4599473476409912,0:0.0078|1:0.0078|2:0.0078|3:0.0078|4:0.0078|5:0.0078|6:0.9452|7:0.0078
11,reading_grade6_practice_2024,reading-grade6-practice-2024.js,multiple-choice,"In paragraph 2, the word appraise means--",4,3,0.8248835,1.160889983177185,0:0.0250|1:0.0250|2:0.0250|3:0.8249|4:0.0250|5:0.0250|6:0.0250|7:0.0250
12,reading_grade6_practice_2024,reading-grade6-practice-2024.js,multiple-choice,The author includes paragraphs 11-13 mainly to--,4,3,0.82488304,1.1608928442001343,0:0.0250|1:0.0250|2:0.0250|3:0.8249|4:0.0250|5:0.0250|6:0.0250|7:0.0250
13,reading_grade6_practice_2024,reading-grade6-practice-2024.js,multiple-choice,The empty swing in paragraph 15 leads Alice to the resolution by helping her realize--,8,7,0.90273106,0.7333464622497559,0:0.0139|1:0.0139|2:0.0139|3:0.0139|4:0.0139|5:0.0139|6:0.0139|7:0.9027
14,reading_grade6_practice_2024,reading-grade6-practice-2024.js,multiple-choice,The author chooses to use this point of view because--,5,1,0.85385805,1.0103731155395508,0:0.0209|1:0.8539|2:0.0209|3:0.0209|4:0.0208|5:0.0209|6:0.0209|7:0.0209
15,reading_grade6_practice_2024,reading-grade6-practice-2024.js,multiple-choice,Which sentence best summarizes lines 15-17?,4,2,0.5274455,1.8118276596069336,0:0.0250|1:0.0250|2:0.5274|3:0.0250|4:0.0250|5:0.0250|6:0.0250|7:0.3225
16,reading_grade6_practice_2024,reading-grade6-practice-2024.js,multiple-choice,The setting of the poem affects the speaker by--,4,2,0.47414717,1.8398785591125488,0:0.0250|1:0.0250|2:0.4741|3:0.0251|4:0.0250|5:0.0250|6:0.0250|7:0.3757
17,reading_grade6_practice_2024,reading-grade6-practice-2024.js,multiple-choice,The reader knows that the speaker's point of view has changed since her last visit to the island because she--,10,5,0.92033285,0.6246590614318848,0:0.0114|1:0.0114|2:0.0114|3:0.0114|4:0.0114|5:0.9203|6:0.0114|7:0.0114
18,reading_grade6_practice_2024,reading-grade6-practice-2024.js,multiple-choice,"The Latin word internalis means ""extending to the interior."" In paragraph 1 of the article, internal means--",10,0,0.92042553,0.6240718364715576,0:0.9204|1:0.0114|2:0.0114|3:0.0114|4:0.0114|5:0.0114|6:0.0114|7:0.0114
19,reading_grade6_practice_2024,reading-grade6-practice-2024.js,multiple-choice,Which word is a synonym for fatigue in paragraph 3?,4,3,0.8248951,1.1608319282531738,0:0.0250|1:0.0250|2:0.0250|3:0.8249|4:0.0250|5:0.0250|6:0.0250|7:0.0250
20,reading_grade6_practice_2024,reading-grade6-practice-2024.js,multiple-choice,Paragraph 7 is organized by using--,3,5,0.7811511,1.3724466562271118,0:0.0313|1:0.0313|2:0.0313|3:0.0313|4:0.0313|5:0.7812|6:0.0313|7:0.0313
21,reading_grade6_practice_2024,reading-grade6-practice-2024.js,multiple-choice,"Based on the article, plants unfold their leaves to--",5,6,0.85403055,1.0094490051269531,0:0.0209|1:0.0209|2:0.0208|3:0.0208|4:0.0209|5:0.0209|6:0.8540|7:0.0208
22,reading_grade6_practice_2024,reading-grade6-practice-2024.js,multiple-choice,The author's word choice in paragraph 1 introduces a tone of--,6,0,0.64605564,1.5278717279434204,0:0.6461|1:0.0179|2:0.0179|3:0.0179|4:0.0179|5:0.0179|6:0.0179|7:0.2467
23,reading_grade6_practice_2024,reading-grade6-practice-2024.js,multiple-choice,Which word in paragraph 18 does the author use to influence the reader's attitude about Sydney?,8,0,0.9026337,0.7339323163032532,0:0.9026|1:0.0139|2:0.0139|3:0.0139|4:0.0139|5:0.0139|6:0.0139|7:0.0139
24,reading_grade6_practice_2024,reading-grade6-practice-2024.js,multiple-choice,Jada most likely smiles at the end of the story because she--,5,2,0.85401964,1.009507656097412,0:0.0209|1:0.0209|2:0.8540|3:0.0208|4:0.0209|5:0.0209|6:0.0208|7:0.0208
25,reading_grade6_practice_2024,reading-grade6-practice-2024.js,multiple-choice,Zach knows that Jada is not as meek as she seems because she —,5,4,0.85411036,1.0090219974517822,0:0.0208|1:0.0208|2:0.0208|3:0.0208|4:0.8541|5:0.0209|6:0.0208|7:0.0208
26,reading_grade6_practice_2024,reading-grade6-practice-2024.js,multiple-choice,Zach discusses eclipses with Jada because--,4,5,0.82492423,1.1606850624084473,0:0.0250|1:0.0250|2:0.0250|3:0.0250|4:0.0250|5:0.8249|6:0.0250|7:0.0250
27,reading_grade6_practice_2024,reading-grade6-practice-2024.js,multiple-choice,"Based on information in the story, the reader understands that Zach--",6,1,0.37511343,2.026658535003662,0:0.0179|1:0.3751|2:0.1815|3:0.0179|4:0.0179|5:0.3540|6:0.0179|7:0.0179
28,reading_grade6_practice_2024,reading-grade6-practice-2024.js,multiple-choice,Which sentence best expresses a theme of the story?,5,2,0.85412425,1.0089473724365234,0:0.0208|1:0.0208|2:0.8541|3:0.0208|4:0.0208|5:0.0208|6:0.0208|7:0.0208
29,reading_grade6_practice_2024,reading-grade6-practice-2024.js,multiple-choice,Zach's character is important to the story because he--,4,5,0.42506844,1.848465919494629,0:0.0250|1:0.0250|2:0.4247|3:0.0250|4:0.0250|5:0.4251|6:0.0251|7:0.0250
1,reading_grade7_2015,reading-grade7-2015.js,multiple-choice,"In paragraph 4, the author includes the detail of Mrs. Parker sounding ""a little too patient"" to suggest that —",10,2,0.9203838,0.6243361830711365,0:0.0114|1:0.0114|2:0.9204|3:0.0114|4:0.0114|5:0.0114|6:0.0114|7:0.0114
2,reading_grade7_2015,reading-grade7-2015.js,multiple-choice,"Read this sentence from paragraph 7. ""They're fiction al , of course, but I want to name them after real places that nobody knows much about."" In which word does the suffix - al have the same meaning as it does in fiction al ?",16,4,0.94846976,0.43752527236938477,0:0.0074|1:0.0074|2:0.0074|3:0.0074|4:0.9485|5:0.0074|6:0.0074|7:0.0074
3,reading_grade7_2015,reading-grade7-2015.js,multiple-choice,Which word in paragraph 17 conveys Jared's embarrassment?,5,0,0.8540708,1.0092334747314453,0:0.8541|1:0.0208|2:0.0209|3:0.0208|4:0.0208|5:0.0208|6:0.0208|7:0.0208
4,reading_grade7_2015,reading-grade7-2015.js,multiple-choice,Complete this web.,2,1,0.7081824,1.6902931928634644,0:0.0417|1:0.7082|2:0.0417|3:0.0417|4:0.0417|5:0.0417|6:0.0417|7:0.0417
5,reading_grade7_2015,reading-grade7-2015.js,multiple-choice,"In this story, Jared's main conflict can be described as —",5,2,0.854044,1.0093772411346436,0:0.0209|1:0.0208|2:0.8540|3:0.0208|4:0.0208|5:0.0208|6:0.0209|7:0.0209
6,reading_grade7_2015,reading-grade7-2015.js,multiple-choice,"In a summary of this story, the most important detail to include is how Jared —",6,2,0.8749605,0.8947054147720337,0:0.0179|1:0.0179|2:0.8750|3:0.0179|4:0.0179|5:0.0179|6:0.0179|7:0.0179
7,reading_grade7_2015,reading-grade7-2015.js,multiple-choice,"By the end of the story, readers can best predict that Jared will —",6,2,0.8749477,0.8947776556015015,0:0.0179|1:0.0179|2:0.8749|3:0.0179|4:0.0179|5:0.0179|6:0.0179|7:0.0179
8,reading_grade7_2015,reading-grade7-2015.js,multiple-choice,Why does the author include paragraph 1?,3,5,0.7810734,1.372807264328003,0:0.0313|1:0.0313|2:0.0313|3:0.0313|4:0.0313|5:0.7811|6:0.0313|7:0.0313
9,reading_grade7_2015,reading-grade7-2015.js,multiple-choice,What does domesticated mean in paragraph 2?,3,3,0.7811273,1.3725571632385254,0:0.0313|1:0.0313|2:0.0313|3:0.7811|4:0.0313|5:0.0313|6:0.0313|7:0.0313
10,reading_grade7_2015,reading-grade7-2015.js,multiple-choice,"In paragraph 4, reverence means —",3,5,0.7809002,1.3736109733581543,0:0.0314|1:0.0313|2:0.0313|3:0.0313|4:0.0313|5:0.7809|6:0.0313|7:0.0313
11,reading_grade7_2015,reading-grade7-2015.js,multiple-choice,Read this sentence from paragraph 4. The Egyptians did not wish to harm the animals. Why does the author include this detail in the article?,11,5,0.92699206,0.5820091962814331,0:0.0104|1:0.0104|2:0.0104|3:0.0104|4:0.0104|5:0.9270|6:0.0104|7:0.0104
12,reading_grade7_2015,reading-grade7-2015.js,multiple-choice,Which statement best summarizes paragraph 5?,4,2,0.8248579,1.1610195636749268,0:0.0250|1:0.0250|2:0.8249|3:0.0250|4:0.0250|5:0.0250|6:0.0250|7:0.0250
13,reading_grade7_2015,reading-grade7-2015.js,multiple-choice,Which word from paragraph 7 best shows how Maus are viewed in Egypt today?,8,0,0.9027222,0.7333996891975403,0:0.9027|1:0.0139|2:0.0139|3:0.0139|4:0.0139|5:0.0139|6:0.0139|7:0.0139
14,reading_grade7_2015,reading-grade7-2015.js,multiple-choice,"According to the article, cats started gaining acceptance in Egypt when —",7,2,0.89043343,0.806199312210083,0:0.0157|1:0.0157|2:0.8904|3:0.0156|4:0.0156|5:0.0156|6:0.0156|7:0.0156
15,reading_grade7_2015,reading-grade7-2015.js,multiple-choice,What problem do Maus currently experience in Egypt?,5,7,0.8540884,1.0091394186019897,0:0.0209|1:0.0208|2:0.0208|3:0.0208|4:0.0208|5:0.0208|6:0.0208|7:0.8541
16,reading_grade7_2015,reading-grade7-2015.js,multiple-choice,Which paragraph from the article offers the most useful information for a report about how groups help animals?,9,1,0.9123646,0.6745508909225464,0:0.0125|1:0.9124|2:0.0125|3:0.0125|4:0.0125|5:0.0125|6:0.0125|7:0.0125
17,reading_grade7_2015,reading-grade7-2015.js,multiple-choice,Which idea from the article offers the best support for a presentation about the effect pets can have on owners?,9,0,0.9124228,0.6741905212402344,0:0.9124|1:0.0125|2:0.0125|3:0.0125|4:0.0125|5:0.0125|6:0.0125|7:0.0125
18,reading_grade7_2015,reading-grade7-2015.js,multiple-choice,The pine thinks the oak should be ashamed because the oak —,5,7,0.85414803,1.008819818496704,0:0.0208|1:0.0208|2:0.0208|3:0.0208|4:0.0208|5:0.0208|6:0.0208|7:0.8541
19,reading_grade7_2015,reading-grade7-2015.js,multiple-choice,"Based on the details in this poem, the oak tree and pine tree are most likely located —",9,3,0.5357224,1.4867161512374878,0:0.0125|1:0.0125|2:0.0125|3:0.5357|4:0.0125|5:0.0125|6:0.0125|7:0.3892
20,reading_grade7_2015,reading-grade7-2015.js,multiple-choice,Who is the narrator in this poem?,2,6,0.37498185,2.2078235149383545,0:0.0417|1:0.0417|2:0.0417|3:0.0417|4:0.0417|5:0.0417|6:0.3750|7:0.3749
21,reading_grade7_2015,reading-grade7-2015.js,multiple-choice,"Based on the end of the poem, what will most likely happen in the future?",6,1,0.8748867,0.8951199054718018,0:0.0179|1:0.8749|2:0.0179|3:0.0179|4:0.0179|5:0.0179|6:0.0179|7:0.0179
22,reading_grade7_2015,reading-grade7-2015.js,multiple-choice,The trees speaking to each other is an example of —,3,2,0.7811625,1.3723938465118408,0:0.0313|1:0.0313|2:0.7812|3:0.0313|4:0.0313|5:0.0313|6:0.0313|7:0.0313
23,reading_grade7_2015,reading-grade7-2015.js,multiple-choice,Which of these is a theme of this poem?,2,2,0.70800835,1.6910035610198975,0:0.0417|1:0.0417|2:0.7080|3:0.0417|4:0.0417|5:0.0417|6:0.0417|7:0.0419
24,reading_grade7_2015,reading-grade7-2015.js,multiple-choice,"The word sympathy comes from Greek roots that mean ""similar emotion."" Based on the Greek roots, which is the best example of sympathy ?",14,0,0.9416322,0.4847903549671173,0:0.9416|1:0.0083|2:0.0083|3:0.0083|4:0.0083|5:0.0083|6:0.0083|7:0.0083
25,reading_grade7_2015,reading-grade7-2015.js,multiple-choice,The author organizes the information in paragraph 3 by —,4,5,0.8248847,1.1608843803405762,0:0.0250|1:0.0250|2:0.0250|3:0.0250|4:0.0250|5:0.8249|6:0.0250|7:0.0250
26,reading_grade7_2015,reading-grade7-2015.js,multiple-choice,Read this sentence from paragraph 6. His influence is evident; many painters mimic his style and use of color and texture. Which word is a synonym for mimic ?,15,3,0.94528204,0.459722638130188,0:0.0078|1:0.0078|2:0.0078|3:0.9453|4:0.0078|5:0.0078|6:0.0078|7:0.0078
27,reading_grade7_2015,reading-grade7-2015.js,multiple-choice,Which of these does the author seem to admire most about van Gogh's paintings?,6,6,0.8749003,0.8950434923171997,0:0.0179|1:0.0179|2:0.0179|3:0.0179|4:0.0179|5:0.0179|6:0.8749|7:0.0179
28,reading_grade7_2015,reading-grade7-2015.js,multiple-choice,"Based on the article, van Gogh learned how to paint by —",6,6,0.87490684,0.8950068950653076,0:0.0179|1:0.0179|2:0.0179|3:0.0179|4:0.0179|5:0.0179|6:0.8749|7:0.0179
29,reading_grade7_2015,reading-grade7-2015.js,multiple-choice,The author includes a photograph of The Starry Night in order to —,6,3,0.8748894,0.8951048851013184,0:0.0179|1:0.0179|2:0.0179|3:0.8749|4:0.0179|5:0.0179|6:0.0179|7:0.0179
30,reading_grade7_2015,reading-grade7-2015.js,multiple-choice,Which word does the author use to show a contrast? Yet van Gogh today is considered one of the greatest artists of all time .,14,7,0.94162726,0.4848243296146393,0:0.0083|1:0.0083|2:0.0083|3:0.0083|4:0.0083|5:0.0083|6:0.0083|7:0.9416
31,reading_grade7_2015,reading-grade7-2015.js,multiple-choice,"Which paragraph would be most useful for writing a report titled ""A Detailed Look at van Gogh's Most Famous Works""?",12,7,0.93262154,0.545218825340271,0:0.0096|1:0.0096|2:0.0096|3:0.0096|4:0.0096|5:0.0096|6:0.0096|7:0.9326
32,reading_grade7_2015,reading-grade7-2015.js,multiple-choice,"The author's word choice in the section ""What's in your bag?"" is best described as —",7,0,0.62589055,1.5004823207855225,0:0.6259|1:0.0156|2:0.0157|3:0.0156|4:0.0156|5:0.0156|6:0.2802|7:0.0156
33,reading_grade7_2015,reading-grade7-2015.js,multiple-choice,"Which organizational pattern is used in the section ""Satisfaction guaranteed""?",6,7,0.87482,0.8954944014549255,0:0.0179|1:0.0179|2:0.0179|3:0.0179|4:0.0179|5:0.0179|6:0.0179|7:0.8748
34,reading_grade7_2015,reading-grade7-2015.js,multiple-choice,In which section of the flier will students learn when to pay for their purchase?,6,2,0.8749343,0.8948521018028259,0:0.0179|1:0.0179|2:0.8749|3:0.0179|4:0.0179|5:0.0179|6:0.0179|7:0.0179
35,reading_grade7_2015,reading-grade7-2015.js,multiple-choice,The author best explains the features of the merchandise by —,5,7,0.8540082,1.0095689296722412,0:0.0209|1:0.0209|2:0.0209|3:0.0208|4:0.0208|5:0.0209|6:0.0209|7:0.8540
36,reading_grade7_2015,reading-grade7-2015.js,multiple-choice,Students who want to order more than one bag would most likely —,7,4,0.8904712,0.8059793710708618,0:0.0156|1:0.0156|2:0.0156|3:0.0156|4:0.8905|5:0.0156|6:0.0157|7:0.0156
37,reading_grade7_2015,reading-grade7-2015.js,multiple-choice,Read this chart a student made about the bags. Which of these shows that the student misunderstood information about the bags?,10,1,0.9203816,0.6243507266044617,0:0.0114|1:0.9204|2:0.0114|3:0.0114|4:0.0114|5:0.0114|6:0.0114|7:0.0114
38,reading_grade7_2015,reading-grade7-2015.js,multiple-choice,"In paragraph 1, what does the word localities mean?",4,3,0.55920863,1.7858097553253174,0:0.0251|1:0.0250|2:0.0250|3:0.5592|4:0.0250|5:0.0250|6:0.0250|7:0.2907
39,reading_grade7_2015,reading-grade7-2015.js,multiple-choice,Which word is a synonym for provision in paragraph 4?,4,0,0.8248989,1.1608127355575562,0:0.8249|1:0.0250|2:0.0250|3:0.0250|4:0.0250|5:0.0250|6:0.0250|7:0.0250
40,reading_grade7_2015,reading-grade7-2015.js,multiple-choice,"In paragraph 8, the description of the students as a ""small group of budding photographers"" suggests they are —",8,7,0.9026879,0.733606219291687,0:0.0139|1:0.0139|2:0.0139|3:0.0139|4:0.0139|5:0.0139|6:0.0139|7:0.9027
41,reading_grade7_2015,reading-grade7-2015.js,multiple-choice,"In paragraph 8, the other students in Mr. James' classroom are confused because they —",5,4,0.85405236,1.0093324184417725,0:0.0209|1:0.0208|2:0.0209|3:0.0209|4:0.8541|5:0.0209|6:0.0208|7:0.0208
42,reading_grade7_2015,reading-grade7-2015.js,multiple-choice,"Read this sentence from paragraph 11. The students scrambled to take pictures and stared in amazement. The word ""scrambled"" suggests that the students were —",13,2,0.93744934,0.5130900144577026,0:0.0089|1:0.0089|2:0.9374|3:0.0089|4:0.0089|5:0.0089|6:0.0089|7:0.0089
43,reading_grade7_2015,reading-grade7-2015.js,multiple-choice,"Based on Helen's actions, which of these will most likely occur in the future?",6,1,0.8749359,0.894843339920044,0:0.0179|1:0.8749|2:0.0179|3:0.0179|4:0.0179|5:0.0179|6:0.0179|7:0.0179
44,reading_grade7_2015,reading-grade7-2015.js,multiple-choice,Helen is pleased that the club will go on a camping trip because the experience will —,6,0,0.87494504,0.8947925567626953,0:0.8749|1:0.0179|2:0.0179|3:0.0179|4:0.0179|5:0.0179|6:0.0179|7:0.0179
45,reading_grade7_2015,reading-grade7-2015.js,multiple-choice,Which detail about the bats should be included in a summary of the story?,5,2,0.8540582,1.0093015432357788,0:0.0209|1:0.0209|2:0.8541|3:0.0208|4:0.0208|5:0.0208|6:0.0209|7:0.0208
1,reading_grade7_practice_2024,reading-grade7-practice-2024.js,multiple-choice,"The name ""the osprey garden"" in paragraph 4 gives the reader the impression of--",7,1,0.8904649,0.8060159683227539,0:0.0157|1:0.8905|2:0.0156|3:0.0157|4:0.0156|5:0.0157|6:0.0156|7:0.0156
2,reading_grade7_practice_2024,reading-grade7-practice-2024.js,multiple-choice,Which sentence from the article contains a comparison?,4,1,0.82466054,1.1620150804519653,0:0.0250|1:0.8247|2:0.0251|3:0.0250|4:0.0250|5:0.0250|6:0.0250|7:0.0251
3,reading_grade7_practice_2024,reading-grade7-practice-2024.js,multiple-choice,Which detail about ospreys should be included in a summary of the article?,5,0,0.8540706,1.00923490524292,0:0.8541|1:0.0208|2:0.0209|3:0.0208|4:0.0208|5:0.0208|6:0.0208|7:0.0208
4,reading_grade7_practice_2024,reading-grade7-practice-2024.js,multiple-choice,Paragraph 19 contributes to the theme of the story by showing that--,5,0,0.4669512,1.739107370376587,0:0.4670|1:0.0208|2:0.4080|3:0.0208|4:0.0208|5:0.0208|6:0.0208|7:0.0208
5,reading_grade7_practice_2024,reading-grade7-practice-2024.js,multiple-choice,Which sentence from the story best communicates a sense of celebration?,6,6,0.8749056,0.895013689994812,0:0.0179|1:0.0179|2:0.0179|3:0.0179|4:0.0179|5:0.0179|6:0.8749|7:0.0179
6,reading_grade7_practice_2024,reading-grade7-practice-2024.js,multiple-choice,"In paragraph 3, the newspaper reporter writes about Keichline most likely because she--",6,5,0.87493795,0.8948319554328918,0:0.0179|1:0.0179|2:0.0179|3:0.0179|4:0.0179|5:0.8749|6:0.0179|7:0.0179
7,reading_grade7_practice_2024,reading-grade7-practice-2024.js,multiple-choice,"In paragraph 5, the word innovative means--",4,0,0.8249011,1.160801887512207,0:0.8249|1:0.0250|2:0.0250|3:0.0250|4:0.0250|5:0.0250|6:0.0250|7:0.0250
8,reading_grade7_practice_2024,reading-grade7-practice-2024.js,multiple-choice,"In paragraph 5, the information is organized by--",3,5,0.7810921,1.3727205991744995,0:0.0313|1:0.0313|2:0.0313|3:0.0313|4:0.0313|5:0.7811|6:0.0313|7:0.0313
9,reading_grade7_practice_2024,reading-grade7-practice-2024.js,multiple-choice,"""A Leader in Her Profession"" would be the best heading for which paragraph?",6,2,0.8748734,0.8951943516731262,0:0.0179|1:0.0179|2:0.8749|3:0.0179|4:0.0179|5:0.0179|6:0.0179|7:0.0179
10,reading_grade7_practice_2024,reading-grade7-practice-2024.js,multiple-choice,Read lines 21 and 22 from the poem. No canvas can compete with such a scene; No tube of paint can duplicate so true These lines show that the speaker believes--,14,7,0.9416537,0.4846435785293579,0:0.0083|1:0.0083|2:0.0083|3:0.0083|4:0.0083|5:0.0083|6:0.0083|7:0.9417
11,reading_grade7_practice_2024,reading-grade7-practice-2024.js,multiple-choice,"In line 31, the word comfort has a connotation of —",4,3,0.8249017,1.1607987880706787,0:0.0250|1:0.0250|2:0.0250|3:0.8249|4:0.0250|5:0.0250|6:0.0250|7:0.0250
12,reading_grade7_practice_2024,reading-grade7-practice-2024.js,multiple-choice,The speaker's word choice in the poem conveys a tone of--,6,0,0.5224812,1.6424505710601807,0:0.5225|1:0.0179|2:0.0179|3:0.0179|4:0.0179|5:0.0179|6:0.0179|7:0.3703
13,reading_grade7_practice_2024,reading-grade7-practice-2024.js,multiple-choice,"At the top of the article, the words ""Student Voices Column"" are in boldface type and placed between horizontal lines in order to--",12,5,0.93265015,0.545029878616333,0:0.0096|1:0.0096|2:0.0096|3:0.0096|4:0.0096|5:0.9327|6:0.0096|7:0.0096
14,reading_grade7_practice_2024,reading-grade7-practice-2024.js,multiple-choice,"In paragraph 1, the reader knows that the students--",4,4,0.46402872,1.843079924583435,0:0.0250|1:0.0250|2:0.0251|3:0.0250|4:0.4640|5:0.3858|6:0.0250|7:0.0250
15,reading_grade7_practice_2024,reading-grade7-practice-2024.js,multiple-choice,"In paragraph 3, the author puts ""old-fashioned"" in quotation marks to--",6,7,0.87488717,0.8951174020767212,0:0.0179|1:0.0179|2:0.0179|3:0.0179|4:0.0179|5:0.0179|6:0.0179|7:0.8749
16,reading_grade7_practice_2024,reading-grade7-practice-2024.js,multiple-choice,Which detail from paragraphs 3 and 4 emphasizes the author's positive viewpoint about menu items?,8,3,0.90270734,0.7334892749786377,0:0.0139|1:0.0139|2:0.0139|3:0.9027|4:0.0139|5:0.0139|6:0.0139|7:0.0139
17,reading_grade7_practice_2024,reading-grade7-practice-2024.js,multiple-choice,"Read this sentence from paragraph 4. Eighth-grader Jasmine Firestone says, ""The new tacos on Tuesdays are the best food in the world!"" Why does the author include this example of hyperbole?",17,2,0.9513555,0.4171736240386963,0:0.0069|1:0.0069|2:0.9514|3:0.0069|4:0.0069|5:0.0070|6:0.0069|7:0.0070
18,reading_grade7_practice_2024,reading-grade7-practice-2024.js,multiple-choice,Read these glossary entries for words that appear in paragraph 5. alert: Able to think and respond quickly. approach: Move closer to a person or object. designed: Created a drawing or sketch. surveyed: Carefully examined something to determine its value. Which entry gives the meaning of the word as it is used in paragraph 5?,32,5,0.9734453,0.25135672092437744,0:0.0038|1:0.0038|2:0.0038|3:0.0038|4:0.0038|5:0.9734|6:0.0038|7:0.0038
19,reading_grade7_practice_2024,reading-grade7-practice-2024.js,multiple-choice,What is the main idea of paragraph 5?,3,3,0.78107285,1.372809886932373,0:0.0313|1:0.0313|2:0.0313|3:0.7811|4:0.0313|5:0.0313|6:0.0313|7:0.0313
20,reading_grade7_practice_2024,reading-grade7-practice-2024.js,multiple-choice,"Based on paragraph 6, the main outcome of interviewing Marge LaRough was that the author--",8,0,0.90271264,0.7334585189819336,0:0.9027|1:0.0139|2:0.0139|3:0.0139|4:0.0139|5:0.0139|6:0.0139|7:0.0139
21,reading_grade7_practice_2024,reading-grade7-practice-2024.js,multiple-choice,"Based on the word choice in paragraph 7, what does the author most likely believe?",7,0,0.5179558,1.5843417644500732,0:0.5180|1:0.0156|2:0.0156|3:0.0156|4:0.0156|5:0.3882|6:0.0156|7:0.0156
22,reading_grade7_practice_2024,reading-grade7-practice-2024.js,multiple-choice,Which action by cafeteria staff suggests that student opinions are taken into consideration when making menu decisions?,11,2,0.92704904,0.5816401243209839,0:0.0104|1:0.0104|2:0.9270|3:0.0104|4:0.0104|5:0.0104|6:0.0104|7:0.0104
23,reading_grade7_practice_2024,reading-grade7-practice-2024.js,multiple-choice,"According to the article, cafeteria offerings were different before the 2012 rules in that they--",6,1,0.8749664,0.8946726322174072,0:0.0179|1:0.8750|2:0.0179|3:0.0179|4:0.0179|5:0.0179|6:0.0179|7:0.0179
24,reading_grade7_practice_2024,reading-grade7-practice-2024.js,multiple-choice,Which sentence is NOT supported by relevant evidence?,4,7,0.8249031,1.1607918739318848,0:0.0250|1:0.0250|2:0.0251|3:0.0250|4:0.0250|5:0.0250|6:0.0250|7:0.8249
25,reading_grade7_practice_2024,reading-grade7-practice-2024.js,multiple-choice,Which paragraph contains useful information for a presentation about how to make dishes healthier?,8,4,0.90263957,0.7338974475860596,0:0.0139|1:0.0139|2:0.0139|3:0.0139|4:0.9026|5:0.0139|6:0.0139|7:0.0139
26,reading_grade7_practice_2024,reading-grade7-practice-2024.js,multiple-choice,Which statement best expresses the author's viewpoint?,5,2,0.85405815,1.0093013048171997,0:0.0209|1:0.0208|2:0.8541|3:0.0209|4:0.0208|5:0.0209|6:0.0208|7:0.0208
27,reading_grade7_practice_2024,reading-grade7-practice-2024.js,multiple-choice,"The phrase ""My heart swelled"" in paragraph 1 conveys that the narrator is--",6,6,0.8749076,0.8950024843215942,0:0.0179|1:0.0179|2:0.0179|3:0.0179|4:0.0179|5:0.0179|6:0.8749|7:0.0179
28,reading_grade7_practice_2024,reading-grade7-practice-2024.js,multiple-choice,"In paragraph 5, the word consecutively comes from a Latin root that means--",7,0,0.89057785,0.8053573369979858,0:0.8906|1:0.0156|2:0.0156|3:0.0156|4:0.0156|5:0.0156|6:0.0156|7:0.0156
29,reading_grade7_practice_2024,reading-grade7-practice-2024.js,multiple-choice,Which word is a synonym for enhance in paragraph 19?,4,0,0.8249043,1.160786509513855,0:0.8249|1:0.0250|2:0.0250|3:0.0250|4:0.0250|5:0.0250|6:0.0250|7:0.0250
30,reading_grade7_practice_2024,reading-grade7-practice-2024.js,multiple-choice,How is figurative language used in the first stanza of the poem?,6,7,0.87485266,0.8953107595443726,0:0.0179|1:0.0179|2:0.0179|3:0.0179|4:0.0179|5:0.0179|6:0.0179|7:0.8749
31,reading_grade7_practice_2024,reading-grade7-practice-2024.js,multiple-choice,Lines 13-14 of the poem convey that the speaker's anger is--,5,7,0.67902374,1.538202166557312,0:0.0208|1:0.1960|2:0.0208|3:0.0208|4:0.0208|5:0.0208|6:0.0208|7:0.6790
32,reading_grade7_practice_2024,reading-grade7-practice-2024.js,multiple-choice,Lines 29-32 reveal that the speaker of the poem--,4,7,0.8249767,1.1604207754135132,0:0.0250|1:0.0250|2:0.0250|3:0.0250|4:0.0250|5:0.0250|6:0.0250|7:0.8250
33,reading_grade7_practice_2024,reading-grade7-practice-2024.js,multiple-choice,Which idea is developed in both the story and the poem?,4,2,0.8248672,1.1609727144241333,0:0.0250|1:0.0250|2:0.8249|3:0.0250|4:0.0250|5:0.0250|6:0.0250|7:0.0251
34,reading_grade7_practice_2024,reading-grade7-practice-2024.js,multiple-choice,The endings of the story and the poem both convey a tone of--,5,7,0.8540467,1.0093626976013184,0:0.0209|1:0.0208|2:0.0209|3:0.0208|4:0.0208|5:0.0208|6:0.0209|7:0.8540
35,reading_grade7_practice_2024,reading-grade7-practice-2024.js,multiple-choice,How do the narrator of the story and the speaker of the poem resolve their conflicts?,6,7,0.35220978,2.0738601684570312,0:0.0179|1:0.0179|2:0.0179|3:0.0179|4:0.3034|5:0.0179|6:0.2551|7:0.3522
36,reading_grade7_practice_2024,reading-grade7-practice-2024.js,multiple-choice,Which major theme do the story and the poem have in common?,5,2,0.8540925,1.009117603302002,0:0.0208|1:0.0208|2:0.8541|3:0.0208|4:0.0208|5:0.0209|6:0.0208|7:0.0209
1,reading_grade8_2015,reading-grade8-2015.js,multiple-choice,"In paragraph 2, the author's use of the words ""distinguish"" and ""like"" indicates that the information is organized by —",9,5,0.48952198,1.5014457702636719,0:0.0125|1:0.0125|2:0.0125|3:0.0125|4:0.0125|5:0.4895|6:0.0125|7:0.4354
2,reading_grade8_2015,reading-grade8-2015.js,multiple-select,"In this excerpt from paragraph 5, which three words are examples of onomatopoeia? Vocalizations include a chitter, which sounds much like the chattering of teeth; a bark, which is similar to that of a dog . . .",17,4,0.9513665,0.41709524393081665,0:0.0069|1:0.0069|2:0.0069|3:0.0069|4:0.9514|5:0.0069|6:0.0069|7:0.0069
3,reading_grade8_2015,reading-grade8-2015.js,multiple-choice,"Based on paragraph 8, the reader may best infer that the kinkajou —",7,0,0.8904201,0.8062771558761597,0:0.8904|1:0.0157|2:0.0157|3:0.0156|4:0.0156|5:0.0157|6:0.0157|7:0.0156
4,reading_grade8_2015,reading-grade8-2015.js,multiple-choice,"According to the article, which sense best helps a kinkajou locate another kinkajou's territory?",10,6,0.92038685,0.6243172287940979,0:0.0114|1:0.0114|2:0.0114|3:0.0114|4:0.0114|5:0.0114|6:0.9204|7:0.0114
5,reading_grade8_2015,reading-grade8-2015.js,multiple-choice,"According to the article, the kinkajou resembles a monkey because of its —",5,1,0.85410285,1.0090621709823608,0:0.0208|1:0.8541|2:0.0208|3:0.0208|4:0.0208|5:0.0208|6:0.0209|7:0.0208
6,reading_grade8_2015,reading-grade8-2015.js,multiple-choice,"After their first meeting, the narrator and the horse learn about each other when they —",5,6,0.85412025,1.0089688301086426,0:0.0208|1:0.0208|2:0.0208|3:0.0208|4:0.0208|5:0.0209|6:0.8541|7:0.0208
7,reading_grade8_2015,reading-grade8-2015.js,multiple-choice,Who is the narrator of this story?,2,6,0.7082004,1.6902194023132324,0:0.0417|1:0.0417|2:0.0418|3:0.0417|4:0.0417|5:0.0417|6:0.7082|7:0.0417
8,reading_grade8_2015,reading-grade8-2015.js,multiple-choice,Complete this analogy. Skilled is to expert as —,4,7,0.8247933,1.16134512424469,0:0.0250|1:0.0251|2:0.0250|3:0.0250|4:0.0250|5:0.0250|6:0.0250|7:0.8248
9,reading_grade8_2015,reading-grade8-2015.js,multiple-choice,"In paragraph 1, the author suggests that before the Internet, researching a given topic was —",7,2,0.8905207,0.8056910037994385,0:0.0156|1:0.0156|2:0.8905|3:0.0156|4:0.0156|5:0.0157|6:0.0156|7:0.0156
10,reading_grade8_2015,reading-grade8-2015.js,multiple-choice,Which meaning best fits the word daunting in paragraph 2?,6,0,0.8748449,0.8953543901443481,0:0.8748|1:0.0179|2:0.0179|3:0.0179|4:0.0179|5:0.0179|6:0.0179|7:0.0179
11,reading_grade8_2015,reading-grade8-2015.js,multiple-choice,The implied main idea of paragraph 2 is that reference books —,6,2,0.8748846,0.8951314687728882,0:0.0179|1:0.0179|2:0.8749|3:0.0179|4:0.0179|5:0.0179|6:0.0179|7:0.0179
12,reading_grade8_2015,reading-grade8-2015.js,multiple-choice,"According to paragraph 2, what major change occurred in the organization of early encyclopedias?",8,2,0.9027006,0.7335303425788879,0:0.0139|1:0.0139|2:0.9027|3:0.0139|4:0.0139|5:0.0139|6:0.0139|7:0.0139
13,reading_grade8_2015,reading-grade8-2015.js,multiple-choice,Read this sentence from paragraph 6. Wikipedia is making an effort to improve its accuracy by hiring an army of individuals to hunt down faulty information on its site. The language in this sentence creates a sense of —,19,5,0.95621663,0.38229256868362427,0:0.0063|1:0.0063|2:0.0063|3:0.0063|4:0.0063|5:0.9562|6:0.0063|7:0.0063
14,reading_grade8_2015,reading-grade8-2015.js,multiple-choice,Read this part of an outline based on the article. I. The first encyclopedias A. read from beginning to end B. prepared by a single author C. _______________ Which of these belongs on the blank line?,16,5,0.78254074,1.028011679649353,0:0.0074|1:0.1733|2:0.0074|3:0.0074|4:0.0074|5:0.7825|6:0.0074|7:0.0074
15,reading_grade8_2015,reading-grade8-2015.js,multiple-choice,Companies are adapting to the rapidly changing encyclopedia industry by —,6,4,0.8749909,0.8945351839065552,0:0.0179|1:0.0179|2:0.0179|3:0.0179|4:0.8750|5:0.0179|6:0.0179|7:0.0179
16,reading_grade8_2015,reading-grade8-2015.js,multiple-choice,What has Encyclopaedia Britannica done to improve the quality of its entries?,6,6,0.8749625,0.8946942687034607,0:0.0179|1:0.0179|2:0.0179|3:0.0179|4:0.0179|5:0.0179|6:0.8750|7:0.0179
17,reading_grade8_2015,reading-grade8-2015.js,multiple-choice,The main idea of the article is that people should —,4,0,0.8248828,1.1608939170837402,0:0.8249|1:0.0250|2:0.0250|3:0.0250|4:0.0250|5:0.0250|6:0.0250|7:0.0250
18,reading_grade8_2015,reading-grade8-2015.js,multiple-choice,Which is a negative connotation of the word prescribe ?,4,0,0.6167867,1.7183175086975098,0:0.6168|1:0.0250|2:0.2331|3:0.0250|4:0.0250|5:0.0250|6:0.0250|7:0.0250
19,reading_grade8_2015,reading-grade8-2015.js,multiple-choice,"Read this dictionary entry. cor·rode (kə-rōd´) v. 1. Destroy or damage metal, stone, or other materials slowly by chemical action. 2. Be destroyed or damaged in this way. 3. Destroy or weaken gradually. [Latin cor- (expressing intensive force) + rodere 'gnaw.'] The word corrode contains a root that means —",31,2,0.97263145,0.25785183906555176,0:0.0039|1:0.0039|2:0.9726|3:0.0039|4:0.0039|5:0.0039|6:0.0039|7:0.0039
20,reading_grade8_2015,reading-grade8-2015.js,multiple-choice,Which information should be included in a summary of paragraph 2?,4,0,0.82477695,1.1614279747009277,0:0.8248|1:0.0251|2:0.0250|3:0.0250|4:0.0250|5:0.0251|6:0.0250|7:0.0250
21,reading_grade8_2015,reading-grade8-2015.js,multiple-choice,What is the main idea of paragraph 3?,3,3,0.781073,1.3728091716766357,0:0.0313|1:0.0313|2:0.0313|3:0.7811|4:0.0313|5:0.0313|6:0.0313|7:0.0313
22,reading_grade8_2015,reading-grade8-2015.js,multiple-choice,Which event most effectively changes Annie's mind about leaving England?,7,0,0.8905819,0.8053340911865234,0:0.8906|1:0.0156|2:0.0156|3:0.0156|4:0.0156|5:0.0156|6:0.0156|7:0.0156
23,reading_grade8_2015,reading-grade8-2015.js,multiple-choice,What makes Annie aware that other passengers are feeling ill?,6,4,0.87497294,0.8946359157562256,0:0.0179|1:0.0179|2:0.0179|3:0.0179|4:0.8750|5:0.0179|6:0.0179|7:0.0179
24,reading_grade8_2015,reading-grade8-2015.js,drag-drop,Which two characters influenced Annie's comfort during the voyage?,6,5,0.8749459,0.8947876691818237,0:0.0179|1:0.0179|2:0.0179|3:0.0179|4:0.0179|5:0.8749|6:0.0179|7:0.0179
25,reading_grade8_2015,reading-grade8-2015.js,multiple-choice,Which event is presented as the climax of the trip?,4,2,0.824959,1.1605103015899658,0:0.0250|1:0.0250|2:0.8250|3:0.0250|4:0.0250|5:0.0250|6:0.0250|7:0.0250
26,reading_grade8_2015,reading-grade8-2015.js,multiple-choice,"Based on the ""Register for a Summer of Stories"" and ""Cast Your Vote"" sections, an important goal for the library is —",10,1,0.920411,0.6241636276245117,0:0.0114|1:0.9204|2:0.0114|3:0.0114|4:0.0114|5:0.0114|6:0.0114|7:0.0114
27,reading_grade8_2015,reading-grade8-2015.js,multiple-choice,"Which information should be included in a summary of the ""Cast Your Vote"" section?",6,1,0.8748752,0.8951848149299622,0:0.0179|1:0.8749|2:0.0179|3:0.0179|4:0.0179|5:0.0179|6:0.0179|7:0.0179
28,reading_grade8_2015,reading-grade8-2015.js,multiple-choice,"According to the flier, what must a teen do to receive prizes?",6,4,0.8748779,0.8951692581176758,0:0.0179|1:0.0179|2:0.0179|3:0.0179|4:0.8749|5:0.0179|6:0.0179|7:0.0179
29,reading_grade8_2015,reading-grade8-2015.js,multiple-choice,Which is the most likely reason poets are asked to register for the Poetry Session?,7,6,0.8905305,0.8056331872940063,0:0.0156|1:0.0156|2:0.0156|3:0.0156|4:0.0156|5:0.0156|6:0.8905|7:0.0156
30,reading_grade8_2015,reading-grade8-2015.js,multiple-choice,Which part of the flier would be most useful for students doing research for a paper?,7,2,0.8905665,0.8054234981536865,0:0.0156|1:0.0156|2:0.8906|3:0.0156|4:0.0156|5:0.0156|6:0.0156|7:0.0156
31,reading_grade8_2015,reading-grade8-2015.js,multiple-select,Which three are rules or requirements for using the computers?,5,4,0.85411036,1.0090217590332031,0:0.0208|1:0.0208|2:0.0208|3:0.0208|4:0.8541|5:0.0209|6:0.0208|7:0.0208
32,reading_grade8_2015,reading-grade8-2015.js,multiple-choice,The author structured the flier to suggest that the library —,5,2,0.85404253,1.0093848705291748,0:0.0209|1:0.0209|2:0.8540|3:0.0208|4:0.0209|5:0.0209|6:0.0208|7:0.0208
33,reading_grade8_2015,reading-grade8-2015.js,multiple-choice,Readers who want to become professional writers would be most interested in knowing that the library —,9,0,0.9124547,0.6739931106567383,0:0.9125|1:0.0125|2:0.0125|3:0.0125|4:0.0125|5:0.0125|6:0.0125|7:0.0125
34,reading_grade8_2015,reading-grade8-2015.js,multiple-choice,What does humility mean in paragraph 2?,3,0,0.78111595,1.3726098537445068,0:0.7811|1:0.0313|2:0.0313|3:0.0313|4:0.0313|5:0.0313|6:0.0313|7:0.0313
35,reading_grade8_2015,reading-grade8-2015.js,multiple-choice,Cody's description of himself in paragraph 2 suggests that he is —,4,2,0.5022587,1.8277249336242676,0:0.0250|1:0.0250|2:0.5023|3:0.0250|4:0.0250|5:0.0250|6:0.0250|7:0.3476
36,reading_grade8_2015,reading-grade8-2015.js,multiple-choice,What does tranquil mean in paragraph 4?,3,3,0.78112847,1.3725519180297852,0:0.0313|1:0.0313|2:0.0313|3:0.7811|4:0.0313|5:0.0313|6:0.0313|7:0.0313
37,reading_grade8_2015,reading-grade8-2015.js,multiple-choice,"Read this sentence from paragraph 7. Then, suddenly, a blurry patch of dense black crosses the trail some distance ahead of me. What may the reader best infer from Cody's statement?",18,2,0.95392174,0.3988564610481262,0:0.0066|1:0.0066|2:0.9539|3:0.0066|4:0.0066|5:0.0066|6:0.0066|7:0.0066
38,reading_grade8_2015,reading-grade8-2015.js,multiple-choice,The author establishes the setting in paragraph 7 through the use of —,5,3,0.8540581,1.009302020072937,0:0.0209|1:0.0208|2:0.0208|3:0.8541|4:0.0208|5:0.0209|6:0.0208|7:0.0208
39,reading_grade8_2015,reading-grade8-2015.js,multiple-choice,"Read this sentence from paragraph 11. The sun is just starting to burn the dew from the grass, and each green blade, coated with tiny, reflective droplets, is a glittering emerald. The purpose of the metaphor in this sentence is to suggest the —",20,2,0.9583137,0.3669997453689575,0:0.0060|1:0.0060|2:0.9583|3:0.0060|4:0.0060|5:0.0060|6:0.0060|7:0.0060
40,reading_grade8_2015,reading-grade8-2015.js,multiple-choice,Cody decides to find his way back out of the park by —,6,5,0.87491566,0.8949572443962097,0:0.0179|1:0.0179|2:0.0179|3:0.0179|4:0.0179|5:0.8749|6:0.0179|7:0.0179
41,reading_grade8_2015,reading-grade8-2015.js,multiple-choice,Which sentence best describes the theme of the story?,5,2,0.6240997,1.6233940124511719,0:0.0209|1:0.0208|2:0.6241|3:0.0208|4:0.0209|5:0.0208|6:0.2508|7:0.0209
1,reading_grade8_practice_2024,reading-grade8-practice-2024.js,multiple-choice,"Read this dictionary entry. dis•tinct (dĭ-stĭngkt´) adj. 1. Not identical; separate. 2. Easily recognized; clear. 3. Obviously defined; unquestionable. [Lat. dīstīnctus , p. part. of distinguish] In paragraph 1 of the article, distinct comes from a word that means--",24,0,0.96498203,0.31727099418640137,0:0.9650|1:0.0050|2:0.0050|3:0.0050|4:0.0050|5:0.0050|6:0.0050|7:0.0050
2,reading_grade8_practice_2024,reading-grade8-practice-2024.js,multiple-choice,"Based on the article, the reader can determine that hummingbirds —",5,5,0.8540785,1.0091924667358398,0:0.0209|1:0.0209|2:0.0208|3:0.0208|4:0.0208|5:0.8541|6:0.0208|7:0.0208
3,reading_grade8_practice_2024,reading-grade8-practice-2024.js,multiple-choice,"In the poem, the hummingbird's nest is a symbol of--",4,0,0.6292778,1.7001402378082275,0:0.6293|1:0.0250|2:0.0250|3:0.0250|4:0.0250|5:0.0250|6:0.0250|7:0.2206
4,reading_grade8_practice_2024,reading-grade8-practice-2024.js,multiple-choice,Both the poem and the article address the theme of--,4,2,0.4450253,1.8472042083740234,0:0.4047|1:0.0251|2:0.4450|3:0.0250|4:0.0250|5:0.0250|6:0.0250|7:0.0251
5,reading_grade8_practice_2024,reading-grade8-practice-2024.js,multiple-choice,"In paragraph 7, Mrs. Ellis wishes Keisha good luck most likely because she thinks Keisha--",10,0,0.92040694,0.6241899132728577,0:0.9204|1:0.0114|2:0.0114|3:0.0114|4:0.0114|5:0.0114|6:0.0114|7:0.0114
6,reading_grade8_practice_2024,reading-grade8-practice-2024.js,multiple-choice,The purpose of the figurative language in paragraph 8 is to foreshadow--,5,7,0.5900497,1.6635768413543701,0:0.0208|1:0.0208|2:0.0209|3:0.0208|4:0.0208|5:0.2849|6:0.0208|7:0.5900
7,reading_grade8_practice_2024,reading-grade8-practice-2024.js,multiple-choice,Read this sentence from paragraph 9. Keisha started to stumble over her words as Mrs. Watson continued to stare at her with an almost belligerent gaze. What is the meaning of the word belligerent ?,17,3,0.95134425,0.4172523021697998,0:0.0070|1:0.0069|2:0.0069|3:0.9513|4:0.0070|5:0.0070|6:0.0069|7:0.0069
8,reading_grade8_practice_2024,reading-grade8-practice-2024.js,multiple-choice,"In paragraphs 8 and 9, the author's tone can best be described as--",5,0,0.8540068,1.0095765590667725,0:0.8540|1:0.0208|2:0.0209|3:0.0209|4:0.0208|5:0.0208|6:0.0209|7:0.0209
9,reading_grade8_practice_2024,reading-grade8-practice-2024.js,multiple-choice,Which event is part of the resolution of the story?,4,2,0.82487863,1.1609152555465698,0:0.0250|1:0.0250|2:0.8249|3:0.0250|4:0.0250|5:0.0250|6:0.0250|7:0.0250
10,reading_grade8_practice_2024,reading-grade8-practice-2024.js,multiple-choice,"Read this thesaurus entry. evolve v. — adapt, develop, increase, mature. Which word best replaces evolve as it is used in paragraph 1?",14,7,0.9416061,0.4849682152271271,0:0.0084|1:0.0083|2:0.0083|3:0.0083|4:0.0083|5:0.0083|6:0.0083|7:0.9416
11,reading_grade8_practice_2024,reading-grade8-practice-2024.js,multiple-choice,"Based on paragraph 4, what can the reader determine?",4,5,0.8248858,1.160879135131836,0:0.0250|1:0.0250|2:0.0250|3:0.0250|4:0.0250|5:0.8249|6:0.0250|7:0.0250
12,reading_grade8_practice_2024,reading-grade8-practice-2024.js,multiple-choice,"The organization of the ideas in ""Literature and Art Abound"" supports the author's purpose by--",8,0,0.9026586,0.7337819933891296,0:0.9027|1:0.0139|2:0.0139|3:0.0139|4:0.0139|5:0.0140|6:0.0139|7:0.0139
13,reading_grade8_practice_2024,reading-grade8-practice-2024.js,multiple-choice,"Which sentence from ""A Beginning, Not an End"" best represents the main idea of the section?",8,2,0.90270436,0.7335076332092285,0:0.0139|1:0.0139|2:0.9027|3:0.0139|4:0.0139|5:0.0139|6:0.0139|7:0.0139
14,reading_grade8_practice_2024,reading-grade8-practice-2024.js,multiple-choice,Which detail best supports the idea that Harlem was a center of growth for jazz music in America?,10,7,0.9203738,0.6243997812271118,0:0.0114|1:0.0114|2:0.0114|3:0.0114|4:0.0114|5:0.0114|6:0.0114|7:0.9204
15,reading_grade8_practice_2024,reading-grade8-practice-2024.js,multiple-choice,The details in paragraph 2 are mostly about —,3,3,0.47474232,1.977102279663086,0:0.0313|1:0.0313|2:0.0313|3:0.4747|4:0.3376|5:0.0313|6:0.0313|7:0.0313
16,reading_grade8_practice_2024,reading-grade8-practice-2024.js,multiple-choice,"Read this sentence from paragraph 4. In fact, more than 4,000 species of fish and marine life may populate a typical coral community. In this sentence, populate means--",16,7,0.94848233,0.43743741512298584,0:0.0074|1:0.0074|2:0.0074|3:0.0074|4:0.0074|5:0.0074|6:0.0074|7:0.9485
17,reading_grade8_practice_2024,reading-grade8-practice-2024.js,multiple-choice,The organization of ideas in paragraph 6 supports the author's message by--,6,0,0.8748506,0.8953219652175903,0:0.8749|1:0.0179|2:0.0179|3:0.0180|4:0.0179|5:0.0179|6:0.0179|7:0.0179
18,reading_grade8_practice_2024,reading-grade8-practice-2024.js,multiple-choice,"The use of the word ""however"" indicates that paragraph 7 is organized by--",6,3,0.87491125,0.894982099533081,0:0.0179|1:0.0179|2:0.0179|3:0.8749|4:0.0179|5:0.0179|6:0.0179|7:0.0179
19,reading_grade8_practice_2024,reading-grade8-practice-2024.js,multiple-choice,"The word co exist in paragraph 7 has the prefix co -, which means--",5,3,0.8540896,1.009132742881775,0:0.0209|1:0.0208|2:0.0208|3:0.8541|4:0.0208|5:0.0208|6:0.0208|7:0.0208
20,reading_grade8_practice_2024,reading-grade8-practice-2024.js,multiple-choice,Which information best demonstrates that coral reefs are important to marine life?,8,4,0.90260595,0.7340997457504272,0:0.0139|1:0.0139|2:0.0139|3:0.0139|4:0.9026|5:0.0139|6:0.0139|7:0.0139
21,reading_grade8_practice_2024,reading-grade8-practice-2024.js,multiple-choice,Which information from the article explains the cooperative relationship between algae and reef-dwelling coral?,8,1,0.90273476,0.7333241701126099,0:0.0139|1:0.9027|2:0.0139|3:0.0139|4:0.0139|5:0.0139|6:0.0139|7:0.0139
22,reading_grade8_practice_2024,reading-grade8-practice-2024.js,multiple-choice,Why are coral reefs ideal for the growth of algae?,5,5,0.8541017,1.0090680122375488,0:0.0208|1:0.0209|2:0.0208|3:0.0208|4:0.0209|5:0.8541|6:0.0208|7:0.0208
23,reading_grade8_practice_2024,reading-grade8-practice-2024.js,multiple-choice,How do warming ocean temperatures affect coral?,5,5,0.854107,1.0090398788452148,0:0.0208|1:0.0209|2:0.0208|3:0.0208|4:0.0208|5:0.8541|6:0.0208|7:0.0209
24,reading_grade8_practice_2024,reading-grade8-practice-2024.js,multiple-choice,"Based on the article, the reader can determine that--",4,5,0.82486963,1.1609605550765991,0:0.0250|1:0.0250|2:0.0250|3:0.0250|4:0.0250|5:0.8249|6:0.0250|7:0.0250
25,reading_grade8_practice_2024,reading-grade8-practice-2024.js,multiple-choice,"Based on the article, the author most likely wants the reader to agree that--",7,5,0.73680717,1.321452021598816,0:0.0156|1:0.0157|2:0.0156|3:0.0156|4:0.0156|5:0.7368|6:0.0156|7:0.1693
26,reading_grade8_practice_2024,reading-grade8-practice-2024.js,multiple-choice,"By describing the ocean's habitat as ""delicate,"" the author intends to--",6,7,0.87492305,0.8949158191680908,0:0.0179|1:0.0179|2:0.0179|3:0.0179|4:0.0179|5:0.0179|6:0.0179|7:0.8749
27,reading_grade8_practice_2024,reading-grade8-practice-2024.js,multiple-choice,Which information should be included in a summary of this article?,4,0,0.82480735,1.1612746715545654,0:0.8248|1:0.0251|2:0.0250|3:0.0250|4:0.0250|5:0.0250|6:0.0250|7:0.0250
28,reading_grade8_practice_2024,reading-grade8-practice-2024.js,multiple-choice,Which type of literary device does the author use in paragraphs 6-12?,6,3,0.6472094,1.5261293649673462,0:0.0179|1:0.0179|2:0.0179|3:0.6472|4:0.0179|5:0.2456|6:0.0179|7:0.0179
29,reading_grade8_practice_2024,reading-grade8-practice-2024.js,multiple-choice,"In paragraph 8, the word preliminary means--",4,0,0.82490385,1.1607879400253296,0:0.8249|1:0.0250|2:0.0250|3:0.0250|4:0.0250|5:0.0250|6:0.0250|7:0.0250
30,reading_grade8_practice_2024,reading-grade8-practice-2024.js,multiple-choice,"Read this sentence from paragraph 15. The bird had a gray head the color of soot, and its eyes, two onyx stones, were surrounded with black, as if rimmed in eye makeup. The purpose of the figurative language in this sentence is to--",21,2,0.9601977,0.3531244099140167,0:0.0057|1:0.0057|2:0.9602|3:0.0057|4:0.0057|5:0.0057|6:0.0057|7:0.0057
31,reading_grade8_practice_2024,reading-grade8-practice-2024.js,multiple-choice,Which word is the best antonym for arduous in paragraph 18?,5,0,0.5901709,1.6634817123413086,0:0.5902|1:0.0208|2:0.2847|3:0.0209|4:0.0208|5:0.0208|6:0.0208|7:0.0208
32,reading_grade8_practice_2024,reading-grade8-practice-2024.js,multiple-choice,Paragraph 18 suggests that Joanna--,3,2,0.7810314,1.373002290725708,0:0.0313|1:0.0313|2:0.7810|3:0.0313|4:0.0313|5:0.0313|6:0.0313|7:0.0313
33,reading_grade8_practice_2024,reading-grade8-practice-2024.js,multiple-choice,"In paragraph 25, what is Dan's most logical reason for moving away from the waterfall?",7,4,0.89055365,0.8054983615875244,0:0.0156|1:0.0156|2:0.0156|3:0.0156|4:0.8906|5:0.0156|6:0.0156|7:0.0156
34,reading_grade8_practice_2024,reading-grade8-practice-2024.js,multiple-choice,The simile in paragraph 30 emphasizes that--,3,3,0.7811294,1.3725473880767822,0:0.0313|1:0.0313|2:0.0313|3:0.7811|4:0.0313|5:0.0313|6:0.0313|7:0.0313
35,reading_grade8_practice_2024,reading-grade8-practice-2024.js,multiple-choice,Joanna presumes the bird is in distress because it--,4,0,0.8249184,1.160714864730835,0:0.8249|1:0.0250|2:0.0250|3:0.0250|4:0.0250|5:0.0250|6:0.0250|7:0.0250
36,reading_grade8_practice_2024,reading-grade8-practice-2024.js,multiple-choice,"In the story, Joanna is--",2,2,0.7082756,1.6899120807647705,0:0.0417|1:0.0417|2:0.7083|3:0.0417|4:0.0417|5:0.0417|6:0.0417|7:0.0417
37,reading_grade8_practice_2024,reading-grade8-practice-2024.js,multiple-choice,"The repetition of "" Plik-plik-plik-plik! "" creates a feeling of--",3,6,0.7811874,1.3722779750823975,0:0.0313|1:0.0313|2:0.0313|3:0.0313|4:0.0313|5:0.0313|6:0.7812|7:0.0313
38,reading_grade8_practice_2024,reading-grade8-practice-2024.js,multiple-choice,The point of view used in the story best helps the reader understand--,8,2,0.90271074,0.7334682941436768,0:0.0139|1:0.0139|2:0.9027|3:0.0139|4:0.0139|5:0.0139|6:0.0139|7:0.0139
39,reading_grade8_practice_2024,reading-grade8-practice-2024.js,multiple-choice,A theme of the story is that--,2,2,0.7083041,1.689795732498169,0:0.0417|1:0.0417|2:0.7083|3:0.0417|4:0.0417|5:0.0417|6:0.0417|7:0.0417
