qid,test_id,source_file,type,question_text,dominant_topic,dominant_topic_probability,topic_entropy_bits,topic_distribution
1,reading_endofcourse_2015,reading-endofcourse-2015.js,multiple-choice,"In paragraph 1, the words ""rumbled,"" ""buzzed,"" and ""exploded"" evoke images of-",2,0.22279975089520554,2.9470670110423796,0:0.1138|1:0.1104|2:0.2228|3:0.1106|4:0.1104|5:0.1109|6:0.1104|7:0.1106
2,reading_endofcourse_2015,reading-endofcourse-2015.js,multiple-choice,The details in paragraph 2 support the idea that Benjamin is -,3,0.29650412214658467,2.8518870980967987,0:0.1001|1:0.0999|2:0.1029|3:0.2965|4:0.0999|5:0.1003|6:0.1003|7:0.1001
3,reading_endofcourse_2015,reading-endofcourse-2015.js,multiple-choice,Read this sentence from paragraph 4. He swung wide around an anonymous heap of metal being swallowed by a greedy mound of blackberry brambles and came to an abrupt halt. The sentence contains an example of--,7,0.36968461095187205,2.7199450068942745,0:0.0900|1:0.0899|2:0.0907|3:0.0900|4:0.0899|5:0.0900|6:0.0899|7:0.3697
4,reading_endofcourse_2015,reading-endofcourse-2015.js,multiple-select,"In this excerpt from paragraph 7, select the words that best reveal Benjamin's attempt to gain the artist's trust. Craning his head to the side to get another peek at it, he answered politely enough, ""My name's Benjamin, and I live up on Hendricks Avenue,"" waving his hand vaguely at the steep hill behind him. ... Then Benjamin blushed and apologized.",0,0.17992874648384774,2.9784940366975032,0:0.1799|1:0.1096|2:0.1358|3:0.1241|4:0.1096|5:0.1108|6:0.1200|7:0.1101
5,reading_endofcourse_2015,reading-endofcourse-2015.js,multiple-choice,Which situation in the selection is an example of irony?,0,0.16350803883192397,2.986383068399252,0:0.1635|1:0.1121|2:0.1121|3:0.1165|4:0.1121|5:0.1322|6:0.1121|7:0.1393
6,reading_endofcourse_2015,reading-endofcourse-2015.js,multiple-choice,"According to paragraph 3, the main difference between Super Stadiums and regular stadiums is that Super Stadiums -",3,0.30836378381716806,2.819484047683268,0:0.0914|1:0.0912|2:0.0942|3:0.3084|4:0.1406|5:0.0916|6:0.0912|7:0.0914
7,reading_endofcourse_2015,reading-endofcourse-2015.js,multiple-choice,"In paragraph 6, which word best describes the author's attitude about Super Stadium projects?",0,0.1967817534823216,2.873489087856169,0:0.1968|1:0.0836|2:0.1888|3:0.0836|4:0.0836|5:0.1964|6:0.0836|7:0.0836
8,reading_endofcourse_2015,reading-endofcourse-2015.js,multiple-choice,"According to paragraph 7, in the future, sports fans will-",2,0.17986944029651128,2.965974466575455,0:0.1066|1:0.1063|2:0.1799|3:0.1222|4:0.1650|5:0.1070|6:0.1063|7:0.1066
9,reading_endofcourse_2015,reading-endofcourse-2015.js,multiple-choice,Which sentence from this selection would be most difficult to verify as a fact?,7,0.21931082641857583,2.9202568107336013,0:0.1774|1:0.0963|2:0.0963|3:0.1125|4:0.0963|5:0.1056|6:0.0963|7:0.2193
10,reading_endofcourse_2015,reading-endofcourse-2015.js,multiple-choice,"Based on the selection, the reader may best infer that new building materials -",0,0.23827211465999304,2.855363591087169,0:0.2383|1:0.0899|2:0.0890|3:0.0908|4:0.2181|5:0.0915|6:0.0935|7:0.0890
11,reading_endofcourse_2015,reading-endofcourse-2015.js,multiple-choice,Which information about the selection would be best to include in a report about the popularity of spectator sports?,0,0.28208635671616394,2.857263806690605,0:0.2821|1:0.0934|2:0.0934|3:0.1017|4:0.0934|5:0.1492|6:0.0934|7:0.0934
12,reading_endofcourse_2015,reading-endofcourse-2015.js,multiple-choice,The purpose of this selection is to--,5,0.16312248595951853,2.9830066311066323,0:0.1536|1:0.1102|2:0.1115|3:0.1207|4:0.1102|5:0.1631|6:0.1136|7:0.1171
13,reading_endofcourse_2015,reading-endofcourse-2015.js,multiple-choice,The purpose of the first paragraph is to -,2,0.18770789995891587,2.972763157310947,0:0.1054|1:0.1101|2:0.1877|3:0.1091|4:0.1189|5:0.1376|6:0.1200|7:0.1112
14,reading_endofcourse_2015,reading-endofcourse-2015.js,multiple-choice,Which question is answered in paragraph 3?,2,0.20579696325010363,2.9418678113516723,0:0.1040|1:0.1042|2:0.2058|3:0.1040|4:0.1038|5:0.1042|6:0.1700|7:0.1040
15,reading_endofcourse_2015,reading-endofcourse-2015.js,multiple-choice,Paragraph 4 suggests that Osamu Tezuka -,2,0.24126618196612784,2.9271189152051504,0:0.1079|1:0.1078|2:0.2413|3:0.1080|4:0.1078|5:0.1082|6:0.1111|7:0.1080
16,reading_endofcourse_2015,reading-endofcourse-2015.js,multiple-choice,"Read this sentence from paragraph 5. While Tezuka's manga may stand on the same library shelves as American superhero comic books, Tezuka's manga are to most traditional American comic books what Shakespeare's plays are to soap operas on American television: a similar art form, but with much richer content. The purpose of the analogy in this sentence is to-",7,0.33824684579367414,2.7800298091387967,0:0.0995|1:0.0905|2:0.0915|3:0.0918|4:0.0977|5:0.1002|6:0.0905|7:0.3382
17,reading_endofcourse_2015,reading-endofcourse-2015.js,multiple-choice,The author mainly develops the topic of this selection by -,5,0.2698321883395679,2.887443970802992,0:0.1260|1:0.1001|2:0.1001|3:0.1018|4:0.1019|5:0.2698|6:0.1001|7:0.1001
18,reading_endofcourse_2015,reading-endofcourse-2015.js,multiple-choice,Which information from the selection supports the thesis that manga has become increasingly popular over time?,5,0.1567673912190161,2.9821832499704377,0:0.1551|1:0.1083|2:0.1083|3:0.1356|4:0.1195|5:0.1568|6:0.1083|7:0.1083
19,reading_endofcourse_2015,reading-endofcourse-2015.js,multiple-choice,"In paragraph 2, the author uses dialogue to -",5,0.33962599567415974,2.7783553798212504,0:0.0940|1:0.0940|2:0.0947|3:0.0946|4:0.0940|5:0.3396|6:0.0940|7:0.0951
20,reading_endofcourse_2015,reading-endofcourse-2015.js,multiple-choice,"Read this sentence from paragraph 3. I watched her play with the top button of her coat and thought about the man I was about to meet, my father, whose face I knew only from a small black-and-white photograph. This sentence conveys Su-Jen's feelings of -",7,0.4158389895879078,2.6194091430918736,0:0.0834|1:0.0833|2:0.0840|3:0.0834|4:0.0833|5:0.0834|6:0.0833|7:0.4158
21,reading_endofcourse_2015,reading-endofcourse-2015.js,multiple-choice,"In paragraph 3, pensive means -",2,0.3072252676794034,2.8348067029167554,0:0.0989|1:0.0989|2:0.3072|3:0.0995|4:0.0989|5:0.0989|6:0.0989|7:0.0989
22,reading_endofcourse_2015,reading-endofcourse-2015.js,multiple-choice,"Read this sentence from paragraph 5. He stopped as he drew near, huffing out of breath. This sentence contains an example of--",7,0.36968461095187205,2.7199450068942745,0:0.0900|1:0.0899|2:0.0907|3:0.0900|4:0.0899|5:0.0900|6:0.0899|7:0.3697
23,reading_endofcourse_2015,reading-endofcourse-2015.js,multiple-choice,The character of Su-Jen is mainly revealed through her--,5,0.14022351848644835,2.9975668177927606,0:0.1208|1:0.1208|2:0.1210|3:0.1208|4:0.1348|5:0.1402|6:0.1208|7:0.1208
24,reading_endofcourse_2015,reading-endofcourse-2015.js,multiple-choice,"Based on the selection, Su-Jen's father may best be described as--",0,0.25633246327259734,2.874630338765096,0:0.2563|1:0.0928|2:0.0928|3:0.0949|4:0.1770|5:0.0959|6:0.0974|7:0.0928
25,reading_endofcourse_2015,reading-endofcourse-2015.js,multiple-choice,Later chapters of this selection would most likely describe--,3,0.24654468659478468,2.884725941771035,0:0.1801|1:0.0935|2:0.0935|3:0.2465|4:0.0935|5:0.1057|6:0.0935|7:0.0935
26,reading_endofcourse_2015,reading-endofcourse-2015.js,multiple-choice,"Which word carries a negative connotation in this sentence? Patrick's mother is assuming that when her son refrains from fraternizing so much, he will become more accomplished.",7,0.23632551612347413,2.8895931496956493,0:0.0956|1:0.0956|2:0.1903|3:0.0956|4:0.0956|5:0.0956|6:0.0956|7:0.2363
27,reading_endofcourse_2015,reading-endofcourse-2015.js,multiple-choice,"Read this sentence. Ryan was meticulous with his writing assignments, so the papers he turned in for English class received the highest grades for grammar because they never contained mistakes. As used in this sentence, the word meticulous means--",7,0.293540128229382,2.7861322621745908,0:0.0839|1:0.0839|2:0.2029|3:0.0839|4:0.0839|5:0.0839|6:0.0839|7:0.2935
28,reading_endofcourse_2015,reading-endofcourse-2015.js,multiple-choice,Which fact from a magazine article would be best to include in a report about the literary career of William Faulkner?,0,0.23377600084511446,2.894310140647339,0:0.2338|1:0.0906|2:0.0906|3:0.0974|4:0.1864|5:0.1109|6:0.0906|7:0.0996
29,reading_endofcourse_2015,reading-endofcourse-2015.js,multiple-choice,Read these sentences. The days following tryouts for the wrestling team were a roller coaster ride for Ian. He had done his best at the tryouts and hoped the coaches would want him to wrestle on the varsity team. He worried over it for hours. The purpose of the figurative language in these sentences is to suggest that Ian--,0,0.18818028782605636,2.9622648019867697,0:0.1882|1:0.1035|2:0.1051|3:0.1090|4:0.1034|5:0.1299|6:0.1042|7:0.1567
30,reading_endofcourse_2015,reading-endofcourse-2015.js,multiple-choice,The information in paragraph 2 supports the idea that Antarctic fish -,3,0.3023791174587888,2.8356837832425827,0:0.1081|1:0.0923|2:0.0941|3:0.3024|4:0.0923|5:0.1260|6:0.0923|7:0.0924
31,reading_endofcourse_2015,reading-endofcourse-2015.js,multiple-choice,"Read these sentences from paragraph 3. The threadfin pithead, for instance, lives at depths of around 2,000 feet in the cold dark of the Antarctic seas. It is difficult to imagine a more adverse environment. These sentences suggest that the author--",5,0.23770188404165996,2.922133231058982,0:0.1020|1:0.1019|2:0.1083|3:0.1020|4:0.1019|5:0.2377|6:0.1019|7:0.1442
32,reading_endofcourse_2015,reading-endofcourse-2015.js,multiple-choice,Read this sentence from paragraph 3. The slender fish spends its days swimming through the honeycombed channels of the icepack hunting krillsmall crustaceans-for its sustenance. The word sustenance means--,2,0.2730184313079001,2.776047880582807,0:0.0818|1:0.0818|2:0.2730|3:0.0818|4:0.0818|5:0.0819|6:0.0818|7:0.2360
33,reading_endofcourse_2015,reading-endofcourse-2015.js,multiple-choice,Which statement best expresses the main idea of paragraph 3?,3,0.3207662346099092,2.7540529661556734,0:0.1872|1:0.0819|2:0.0825|3:0.3208|4:0.0819|5:0.0820|6:0.0819|7:0.0819
34,reading_endofcourse_2015,reading-endofcourse-2015.js,multiple-choice,"In paragraph 6, the word salutary means--",2,0.36224715690842324,2.7349311740041715,0:0.0911|1:0.0911|2:0.3622|3:0.0912|4:0.0911|5:0.0911|6:0.0911|7:0.0911
35,reading_endofcourse_2015,reading-endofcourse-2015.js,multiple-choice,The organizational structure of paragraph 6 is best described as -,0,0.3404458570175394,2.7768171352746216,0:0.3404|1:0.0938|2:0.0960|3:0.0940|4:0.0938|5:0.0942|6:0.0938|7:0.0940
36,reading_endofcourse_2015,reading-endofcourse-2015.js,multiple-choice,Which section would most likely describe future uses of the protein found in fish that live in below-freezing water?,3,0.22570183534002752,2.9299486155125187,0:0.1526|1:0.1003|2:0.1004|3:0.2257|4:0.1003|5:0.1195|6:0.1004|7:0.1008
37,reading_endofcourse_2015,reading-endofcourse-2015.js,multiple-choice,How can the reader best tell that this is an expository selection?,0,0.2518267003907371,2.8954594440752586,0:0.2518|1:0.0977|2:0.0972|3:0.0972|4:0.1587|5:0.1031|6:0.0972|7:0.0972
38,reading_endofcourse_2015,reading-endofcourse-2015.js,multiple-choice,What is the author's most likely purpose for writing this selection?,5,0.24096301176932566,2.862439563470149,0:0.1053|1:0.0889|2:0.0889|3:0.2080|4:0.0889|5:0.2410|6:0.0889|7:0.0901
39,reading_endofcourse_2015,reading-endofcourse-2015.js,multiple-choice,"That advice helped keep my situation in perspective; I was polishing my craft, getting experience, and establishing myself as a talented writer. In this sentence from paragraph 1, the word polishing suggests--",2,0.2310656531816873,2.8873839276942546,0:0.0950|1:0.0950|2:0.2311|3:0.0950|4:0.0950|5:0.0950|6:0.0950|7:0.1991
40,reading_endofcourse_2015,reading-endofcourse-2015.js,multiple-choice,Which set of statements provides the best summary of paragraphs 2-5?,0,0.282506220029416,2.871429128427584,0:0.2825|1:0.1034|2:0.0988|3:0.0988|4:0.0988|5:0.1163|6:0.1025|7:0.0988
41,reading_endofcourse_2015,reading-endofcourse-2015.js,multiple-choice,"Read this sentence from paragraph 5. The ticket was inscribed with the logo for KidsPop, the symphony orchestra's overt attempt to entice children away from video games and into the world of classical music. What does the word overt mean?",2,0.2482290136349938,2.7988843286148977,0:0.0840|1:0.0840|2:0.2482|3:0.0840|4:0.0840|5:0.0841|6:0.0840|7:0.2477
42,reading_endofcourse_2015,reading-endofcourse-2015.js,multiple-choice,A quick scan of Saint-Saën's biography provided little assistance--the information was nearly incomprehensible to a beginner such as myself. The word incomprehensible from paragraph 6 contains a root word that means to--,2,0.31150556486462205,2.826497977676455,0:0.0988|1:0.0948|2:0.3115|3:0.0951|4:0.1007|5:0.1093|6:0.0948|7:0.0948
43,reading_endofcourse_2015,reading-endofcourse-2015.js,multiple-choice,"Read this sentence from paragraph 10. Now came a contrast in tempo--the lumbering sluggishness of giant tortoises, painfully trudging along, step by laborious step. The author uses sensory language in this sentence in order to--",7,0.29196549603050215,2.8024667669281866,0:0.0860|1:0.0859|2:0.0866|3:0.0860|4:0.0859|5:0.1917|6:0.0859|7:0.2920
44,reading_endofcourse_2015,reading-endofcourse-2015.js,multiple-choice,The fanfare and flourishes of the finale announced a farewell to our carnival. Which literary device does Jake use in this sentence from paragraph 13?,7,0.313229682880071,2.8197449139482185,0:0.0934|1:0.0932|2:0.0970|3:0.0934|4:0.0932|5:0.1232|6:0.0932|7:0.3132
45,reading_endofcourse_2015,reading-endofcourse-2015.js,multiple-choice,Jake's dismay over having to review a KidsPop concert affects the selection by--,0,0.17820674449601123,2.978418970869332,0:0.1782|1:0.1119|2:0.1119|3:0.1191|4:0.1119|5:0.1432|6:0.1119|7:0.1119
46,reading_endofcourse_2015,reading-endofcourse-2015.js,multiple-choice,Jake uses extensive animal imagery in the selection to suggest the music's--,5,0.1669561869392111,2.98461952025537,0:0.1423|1:0.1117|2:0.1117|3:0.1180|4:0.1117|5:0.1670|6:0.1117|7:0.1261
47,reading_endofcourse_2015,reading-endofcourse-2015.js,multiple-choice,Which detail from the selection supports the concept that Jake is eager to do a good job reviewing the concert?,0,0.16035744969058705,2.982805684315431,0:0.1604|1:0.1144|2:0.1094|3:0.1405|4:0.1094|5:0.1472|6:0.1094|7:0.1094
48,reading_endofcourse_2015,reading-endofcourse-2015.js,multiple-choice,The selection is told from Jakes point of view in order to emphasize his--,0,0.14724742390251855,2.9929961682008788,0:0.1472|1:0.1215|2:0.1157|3:0.1183|4:0.1187|5:0.1457|6:0.1172|7:0.1157
49,reading_endofcourse_2015,reading-endofcourse-2015.js,multiple-choice,The author includes the illustration at the top of the selection to--,5,0.29508946411375114,2.850787482459019,0:0.1211|1:0.0968|2:0.0968|3:0.0996|4:0.0968|5:0.2951|6:0.0969|7:0.0968
50,reading_endofcourse_2015,reading-endofcourse-2015.js,multiple-choice,The purpose of paragraph 2 is to--,2,0.21148723756123097,2.951551087903227,0:0.1054|1:0.1053|2:0.2115|3:0.1111|4:0.1053|5:0.1416|6:0.1053|7:0.1146
51,reading_endofcourse_2015,reading-endofcourse-2015.js,multiple-choice,The author uses the source in paragraph 5 to--,5,0.33962599567415974,2.7783553798212504,0:0.0940|1:0.0940|2:0.0947|3:0.0946|4:0.0940|5:0.3396|6:0.0940|7:0.0951
52,reading_endofcourse_2015,reading-endofcourse-2015.js,multiple-choice,The reader may conclude that computerized contact lenses will be most useful to people who--,4,0.17466277268721897,2.9784701618960736,0:0.1453|1:0.1103|2:0.1116|3:0.1287|4:0.1747|5:0.1095|6:0.1091|7:0.1109
53,reading_endofcourse_2015,reading-endofcourse-2015.js,multiple-choice,"Paragraph 8 suggests that in the future, computers will be embedded into contact lenses that--",2,0.2069865353231788,2.9611758916876356,0:0.1109|1:0.1107|2:0.2070|3:0.1228|4:0.1107|5:0.1113|6:0.1155|7:0.1109
54,reading_endofcourse_2015,reading-endofcourse-2015.js,multiple-choice,The purpose of this selection is to--,5,0.16312248595951853,2.9830066311066323,0:0.1536|1:0.1102|2:0.1115|3:0.1207|4:0.1102|5:0.1631|6:0.1136|7:0.1171
1,reading_endofcourse_practice_2024,reading-endofcourse-practice-2024.js,multiple-choice,"In paragraph 1, the expression ""rhythm of their lives"" suggests that people's lives were filled with--",2,0.200232328258977,2.96252638314057,0:0.1095|1:0.1093|2:0.2002|3:0.1413|4:0.1093|5:0.1097|6:0.1112|7:0.1095
2,reading_endofcourse_practice_2024,reading-endofcourse-practice-2024.js,multiple-choice,"Based on paragraph 4, the reader can determine that the sundial was the first timekeeping device to--",4,0.25283907944597456,2.897982056444759,0:0.0985|1:0.1014|2:0.1517|3:0.0963|4:0.2528|5:0.0956|6:0.1085|7:0.0952
3,reading_endofcourse_practice_2024,reading-endofcourse-practice-2024.js,multiple-choice,The main idea of paragraph 5 focuses on the concept that water clocks were--,3,0.42818964257160824,2.590341510112387,0:0.0816|1:0.0816|2:0.0822|3:0.4282|4:0.0816|5:0.0817|6:0.0816|7:0.0816
4,reading_endofcourse_practice_2024,reading-endofcourse-practice-2024.js,multiple-choice,This selection supports all these statements about timekeeping EXCEPT--,0,0.15817692003089648,2.982667512080024,0:0.1582|1:0.1101|2:0.1101|3:0.1479|4:0.1101|5:0.1436|6:0.1101|7:0.1101
5,reading_endofcourse_practice_2024,reading-endofcourse-practice-2024.js,multiple-choice,"Based on information in the selection, which statement represents the author's opinion?",5,0.21434683734623278,2.9239572425993576,0:0.1328|1:0.0929|2:0.0929|3:0.0987|4:0.1719|5:0.2143|6:0.0946|7:0.1018
6,reading_endofcourse_practice_2024,reading-endofcourse-practice-2024.js,multiple-choice,Which tone is conveyed in paragraph 1?,2,0.20238424297296614,2.9649375693616555,0:0.1103|1:0.1154|2:0.2024|3:0.1104|4:0.1101|5:0.1188|6:0.1222|7:0.1103
7,reading_endofcourse_practice_2024,reading-endofcourse-practice-2024.js,multiple-choice,"Read this sentence from paragraph 3. That facade had evaporated when Jack enlisted, and, Ruth admitted, she liked herself more now than she had in the past. The author's word choice in this sentence highlights the idea that--",7,0.24553855722570928,2.8576740595728047,0:0.0757|1:0.0756|2:0.1402|3:0.1565|4:0.0756|5:0.1553|6:0.0756|7:0.2455
8,reading_endofcourse_practice_2024,reading-endofcourse-practice-2024.js,multiple-choice,Why does the author include the flashback in paragraph 9?,5,0.3570242755948642,2.745243992455235,0:0.0918|1:0.0917|2:0.0924|3:0.0918|4:0.0917|5:0.3570|6:0.0917|7:0.0918
9,reading_endofcourse_practice_2024,reading-endofcourse-practice-2024.js,multiple-choice,The details in paragraph 13 contribute to the selection by--,2,0.18003034796527462,2.974298475323584,0:0.1465|1:0.1073|2:0.1800|3:0.1178|4:0.1073|5:0.1261|6:0.1073|7:0.1076
10,reading_endofcourse_practice_2024,reading-endofcourse-practice-2024.js,multiple-choice,"In this selection, Vera's character is best described as a--",0,0.2996572988319696,2.846556490138553,0:0.2997|1:0.0989|2:0.0989|3:0.0989|4:0.0989|5:0.1072|6:0.0989|7:0.0989
11,reading_endofcourse_practice_2024,reading-endofcourse-practice-2024.js,multiple-choice,The author organizes information in paragraph 1 using explanation most likely to--,5,0.26442011217984224,2.8377424206218103,0:0.0906|1:0.0886|2:0.0895|3:0.2008|4:0.0886|5:0.2644|6:0.0886|7:0.0887
12,reading_endofcourse_practice_2024,reading-endofcourse-practice-2024.js,multiple-choice,The reader can tell this article is expository because it--,4,0.309252023759999,2.8308550628363616,0:0.1073|1:0.0970|2:0.0981|3:0.0971|4:0.3093|5:0.0972|6:0.0970|7:0.0971
13,reading_endofcourse_practice_2024,reading-endofcourse-practice-2024.js,multiple-choice,How do scientists know that the canals were dry at times?,0,0.125,3.0,0:0.1250|1:0.1250|2:0.1250|3:0.1250|4:0.1250|5:0.1250|6:0.1250|7:0.1250
14,reading_endofcourse_practice_2024,reading-endofcourse-practice-2024.js,multiple-choice,"Read this sentence from paragraph 5. There the salt hay, sawdust, and straw effaced the airborne tang of leather and glue from the nearby shoe factory and muted the call of the ragman. In this sentence, the word effaced means--",7,0.2951717999906092,2.753559630982978,0:0.0801|1:0.0801|2:0.2243|3:0.0801|4:0.0801|5:0.0801|6:0.0801|7:0.2952
15,reading_endofcourse_practice_2024,reading-endofcourse-practice-2024.js,multiple-choice,"Read this sentence from paragraph 7. Then in fifth grade, Lydia saw a city map and realized her entire world was the smallest finger of Boston's broad hand. The figurative language in the sentence impacts readers by helping them--",7,0.36597731914876963,2.7274558348598816,0:0.0905|1:0.0904|2:0.0912|3:0.0905|4:0.0904|5:0.0906|6:0.0904|7:0.3660
16,reading_endofcourse_practice_2024,reading-endofcourse-practice-2024.js,multiple-choice,"Based on this story, the reader may best understand that Lydia--",4,0.2003147523161011,2.885787618276,0:0.1920|1:0.1786|2:0.0858|3:0.0858|4:0.2003|5:0.0858|6:0.0858|7:0.0858
17,reading_endofcourse_practice_2024,reading-endofcourse-practice-2024.js,multiple-choice,"The author's use of a simile in paragraph 18 of ""Stone Age Skating Experience"" suggests that Greta--",5,0.29489101170034465,2.8543106559771267,0:0.0997|1:0.0996|2:0.1032|3:0.0997|4:0.0996|5:0.2949|6:0.1035|7:0.0997
18,reading_endofcourse_practice_2024,reading-endofcourse-practice-2024.js,multiple-choice,"Which sentence from ""History on Ice"" is least supported by details and would benefit from clarification?",7,0.23431500848161524,2.920163737320555,0:0.1536|1:0.0993|2:0.0994|3:0.1140|4:0.0993|5:0.0993|6:0.1008|7:0.2343
19,reading_endofcourse_practice_2024,reading-endofcourse-practice-2024.js,multiple-choice,Both selections express the idea that--,3,0.35489199693072293,2.7494084310298,0:0.0922|1:0.0922|2:0.0922|3:0.3549|4:0.0922|5:0.0922|6:0.0922|7:0.0922
20,reading_endofcourse_practice_2024,reading-endofcourse-practice-2024.js,multiple-choice,The imagery in lines 7-11 of the poem helps the reader--,6,0.2873515293677505,2.855600150780382,0:0.1039|1:0.0938|2:0.0938|3:0.0938|4:0.1376|5:0.0938|6:0.2874|7:0.0958
21,reading_endofcourse_practice_2024,reading-endofcourse-practice-2024.js,multiple-choice,"In line 21, the speaker uses the word ""lush"" when describing the patch of grass to--",6,0.1953789267428336,2.9383998401482576,0:0.1002|1:0.1000|2:0.1852|3:0.1017|4:0.1000|5:0.1174|6:0.1954|7:0.1000
22,reading_endofcourse_practice_2024,reading-endofcourse-practice-2024.js,multiple-choice,"In lines 29-33 of the poem, the poet's use of the rhetorical question suggests that the speaker--",6,0.331815548348101,2.7904153147468076,0:0.0913|1:0.0908|2:0.1052|3:0.0913|4:0.0908|5:0.1061|6:0.3318|7:0.0926
23,reading_endofcourse_practice_2024,reading-endofcourse-practice-2024.js,multiple-choice,The purpose of the imagery in the poem is most likely to —,6,0.23838088472993804,2.852336044562941,0:0.0872|1:0.0872|2:0.0873|3:0.2193|4:0.0872|5:0.1028|6:0.2384|7:0.0905
1,reading_grade3_2015,reading-grade3-2015.js,multiple-choice,Another good title for this story would be--,1,0.24040027586137883,2.913662421609801,0:0.1523|1:0.2404|2:0.0990|3:0.1124|4:0.0990|5:0.0990|6:0.0990|7:0.0990
2,reading_grade3_2015,reading-grade3-2015.js,multiple-choice,Danielle keeps the cupcakes a secret by--,0,0.125,3.0,0:0.1250|1:0.1250|2:0.1250|3:0.1250|4:0.1250|5:0.1250|6:0.1250|7:0.1250
3,reading_grade3_2015,reading-grade3-2015.js,multiple-choice,Complete this flow chart with the most appropriate answer for the empty box.,0,0.13371027259486168,2.9994164102994336,0:0.1337|1:0.1231|2:0.1275|3:0.1231|4:0.1231|5:0.1231|6:0.1231|7:0.1231
4,reading_grade3_2015,reading-grade3-2015.js,multiple-choice,Danielle is pleased with the surprise most likely because she--,3,0.35615485082362197,2.746946912735569,0:0.0920|1:0.0920|2:0.0920|3:0.3562|4:0.0920|5:0.0920|6:0.0920|7:0.0920
5,reading_grade3_2015,reading-grade3-2015.js,multiple-choice,What will Martin and Madison most likely do next?,3,0.35615485082362197,2.746946912735569,0:0.0920|1:0.0920|2:0.0920|3:0.3562|4:0.0920|5:0.0920|6:0.0920|7:0.0920
6,reading_grade3_2015,reading-grade3-2015.js,multiple-choice,Which of these do the characters have in common?,0,0.125,3.0,0:0.1250|1:0.1250|2:0.1250|3:0.1250|4:0.1250|5:0.1250|6:0.1250|7:0.1250
7,reading_grade3_2015,reading-grade3-2015.js,multiple-choice,"What is the root word in ""discovered""?",2,0.26550997617619004,2.896921875052572,0:0.1049|1:0.1049|2:0.2655|3:0.1049|4:0.1049|5:0.1049|6:0.1049|7:0.1049
8,reading_grade3_2015,reading-grade3-2015.js,multiple-choice,Some people eat seaweed all by itself because they most likely--,3,0.2912621449291719,2.860024772129777,0:0.1012|1:0.1012|2:0.1012|3:0.2913|4:0.1012|5:0.1012|6:0.1012|7:0.1012
9,reading_grade3_2015,reading-grade3-2015.js,multiple-choice,"Based on the article, seaweed makes ice cream and yogurt--",4,0.40214147098497455,2.6504983150477175,0:0.0847|1:0.0847|2:0.0847|3:0.0866|4:0.4021|5:0.0847|6:0.0880|7:0.0847
10,reading_grade3_2015,reading-grade3-2015.js,multiple-choice,Which question is answered in the article?,4,0.22896156206574256,2.9236368525591176,0:0.0987|1:0.0983|2:0.1214|3:0.0988|4:0.2290|5:0.0995|6:0.1556|7:0.0987
11,reading_grade3_2015,reading-grade3-2015.js,multiple-choice,The author wrote this article most likely to--,5,0.20870263717941848,2.8637422274680997,0:0.0822|1:0.0822|2:0.0822|3:0.1943|4:0.1861|5:0.2087|6:0.0822|7:0.0822
12,reading_grade3_2015,reading-grade3-2015.js,multiple-choice,"In an Internet search about oceans, which website would most likely have information about where red seaweed grows?",3,0.2499403848502504,2.8900998828632156,0:0.1651|1:0.0934|2:0.0934|3:0.2499|4:0.0935|5:0.1179|6:0.0934|7:0.0934
13,reading_grade3_2015,reading-grade3-2015.js,multiple-choice,"What makes the secret message appear in ""Lemony Letter""?",3,0.13047054575782993,2.9995490135279725,0:0.1227|1:0.1226|2:0.1277|3:0.1305|4:0.1226|5:0.1286|6:0.1226|7:0.1227
14,reading_grade3_2015,reading-grade3-2015.js,multiple-choice,"In ""Mirror Message"" when the steam in the bathroom is gone, the message will most likely--",3,0.21473244779661815,2.9548445911263213,0:0.1112|1:0.1112|2:0.1152|3:0.2147|4:0.1112|5:0.1141|6:0.1112|7:0.1112
15,reading_grade3_2015,reading-grade3-2015.js,multiple-choice,"In step 3 of ""Mirror Message,"" what does the word invisible mean?",2,0.2489240283404944,2.9180000969834206,0:0.1067|1:0.1067|2:0.2489|3:0.1110|4:0.1067|5:0.1067|6:0.1067|7:0.1067
16,reading_grade3_2015,reading-grade3-2015.js,multiple-choice,"""Lemony Letter"" and ""Mirror Message"" are alike because both--",3,0.13047054575782993,2.9995490135279725,0:0.1227|1:0.1226|2:0.1277|3:0.1305|4:0.1226|5:0.1286|6:0.1226|7:0.1227
17,reading_grade3_2015,reading-grade3-2015.js,multiple-choice,"In ""Crazy Crayon,"" it is hard to see the message before painting over it because the message--",3,0.13047054575782993,2.9995490135279725,0:0.1227|1:0.1226|2:0.1277|3:0.1305|4:0.1226|5:0.1286|6:0.1226|7:0.1227
18,reading_grade3_2015,reading-grade3-2015.js,multiple-choice,One reason to read the flier is to--,7,0.1801384441146062,2.9797984370913717,0:0.1108|1:0.1107|2:0.1177|3:0.1299|4:0.1119|5:0.1258|6:0.1129|7:0.1801
19,reading_grade3_2015,reading-grade3-2015.js,multiple-choice,The author puts numbers before some sentences in the flier to--,5,0.2649365967674524,2.8970331318765203,0:0.1035|1:0.1035|2:0.1035|3:0.1035|4:0.1035|5:0.2649|6:0.1035|7:0.1142
20,reading_grade3_2015,reading-grade3-2015.js,multiple-choice,"Read this sentence and dictionary entry. In the winter, grocery stores charge too much for strawberries. charge (chärj) v. 1. To give orders. 2. To set as a price. 3. To fill up completely. 4. To rush forward.",7,0.2625264942922468,2.899385345551942,0:0.1055|1:0.1026|2:0.1191|3:0.1026|4:0.1026|5:0.1026|6:0.1026|7:0.2625
21,reading_grade3_2015,reading-grade3-2015.js,multiple-select,Guide words: camera - cause Which two words would appear on the same page as these guide words?,0,0.15702525813446286,2.993435954999259,0:0.1570|1:0.1184|2:0.1243|3:0.1240|4:0.1190|5:0.1192|6:0.1184|7:0.1197
22,reading_grade3_2015,reading-grade3-2015.js,multiple-choice,The title tells readers that a character in the story will most likely--,1,0.22732495559041566,2.8675746736897043,0:0.0920|1:0.2273|2:0.0924|3:0.2202|4:0.0920|5:0.0920|6:0.0920|7:0.0920
23,reading_grade3_2015,reading-grade3-2015.js,multiple-choice,Paragraph 5 is important to the story because it--,1,0.2651908709623481,2.8722631143124344,0:0.0950|1:0.2652|2:0.1647|3:0.0950|4:0.0948|5:0.0954|6:0.0948|7:0.0950
24,reading_grade3_2015,reading-grade3-2015.js,multiple-choice,"After Evan and Mark find the map, they both feel--",0,0.125,3.0,0:0.1250|1:0.1250|2:0.1250|3:0.1250|4:0.1250|5:0.1250|6:0.1250|7:0.1250
25,reading_grade3_2015,reading-grade3-2015.js,multiple-choice,Where does this story begin and end?,1,0.29925143948017685,2.8474233431478955,0:0.0993|1:0.2993|2:0.0993|3:0.1050|4:0.0993|5:0.0993|6:0.0993|7:0.0993
26,reading_grade3_2015,reading-grade3-2015.js,multiple-choice,"Based on the story, where does the map first lead the boys?",1,0.23238919665063082,2.8787658787107135,0:0.0905|1:0.2324|2:0.0923|3:0.0937|4:0.2042|5:0.0907|6:0.1056|7:0.0905
27,reading_grade3_2015,reading-grade3-2015.js,multiple-choice,Which question is answered at the end of the story?,1,0.23516987171508683,2.9234564886987267,0:0.0997|1:0.2352|2:0.1182|3:0.1033|4:0.0992|5:0.1004|6:0.1444|7:0.0997
28,reading_grade3_2015,reading-grade3-2015.js,drag-drop,Place these words in alphabetical order.,5,0.13315795355236876,2.999181350625821,0:0.1225|1:0.1204|2:0.1246|3:0.1207|4:0.1299|5:0.1332|6:0.1260|7:0.1228
29,reading_grade3_2015,reading-grade3-2015.js,multiple-choice,"Based on paragraph 4, the reader can tell that-",4,0.25836196143699264,2.8892611310699716,0:0.1044|1:0.0974|2:0.1542|3:0.0968|4:0.2584|5:0.0952|6:0.0989|7:0.0948
30,reading_grade3_2015,reading-grade3-2015.js,multiple-choice,Paragraph 6 explains that one way ostriches keep themselves safe is by--,2,0.19164592002899744,2.973996849584132,0:0.1137|1:0.1135|2:0.1916|3:0.1151|4:0.1177|5:0.1144|6:0.1137|7:0.1202
31,reading_grade3_2015,reading-grade3-2015.js,multiple-choice,What information can be learned by reading the chart at the end of the article?,4,0.2476556278288049,2.9135707556318535,0:0.1118|1:0.1240|2:0.0974|3:0.1008|4:0.2477|5:0.1239|6:0.0972|7:0.0972
32,reading_grade3_2015,reading-grade3-2015.js,multiple-choice,"Based on the article, one way the male leader is like the females in the herd is that he helps--",4,0.26911787510117374,2.891542274339848,0:0.1016|1:0.1015|2:0.1034|3:0.1029|4:0.2691|5:0.1034|6:0.1112|7:0.1069
33,reading_grade3_2015,reading-grade3-2015.js,multiple-choice,The feathers of an ostrich help the bird--,4,0.1302630843445707,2.999712015735006,0:0.1280|1:0.1232|2:0.1250|3:0.1234|4:0.1303|5:0.1236|6:0.1232|7:0.1234
34,reading_grade3_2015,reading-grade3-2015.js,multiple-choice,"Based on the article, what can the reader most likely tell about ostriches?",4,0.3084066861483638,2.7844347341012328,0:0.0851|1:0.0851|2:0.0848|3:0.1813|4:0.3084|5:0.0848|6:0.0856|7:0.0848
35,reading_grade3_2015,reading-grade3-2015.js,multiple-choice,"After looking at the title, the reader knows that this poem is about--",6,0.23419692777640574,2.928757598165351,0:0.1118|1:0.1097|2:0.1019|3:0.1031|4:0.1373|5:0.1011|6:0.2342|7:0.1010
36,reading_grade3_2015,reading-grade3-2015.js,multiple-choice,What does pause mean in line 13?,2,0.17295330605273965,2.9854995647503113,0:0.1183|1:0.1152|2:0.1730|3:0.1155|4:0.1186|5:0.1161|6:0.1279|7:0.1155
37,reading_grade3_2015,reading-grade3-2015.js,multiple-choice,"In lines 17-20, the speaker can best be described as--",6,0.23561900355938853,2.85859011584925,0:0.2185|1:0.0908|2:0.0908|3:0.0908|4:0.0908|5:0.0908|6:0.2356|7:0.0916
38,reading_grade3_2015,reading-grade3-2015.js,multiple-choice,Where is the first place the speaker looks for the shoe?,6,0.2238938419103328,2.945076184348442,0:0.1080|1:0.1095|2:0.1109|3:0.1080|4:0.1218|5:0.1099|6:0.2239|7:0.1080
39,reading_grade3_2015,reading-grade3-2015.js,multiple-choice,"Based on the events in the poem, the shoe was most likely last worn--",6,0.23481042856939283,2.831911210933625,0:0.0787|1:0.0787|2:0.0787|3:0.2098|4:0.1619|5:0.0787|6:0.2348|7:0.0787
40,reading_grade3_2015,reading-grade3-2015.js,multiple-choice,Which question is answered in the poem?,6,0.3040361956525032,2.837733963399357,0:0.0967|1:0.0962|2:0.1161|3:0.0967|4:0.0962|5:0.0974|6:0.3040|7:0.0967
1,reading_endofcourse_practice_2024,reading-grade3-practice-2024.js,multiple-choice,The photograph in the article helps the reader understand —,4,0.27532784652968745,2.8820441477566456,0:0.1159|1:0.1058|2:0.1011|3:0.1005|4:0.2753|5:0.1005|6:0.1004|7:0.1004
2,reading_endofcourse_practice_2024,reading-grade3-practice-2024.js,multiple-choice,The cheetah's coat is most useful because it —,0,0.13279828663954577,2.9993949259748285,0:0.1328|1:0.1220|2:0.1260|3:0.1222|4:0.1282|5:0.1246|6:0.1220|7:0.1222
3,reading_endofcourse_practice_2024,reading-grade3-practice-2024.js,multiple-choice,One reason Kelly finishes in third place is because she —,3,0.1400663873795925,2.9981293963099693,0:0.1194|1:0.1193|2:0.1204|3:0.1401|4:0.1272|5:0.1232|6:0.1275|7:0.1231
4,reading_endofcourse_practice_2024,reading-grade3-practice-2024.js,multiple-choice,Who is telling this story?,1,0.3577677536978351,2.7437885002077946,0:0.0917|1:0.3578|2:0.0917|3:0.0917|4:0.0917|5:0.0917|6:0.0917|7:0.0917
5,reading_endofcourse_practice_2024,reading-grade3-practice-2024.js,multiple-choice,Which sentence best states the theme of the story?,1,0.2082647388607553,2.8879672679081843,0:0.1726|1:0.2083|2:0.0855|3:0.0891|4:0.0855|5:0.0855|6:0.0870|7:0.1867
6,reading_endofcourse_practice_2024,reading-grade3-practice-2024.js,multiple-choice,Which sentence best states the main idea of paragraph 1?,3,0.2923822881897065,2.7905084185795435,0:0.1545|1:0.0767|2:0.0772|3:0.2924|4:0.0767|5:0.0768|6:0.0767|7:0.1690
7,reading_endofcourse_practice_2024,reading-grade3-practice-2024.js,multiple-choice,Which heading best belongs above paragraph 2?,0,0.33848375092280475,2.7804347239226597,0:0.3385|1:0.0941|2:0.0965|3:0.0942|4:0.0941|5:0.0944|6:0.0941|7:0.0942
8,reading_endofcourse_practice_2024,reading-grade3-practice-2024.js,multiple-choice,Which question is answered in paragraph 2?,2,0.20579696325010363,2.9418678113516723,0:0.1040|1:0.1042|2:0.2058|3:0.1040|4:0.1038|5:0.1042|6:0.1700|7:0.1040
9,reading_endofcourse_practice_2024,reading-grade3-practice-2024.js,multiple-choice,Which word is an antonym for joined as used in paragraph 4?,2,0.30514855980415345,2.837385789655127,0:0.0976|1:0.0976|2:0.3051|3:0.0977|4:0.0976|5:0.0976|6:0.0976|7:0.1091
10,reading_endofcourse_practice_2024,reading-grade3-practice-2024.js,multiple-choice,What does defend mean in paragraph 4?,2,0.2767224435928463,2.881442930588242,0:0.1033|1:0.1033|2:0.2767|3:0.1033|4:0.1033|5:0.1035|6:0.1033|7:0.1033
11,reading_endofcourse_practice_2024,reading-grade3-practice-2024.js,multiple-choice,The author wrote this article most likely to —,5,0.20870263717941848,2.8637422274680997,0:0.0822|1:0.0822|2:0.0822|3:0.1943|4:0.1861|5:0.2087|6:0.0822|7:0.0822
12,reading_endofcourse_practice_2024,reading-grade3-practice-2024.js,multiple-choice,Which lines show the conflict in the poem?,6,0.2861313191221688,2.8658477666452464,0:0.0968|1:0.1096|2:0.0968|3:0.1132|4:0.0968|5:0.1016|6:0.2861|7:0.0989
13,reading_endofcourse_practice_2024,reading-grade3-practice-2024.js,multiple-choice,The resolution in the poem happens as soon as the speaker —,6,0.38470409644149095,2.68865068928061,0:0.0879|1:0.0879|2:0.0880|3:0.0879|4:0.0879|5:0.0879|6:0.3847|7:0.0879
14,reading_endofcourse_practice_2024,reading-grade3-practice-2024.js,multiple-choice,Which word best describes the speaker throughout the poem?,6,0.2592027056970744,2.842666128589525,0:0.1807|1:0.0824|2:0.1481|3:0.0824|4:0.0824|5:0.0824|6:0.2592|7:0.0824
15,reading_endofcourse_practice_2024,reading-grade3-practice-2024.js,multiple-choice,Which question is answered in paragraph 2?,2,0.20579696325010363,2.9418678113516723,0:0.1040|1:0.1042|2:0.2058|3:0.1040|4:0.1038|5:0.1042|6:0.1700|7:0.1040
16,reading_endofcourse_practice_2024,reading-grade3-practice-2024.js,multiple-choice,What is the main idea of paragraph 4?,3,0.42818964257160824,2.590341510112387,0:0.0816|1:0.0816|2:0.0822|3:0.4282|4:0.0816|5:0.0817|6:0.0816|7:0.0816
17,reading_endofcourse_practice_2024,reading-grade3-practice-2024.js,multiple-choice,Read this sentence from paragraph 5. Whole groups of sea otters may be seen floating together. Which word is a homophone for seen ?,7,0.22794790596150158,2.888138609094848,0:0.1000|1:0.0884|2:0.1956|3:0.0884|4:0.1228|5:0.0885|6:0.0884|7:0.2279
18,reading_endofcourse_practice_2024,reading-grade3-practice-2024.js,multiple-choice,"Based on the article, the ocean is a perfect home for the sea otter because the —",4,0.35041390339582595,2.7580485688631047,0:0.0925|1:0.0925|2:0.0930|3:0.0932|4:0.3504|5:0.0925|6:0.0934|7:0.0925
19,reading_endofcourse_practice_2024,reading-grade3-practice-2024.js,multiple-choice,"Based on the article, sea otters can swim well mainly because their —",4,0.31904224084291366,2.8148257810038277,0:0.0963|1:0.0963|2:0.0966|3:0.0967|4:0.3190|5:0.1021|6:0.0966|7:0.0963
20,reading_endofcourse_practice_2024,reading-grade3-practice-2024.js,multiple-choice,"Based on the article, a sea otter finds its favorite foods —",4,0.35041390339582595,2.7580485688631047,0:0.0925|1:0.0925|2:0.0930|3:0.0932|4:0.3504|5:0.0925|6:0.0934|7:0.0925
21,reading_endofcourse_practice_2024,reading-grade3-practice-2024.js,multiple-choice,One purpose of the sea otter's chest is to help the animal —,4,0.14975927753243112,2.9944531253408493,0:0.1158|1:0.1156|2:0.1192|3:0.1195|4:0.1498|5:0.1361|6:0.1207|7:0.1234
22,reading_endofcourse_practice_2024,reading-grade3-practice-2024.js,multiple-choice,The author uses headings in the article most likely to —,5,0.21512537322127004,2.8665439573927287,0:0.0828|1:0.0828|2:0.0828|3:0.1894|4:0.1813|5:0.2151|6:0.0828|7:0.0829
23,reading_endofcourse_practice_2024,reading-grade3-practice-2024.js,multiple-choice,"Based on the article, what may happen if a sea otter rests far from seaweed?",4,0.3310899892205156,2.7930507215256926,0:0.1055|1:0.0937|2:0.0937|3:0.0937|4:0.3311|5:0.0937|6:0.0937|7:0.0947
24,reading_endofcourse_practice_2024,reading-grade3-practice-2024.js,multiple-choice,Bonnie and Steve are proud in the beginning of the poem because they each —,6,0.28249674391896534,2.8725201927565287,0:0.1005|1:0.1047|2:0.1005|3:0.1103|4:0.1005|5:0.1005|6:0.2825|7:0.1006
25,reading_endofcourse_practice_2024,reading-grade3-practice-2024.js,multiple-choice,"Based on the poem, how does Bonnie first find out Steve is selling cherry juice?",6,0.26295785179647996,2.8460570896748676,0:0.0891|1:0.0924|2:0.0891|3:0.0927|4:0.1955|5:0.0891|6:0.2630|7:0.0891
26,reading_endofcourse_practice_2024,reading-grade3-practice-2024.js,multiple-choice,Which question is answered in the poem?,6,0.3040361956525032,2.837733963399357,0:0.0967|1:0.0962|2:0.1161|3:0.0967|4:0.0962|5:0.0974|6:0.3040|7:0.0967
27,reading_endofcourse_practice_2024,reading-grade3-practice-2024.js,multiple-choice,Which line from the poem is where the reader understands how the problem is solved?,6,0.2610005084374196,2.8911707367875987,0:0.1097|1:0.0964|2:0.0999|3:0.0964|4:0.1439|5:0.0964|6:0.2610|7:0.0964
28,reading_endofcourse_practice_2024,reading-grade3-practice-2024.js,multiple-choice,How is Bonnie different from Steve?,0,0.125,3.0,0:0.1250|1:0.1250|2:0.1250|3:0.1250|4:0.1250|5:0.1250|6:0.1250|7:0.1250
29,reading_endofcourse_practice_2024,reading-grade3-practice-2024.js,multiple-choice,Bonnie and Steve end up sharing a stand because they —,1,0.1667852049871876,2.988884717976129,0:0.1203|1:0.1668|2:0.1162|3:0.1259|4:0.1222|5:0.1162|6:0.1162|7:0.1162
1,reading_grade4_2015,reading-grade4-2015.js,multiple-choice,Which question is answered in paragraph 5?,2,0.20579696325010363,2.9418678113516723,0:0.1040|1:0.1042|2:0.2058|3:0.1040|4:0.1038|5:0.1042|6:0.1700|7:0.1040
2,reading_grade4_2015,reading-grade4-2015.js,multiple-choice,"Based on paragraph 6, Ben's mother may best be described as--",0,0.27815758800860707,2.8402725554111745,0:0.2782|1:0.0897|2:0.0919|3:0.0898|4:0.1781|5:0.0900|6:0.0924|7:0.0898
3,reading_grade4_2015,reading-grade4-2015.js,multiple-choice,A student asks this question after reading the story. What activity to ben and Mark choose first? Which paragraph answers this question?,1,0.18182770826973652,2.963735853192091,0:0.1017|1:0.1818|2:0.1542|3:0.1017|4:0.1148|5:0.1022|6:0.1418|7:0.1017
4,reading_grade4_2015,reading-grade4-2015.js,multiple-choice,Eli shows he wants to be Mark's friend by --,0,0.14071587714257516,2.997713661237759,0:0.1407|1:0.1266|2:0.1205|3:0.1312|4:0.1216|5:0.1184|6:0.1205|7:0.1204
5,reading_grade4_2015,reading-grade4-2015.js,multiple-choice,Ben agrees to go to camp because he--,0,0.125,3.0,0:0.1250|1:0.1250|2:0.1250|3:0.1250|4:0.1250|5:0.1250|6:0.1250|7:0.1250
6,reading_grade4_2015,reading-grade4-2015.js,multiple-choice,Which sentence best supports the idea that Ben is excited about summer vacation at the beginning of the story?,3,0.19339020952767294,2.908886611348866,0:0.1567|1:0.1643|2:0.0819|3:0.1934|4:0.0819|5:0.0819|6:0.0819|7:0.1578
7,reading_grade4_2015,reading-grade4-2015.js,multiple-choice,"Once summer is over, the three boys will most likely--",3,0.35615485082362197,2.746946912735569,0:0.0920|1:0.0920|2:0.0920|3:0.3562|4:0.0920|5:0.0920|6:0.0920|7:0.0920
8,reading_grade4_2015,reading-grade4-2015.js,multiple-choice,Read this sentence from paragraph 2. Mud kept the houses cool from the soaring temperatures. Which word has the same meaning as soaring in this sentence?,7,0.3263153478489168,2.754927510910588,0:0.0828|1:0.0828|2:0.1768|3:0.0828|4:0.0828|5:0.0828|6:0.0828|7:0.3263
9,reading_grade4_2015,reading-grade4-2015.js,multiple-choice,"Which question is answered in the section titled ""Clothing and Hair""?",6,0.1733867365784735,2.981983903703853,0:0.1334|1:0.1089|2:0.1295|3:0.1234|4:0.1089|5:0.1129|6:0.1734|7:0.1095
10,reading_grade4_2015,reading-grade4-2015.js,multiple-choice,What is the main idea of paragraph 6?,3,0.42818964257160824,2.590341510112387,0:0.0816|1:0.0816|2:0.0822|3:0.4282|4:0.0816|5:0.0817|6:0.0816|7:0.0816
11,reading_grade4_2015,reading-grade4-2015.js,multiple-choice,Which of these best describes the roof of an ancient Egyptian home?,0,0.28210499799680777,2.8736209506734203,0:0.2821|1:0.1019|2:0.1029|3:0.1019|4:0.1019|5:0.1019|6:0.1053|7:0.1019
12,reading_grade4_2015,reading-grade4-2015.js,multiple-choice,Information from the article shows that the ancient Egyptians were--,4,0.24680858771754752,2.913648322795675,0:0.1284|1:0.1029|2:0.0996|3:0.0987|4:0.2468|5:0.1258|6:0.0987|7:0.0990
13,reading_grade4_2015,reading-grade4-2015.js,multiple-choice,Which sentence about this article is a fact?,7,0.23197577155702062,2.8559065749866708,0:0.0890|1:0.0890|2:0.0890|3:0.0990|4:0.2240|5:0.0890|6:0.0890|7:0.2320
14,reading_grade4_2015,reading-grade4-2015.js,multiple-choice,A student makes these notes about the article. Which of these belongs on the blank line?,4,0.24417849050193796,2.9233466636182044,0:0.1060|1:0.1060|2:0.1113|3:0.1067|4:0.2442|5:0.1060|6:0.1140|7:0.1060
15,reading_grade4_2015,reading-grade4-2015.js,multiple-choice,Which sentence is most likely true about the ancient Egyptians?,3,0.2582982069364724,2.7727497206432465,0:0.0813|1:0.0813|2:0.0813|3:0.2583|4:0.0813|5:0.0813|6:0.0813|7:0.2539
16,reading_grade4_2015,reading-grade4-2015.js,multiple-choice,"Read this sentence from the flier. Teddy bears, posters, games, stickers, and pencils are just some of the prizes for the luck y winners. In which word does - y mean the same as it does in luck y ?",7,0.25459104000203076,2.860862436344933,0:0.0914|1:0.0914|2:0.1935|3:0.0914|4:0.0914|5:0.0950|6:0.0914|7:0.2546
17,reading_grade4_2015,reading-grade4-2015.js,multiple-choice,Complete this list of school fair activities.,3,0.1284734198974596,2.9996730833111696,0:0.1285|1:0.1252|2:0.1271|3:0.1285|4:0.1219|5:0.1219|6:0.1219|7:0.1249
18,reading_grade4_2015,reading-grade4-2015.js,multiple-choice,Money earned during the fundraisers will be used to pay for--,7,0.1481215332756294,2.992576008580196,0:0.1175|1:0.1175|2:0.1466|3:0.1175|4:0.1175|5:0.1175|6:0.1176|7:0.1481
19,reading_grade4_2015,reading-grade4-2015.js,multiple-choice,The principal will sit in the dunking booth most likely because he wants to--,3,0.2764068556726711,2.8818913572808134,0:0.1034|1:0.1034|2:0.1034|3:0.2764|4:0.1034|5:0.1034|6:0.1034|7:0.1034
20,reading_grade4_2015,reading-grade4-2015.js,multiple-choice,What is the main reason the author wrote the flier?,5,0.217241527236387,2.8901526023013977,0:0.0942|1:0.0942|2:0.0942|3:0.2118|4:0.0942|5:0.2172|6:0.0942|7:0.0999
21,reading_grade4_2015,reading-grade4-2015.js,multiple-choice,Which sentence about the flier is an opinion?,7,0.2643295828131362,2.8973588519055795,0:0.1022|1:0.1022|2:0.1022|3:0.1022|4:0.1154|5:0.1095|6:0.1022|7:0.2643
22,reading_grade4_2015,reading-grade4-2015.js,multiple-choice,"Read this sentence. The factory will manufacture new tractors and other farm machines. In this sentence, the word manufacture means--",7,0.303853332108761,2.766282499761022,0:0.0821|1:0.0821|2:0.2035|3:0.0821|4:0.0821|5:0.0821|6:0.0821|7:0.3039
23,reading_grade4_2015,reading-grade4-2015.js,multiple-choice,In which sentence is the underlined word used correctly?,7,0.2440156230931032,2.860943902492888,0:0.0915|1:0.0915|2:0.2070|3:0.0915|4:0.0915|5:0.0915|6:0.0915|7:0.2440
24,reading_grade4_2015,reading-grade4-2015.js,multiple-choice,Select the meaning of rich as used in this sentence. I could barely finish my slice of that rich chocolate cake.,7,0.27617585362906266,2.8796832524086744,0:0.1004|1:0.1004|2:0.1215|3:0.1004|4:0.1004|5:0.1004|6:0.1004|7:0.2762
25,reading_grade4_2015,reading-grade4-2015.js,multiple-choice,"Read paragraph 7. ""You won again,"" Sidney muttered, and his head drooped. Which sentence tells why Sidney is acting this way?",7,0.34085648104764166,2.775961422894335,0:0.0936|1:0.0934|2:0.0979|3:0.0936|4:0.0934|5:0.0938|6:0.0934|7:0.3409
26,reading_grade4_2015,reading-grade4-2015.js,multiple-choice,"Read these sentences from paragraph 18. ""No, no,"" argued Alligator. ""I was just yawning."" The author includes this information to show that Alligator is--",5,0.27979479518652073,2.870410081980443,0:0.0999|1:0.0955|2:0.1010|3:0.0956|4:0.0955|5:0.2798|6:0.1010|7:0.1317
27,reading_grade4_2015,reading-grade4-2015.js,multiple-choice,Which sentence about the story best shows that Max is careful?,1,0.19976991694421498,2.8692943986558035,0:0.1970|1:0.1998|2:0.0830|3:0.0830|4:0.0830|5:0.0830|6:0.0830|7:0.1885
28,reading_grade4_2015,reading-grade4-2015.js,multiple-choice,Complete this web with the most appropriate option for the blank circle.,0,0.13371027259486168,2.9994164102994336,0:0.1337|1:0.1231|2:0.1275|3:0.1231|4:0.1231|5:0.1231|6:0.1231|7:0.1231
29,reading_grade4_2015,reading-grade4-2015.js,multiple-choice,Which lesson does Sidney leam in the story?,1,0.3577677536978351,2.7437885002077946,0:0.0917|1:0.3578|2:0.0917|3:0.0917|4:0.0917|5:0.0917|6:0.0917|7:0.0917
30,reading_grade4_2015,reading-grade4-2015.js,multiple-choice,Which detail about the setting is most important to the story?,1,0.2459544441330278,2.920213369115399,0:0.1096|1:0.2460|2:0.1040|3:0.1040|4:0.1040|5:0.1206|6:0.1077|7:0.1040
31,reading_grade4_2015,reading-grade4-2015.js,multiple-choice,"Based on lines 1-4 of the poem, which sentence is correct?",6,0.272937153943914,2.816344069224046,0:0.0787|1:0.0787|2:0.0787|3:0.0814|4:0.1469|5:0.0787|6:0.2729|7:0.1839
32,reading_grade4_2015,reading-grade4-2015.js,multiple-choice,The author includes lines 7 and 8 to--,5,0.2665766743458134,2.864323582058475,0:0.0933|1:0.0933|2:0.0933|3:0.0933|4:0.0933|5:0.2666|6:0.1717|7:0.0951
33,reading_grade4_2015,reading-grade4-2015.js,multiple-choice,Which of these are the thieves trying to find?,0,0.125,3.0,0:0.1250|1:0.1250|2:0.1250|3:0.1250|4:0.1250|5:0.1250|6:0.1250|7:0.1250
34,reading_grade4_2015,reading-grade4-2015.js,multiple-choice,What is the speaker doing in the poem?,6,0.38470409644149095,2.68865068928061,0:0.0879|1:0.0879|2:0.0880|3:0.0879|4:0.0879|5:0.0879|6:0.3847|7:0.0879
35,reading_grade4_2015,reading-grade4-2015.js,multiple-choice,"In paragraph 3, what does crushed mean?",2,0.2767224435928463,2.881442930588242,0:0.1033|1:0.1033|2:0.2767|3:0.1033|4:0.1033|5:0.1035|6:0.1033|7:0.1033
36,reading_grade4_2015,reading-grade4-2015.js,multiple-choice,Which choice best completes this cause-and-effect chart?,0,0.2694415996937464,2.891291821854465,0:0.2694|1:0.1024|2:0.1091|3:0.1024|4:0.1024|5:0.1068|6:0.1052|7:0.1024
37,reading_grade4_2015,reading-grade4-2015.js,multiple-choice,Which sentence about the article is an opinion?,7,0.2361774312782239,2.8410458064215494,0:0.0888|1:0.0888|2:0.0888|3:0.0888|4:0.2312|5:0.0888|6:0.0888|7:0.2362
38,reading_grade4_2015,reading-grade4-2015.js,multiple-choice,Complete these notes.,0,0.13371027259486168,2.9994164102994336,0:0.1337|1:0.1231|2:0.1275|3:0.1231|4:0.1231|5:0.1231|6:0.1231|7:0.1231
39,reading_grade4_2015,reading-grade4-2015.js,multiple-choice,The main reason the author wrote this article is to--,3,0.19872296352447757,2.885178164522802,0:0.0858|1:0.0858|2:0.0858|3:0.1987|4:0.1745|5:0.1977|6:0.0858|7:0.0858
40,reading_grade4_2015,reading-grade4-2015.js,multiple-choice,Which two words are synonyms?,0,0.1318180612835019,2.999479738623477,0:0.1318|1:0.1223|2:0.1284|3:0.1227|4:0.1223|5:0.1232|6:0.1225|7:0.1268
1,reading_grade4_practice_2024,reading-grade4-practice-2024.js,multiple-choice,The details in paragraphs 6-8 show--,5,0.151680626069011,2.9943878016464476,0:0.1187|1:0.1229|2:0.1182|3:0.1216|4:0.1168|5:0.1517|6:0.1332|7:0.1169
2,reading_grade4_practice_2024,reading-grade4-practice-2024.js,multiple-choice,Paragraphs 11-14 show that Callie's mother--,5,0.15850540685172396,2.9919503490968236,0:0.1188|1:0.1244|2:0.1170|3:0.1166|4:0.1166|5:0.1585|6:0.1314|7:0.1166
3,reading_grade4_practice_2024,reading-grade4-practice-2024.js,multiple-choice,Paragraph 15 is mostly about the way Callie--,2,0.21199652273771066,2.9573493362114776,0:0.1119|1:0.1117|2:0.2120|3:0.1119|4:0.1117|5:0.1122|6:0.1117|7:0.1169
4,reading_grade4_practice_2024,reading-grade4-practice-2024.js,multiple-choice,Why does Mrs. Baker need Callie's help?,3,0.1313275634438152,2.9996324480350043,0:0.1250|1:0.1222|2:0.1259|3:0.1313|4:0.1265|5:0.1228|6:0.1222|7:0.1241
5,reading_grade4_practice_2024,reading-grade4-practice-2024.js,multiple-choice,Which heading would be best for paragraph 2?,0,0.3482363833171159,2.7620728441812714,0:0.3482|1:0.0921|2:0.0940|3:0.0968|4:0.0921|5:0.0924|6:0.0921|7:0.0922
6,reading_grade4_practice_2024,reading-grade4-practice-2024.js,multiple-choice,Read this dictionary entry. support (sə-pôrt') v. 1. To give help. 2. To hold up. 3. To keep strong. 4. To provide for. Which meaning of support is used in paragraph 4?,7,0.1834910610040444,2.9572193275846477,0:0.1101|1:0.1060|2:0.1760|3:0.1061|4:0.1060|5:0.1063|6:0.1060|7:0.1835
7,reading_grade4_practice_2024,reading-grade4-practice-2024.js,multiple-choice,The author includes paragraphs 5 and 6 most likely to--,5,0.2573675350336827,2.852951854591332,0:0.0904|1:0.0938|2:0.0904|3:0.1970|4:0.0904|5:0.2574|6:0.0904|7:0.0904
8,reading_grade4_practice_2024,reading-grade4-practice-2024.js,multiple-choice,Which sentence about the Ice Hotel is an opinion?,7,0.2532477492397338,2.9106368162597223,0:0.1030|1:0.1030|2:0.1030|3:0.1091|4:0.1227|5:0.1030|6:0.1030|7:0.2532
9,reading_grade4_practice_2024,reading-grade4-practice-2024.js,multiple-choice,Which detail about the hotel most likely attracts visitors' attention?,3,0.22768926273665174,2.9417207379366106,0:0.1123|1:0.1114|2:0.1067|3:0.2277|4:0.1143|5:0.1130|6:0.1067|7:0.1080
10,reading_grade4_practice_2024,reading-grade4-practice-2024.js,multiple-choice,Branch Rickey wanted Jackie to be part of the Brooklyn Dodgers because--,1,0.13383501963228342,2.998699014213379,0:0.1204|1:0.1338|2:0.1237|3:0.1204|4:0.1316|5:0.1293|6:0.1204|7:0.1204
11,reading_grade4_practice_2024,reading-grade4-practice-2024.js,multiple-choice,The author wrote this article most likely to--,5,0.20870263717941848,2.8637422274680997,0:0.0822|1:0.0822|2:0.0822|3:0.1943|4:0.1861|5:0.2087|6:0.0822|7:0.0822
12,reading_grade4_practice_2024,reading-grade4-practice-2024.js,multiple-choice,"Based on lines 1-4 of the poem, which sentence is correct?",6,0.272937153943914,2.816344069224046,0:0.0787|1:0.0787|2:0.0787|3:0.0814|4:0.1469|5:0.0787|6:0.2729|7:0.1839
13,reading_grade4_practice_2024,reading-grade4-practice-2024.js,multiple-choice,Lines 5-8 are important to the poem because they reveal--,6,0.3168819536572232,2.817212808201507,0:0.0949|1:0.1107|2:0.0949|3:0.0949|4:0.0949|5:0.0949|6:0.3169|7:0.0980
14,reading_grade4_practice_2024,reading-grade4-practice-2024.js,multiple-choice,The thieves are out at night because they are--,0,0.125,3.0,0:0.1250|1:0.1250|2:0.1250|3:0.1250|4:0.1250|5:0.1250|6:0.1250|7:0.1250
15,reading_grade4_practice_2024,reading-grade4-practice-2024.js,multiple-choice,What is the speaker doing in the poem?,6,0.38470409644149095,2.68865068928061,0:0.0879|1:0.0879|2:0.0880|3:0.0879|4:0.0879|5:0.0879|6:0.3847|7:0.0879
16,reading_grade4_practice_2024,reading-grade4-practice-2024.js,multiple-choice,The author includes the first paragraph in order to--,5,0.2986506247774898,2.8477678406532423,0:0.0971|1:0.0992|2:0.0979|3:0.0971|4:0.1066|5:0.2987|6:0.1063|7:0.0971
17,reading_grade4_practice_2024,reading-grade4-practice-2024.js,multiple-choice,"Read this paragraph from the introduction. Visitors are cautioned to pay attention to the surroundings while in these areas. This is a wild place with unpredictable weather changes. With miles of woods and few roads, rescue is difficult or impossible. All visitors are responsible for exploring the area safely. What does cautioned mean?",2,0.17835411308760746,2.9769313872019874,0:0.1105|1:0.1102|2:0.1784|3:0.1143|4:0.1188|5:0.1109|6:0.1102|7:0.1467
18,reading_grade4_practice_2024,reading-grade4-practice-2024.js,multiple-choice,"Read this thesaurus entry. complete adj. - entire, finished, perfect, total. Which word best replaces complete in the ""Hiking Essentials"" section?",0,0.19577541582965188,2.947725818920629,0:0.1958|1:0.1001|2:0.1682|3:0.1053|4:0.1001|5:0.1001|6:0.1001|7:0.1305
19,reading_grade4_practice_2024,reading-grade4-practice-2024.js,multiple-choice,"Based on the information in the ""Keep an Eye to the Sky"" section, the reader can tell that the weather--",4,0.24396080441918194,2.9155653482782364,0:0.1373|1:0.0985|2:0.0978|3:0.1053|4:0.2440|5:0.1183|6:0.1018|7:0.0969
20,reading_grade4_practice_2024,reading-grade4-practice-2024.js,multiple-choice,In which section would the author most likely add information about planning when to hike?,5,0.21718720080271817,2.8781589793796902,0:0.1496|1:0.0861|2:0.0861|3:0.2028|4:0.0861|5:0.2172|6:0.0861|7:0.0861
21,reading_grade4_practice_2024,reading-grade4-practice-2024.js,multiple-choice,The flier shows that Thatcher National Wilderness Area has all of these EXCEPT--,0,0.13946444561683888,2.996955872241696,0:0.1395|1:0.1251|2:0.1182|3:0.1173|4:0.1168|5:0.1302|6:0.1187|7:0.1342
22,reading_grade4_practice_2024,reading-grade4-practice-2024.js,multiple-choice,Which sentence is the best summary of the flier?,0,0.24408455247532895,2.8577100854424717,0:0.2441|1:0.0908|2:0.0908|3:0.0908|4:0.0908|5:0.0908|6:0.0924|7:0.2097
23,reading_grade4_practice_2024,reading-grade4-practice-2024.js,multiple-choice,The author includes information about the setting in paragraph 1 to--,5,0.3125862085922308,2.8256368331142294,0:0.1004|1:0.1027|2:0.0966|3:0.0959|4:0.0964|5:0.3126|6:0.0994|7:0.0959
24,reading_grade4_practice_2024,reading-grade4-practice-2024.js,multiple-choice,Why does the author include paragraph 4?,5,0.3570242755948642,2.745243992455235,0:0.0918|1:0.0917|2:0.0924|3:0.0918|4:0.0917|5:0.3570|6:0.0917|7:0.0918
25,reading_grade4_practice_2024,reading-grade4-practice-2024.js,multiple-choice,What is paragraph 13 mainly about?,2,0.2022150897204866,2.9643720444166917,0:0.1104|1:0.1103|2:0.2022|3:0.1105|4:0.1187|5:0.1272|6:0.1103|7:0.1104
26,reading_grade4_practice_2024,reading-grade4-practice-2024.js,multiple-choice,Why does Papa tell Benjamin that he can pack two books on the wagon?,4,0.14332047605386214,2.9972042020424414,0:0.1275|1:0.1192|2:0.1201|3:0.1297|4:0.1433|5:0.1194|6:0.1192|7:0.1214
27,reading_grade4_practice_2024,reading-grade4-practice-2024.js,multiple-choice,Benjamin begins thinking of faraway places when he--,3,0.14326973756577657,2.997868152003667,0:0.1233|1:0.1219|2:0.1234|3:0.1433|4:0.1219|5:0.1222|6:0.1219|7:0.1220
28,reading_grade4_practice_2024,reading-grade4-practice-2024.js,multiple-choice,What is the main conflict of the story?,1,0.23052294578933347,2.8525355790724785,0:0.0902|1:0.2305|2:0.0902|3:0.2285|4:0.0902|5:0.0902|6:0.0902|7:0.0902
29,reading_grade4_practice_2024,reading-grade4-practice-2024.js,multiple-choice,What is the most important reason Miss Cotter tells Benjamin about Mr. Peters?,3,0.1479570910202963,2.99465728080065,0:0.1178|1:0.1389|2:0.1189|3:0.1480|4:0.1173|5:0.1199|6:0.1210|7:0.1182
30,reading_grade4_practice_2024,reading-grade4-practice-2024.js,multiple-choice,"After Benjamin reads the letter, he most likely feels--",3,0.2766739812181994,2.8815120392055524,0:0.1033|1:0.1033|2:0.1034|3:0.2767|4:0.1033|5:0.1033|6:0.1033|7:0.1033
31,reading_grade4_practice_2024,reading-grade4-practice-2024.js,multiple-choice,Which word is a synonym for settle as it is used in paragraph 1?,2,0.2813008857930397,2.8745175709587154,0:0.1016|1:0.1016|2:0.2813|3:0.1016|4:0.1016|5:0.1016|6:0.1016|7:0.1092
32,reading_grade4_practice_2024,reading-grade4-practice-2024.js,multiple-choice,What does jolt mean in paragraph 2?,2,0.2767224435928463,2.881442930588242,0:0.1033|1:0.1033|2:0.2767|3:0.1033|4:0.1033|5:0.1035|6:0.1033|7:0.1033
33,reading_grade4_practice_2024,reading-grade4-practice-2024.js,multiple-choice,"Which question is answered in the ""Searching for a Buried Treasure"" section of the article?",4,0.21230038430113415,2.946681357117165,0:0.1145|1:0.0986|2:0.1151|3:0.1109|4:0.2123|5:0.1018|6:0.1476|7:0.0991
34,reading_grade4_practice_2024,reading-grade4-practice-2024.js,multiple-choice,Paragraph 11 helps the reader to understand that the pioneers--,4,0.1731711100938076,2.9704129567438597,0:0.1269|1:0.1130|2:0.1636|3:0.1056|4:0.1732|5:0.1061|6:0.1060|7:0.1056
35,reading_grade4_practice_2024,reading-grade4-practice-2024.js,multiple-choice,Which sentence best states the main idea of paragraph 14?,3,0.2923822881897065,2.7905084185795435,0:0.1545|1:0.0767|2:0.0772|3:0.2924|4:0.0767|5:0.0768|6:0.0767|7:0.1690
36,reading_grade4_practice_2024,reading-grade4-practice-2024.js,multiple-choice,"According to the article, which part of the ship was uncovered first?",4,0.27685104704353114,2.880895199725011,0:0.0999|1:0.1078|2:0.1033|3:0.1035|4:0.2769|5:0.1063|6:0.1025|7:0.0999
37,reading_grade4_practice_2024,reading-grade4-practice-2024.js,multiple-choice,In which word does - al have the same meaning as it does in sign al ?,2,0.24688123501951356,2.9168076741126234,0:0.1038|1:0.1038|2:0.2469|3:0.1038|4:0.1038|5:0.1038|6:0.1038|7:0.1301
38,reading_grade4_practice_2024,reading-grade4-practice-2024.js,multiple-choice,"According to the article, the objects that were discovered showed--",4,0.3356428051460464,2.78529239097952,0:0.0937|1:0.0937|2:0.0942|3:0.1015|4:0.3356|5:0.0938|6:0.0937|7:0.0937
39,reading_grade4_practice_2024,reading-grade4-practice-2024.js,multiple-choice,The accident most likely happened because the--,3,0.35615485082362197,2.746946912735569,0:0.0920|1:0.0920|2:0.0920|3:0.3562|4:0.0920|5:0.0920|6:0.0920|7:0.0920
40,reading_grade4_practice_2024,reading-grade4-practice-2024.js,multiple-choice,Which sentence did the author include in the article to suggest that the project was expensive?,5,0.22038804651673086,2.873938675783413,0:0.0844|1:0.0844|2:0.0844|3:0.0844|4:0.1727|5:0.2204|6:0.0844|7:0.1848
41,reading_grade4_practice_2024,reading-grade4-practice-2024.js,multiple-choice,The author most likely wrote the article to--,5,0.20870263717941848,2.8637422274680997,0:0.0822|1:0.0822|2:0.0822|3:0.1943|4:0.1861|5:0.2087|6:0.0822|7:0.0822
42,reading_grade4_practice_2024,reading-grade4-practice-2024.js,multiple-choice,The article supports the idea that--,3,0.25915019313957754,2.842425141693729,0:0.0884|1:0.0884|2:0.0884|3:0.2592|4:0.2036|5:0.0953|6:0.0884|7:0.0884
1,reading_grade5_2015,reading-grade5-2015.js,multiple-choice,What does the word devised mean in paragraph 2?,2,0.33649524551725196,2.7841186604062003,0:0.0948|1:0.0948|2:0.3365|3:0.0948|4:0.0948|5:0.0948|6:0.0948|7:0.0948
2,reading_grade5_2015,reading-grade5-2015.js,multiple-choice,"At the beginning of the story, what does Charlie think about the morning news program?",1,0.24485060906389988,2.9225870681594435,0:0.1067|1:0.2449|2:0.1067|3:0.1151|4:0.1067|5:0.1067|6:0.1067|7:0.1067
3,reading_grade5_2015,reading-grade5-2015.js,multiple-choice,"Charlie's mother calls him an ""experimenter"" because he--",1,0.13613226538571543,2.9987698778348415,0:0.1221|1:0.1361|2:0.1221|3:0.1314|4:0.1221|5:0.1221|6:0.1221|7:0.1221
4,reading_grade5_2015,reading-grade5-2015.js,multiple-choice,What happens as Charlie walks to his classroom?,1,0.13613226538571543,2.9987698778348415,0:0.1221|1:0.1361|2:0.1221|3:0.1314|4:0.1221|5:0.1221|6:0.1221|7:0.1221
5,reading_grade5_2015,reading-grade5-2015.js,multiple-choice,Why does Charlie wait until after school to share his idea with Mrs. Barnes?,3,0.24009305374683368,2.9283282890830877,0:0.1073|1:0.1134|2:0.1082|3:0.2401|4:0.1073|5:0.1073|6:0.1073|7:0.1091
6,reading_grade5_2015,reading-grade5-2015.js,multiple-choice,"Based on the ending of the story, what will Charlie most likely do during the next school news program?",1,0.19368363669069946,2.915552152985077,0:0.0918|1:0.1937|2:0.0927|3:0.1913|4:0.1549|5:0.0918|6:0.0919|7:0.0918
7,reading_grade5_2015,reading-grade5-2015.js,multiple-choice,Which would be the best heading for paragraph 2?,0,0.3482363833171159,2.7620728441812714,0:0.3482|1:0.0921|2:0.0940|3:0.0968|4:0.0921|5:0.0924|6:0.0921|7:0.0922
8,reading_grade5_2015,reading-grade5-2015.js,multiple-choice,How is the information in paragraphs 5 and 6 organized?,5,0.1756412787043814,2.9829561100061905,0:0.1320|1:0.1191|2:0.1144|3:0.1130|4:0.1204|5:0.1756|6:0.1127|7:0.1128
9,reading_grade5_2015,reading-grade5-2015.js,multiple-choice,Which sentence supports the idea that blobfish are rarely seen by people?,3,0.2540061614553463,2.8639353137584074,0:0.0919|1:0.0919|2:0.0919|3:0.2540|4:0.0919|5:0.0952|6:0.0919|7:0.1914
10,reading_grade5_2015,reading-grade5-2015.js,multiple-choice,"Based on this article, what does the author most likely believe?",4,0.26097671465061284,2.792568307621334,0:0.0736|1:0.0736|2:0.0736|3:0.1844|4:0.2610|5:0.1867|6:0.0736|7:0.0736
11,reading_grade5_2015,reading-grade5-2015.js,multiple-choice,Which sentence from the article is an opinion?,7,0.2361774312782239,2.8410458064215494,0:0.0888|1:0.0888|2:0.0888|3:0.0888|4:0.2312|5:0.0888|6:0.0888|7:0.2362
12,reading_grade5_2015,reading-grade5-2015.js,multiple-choice,"Read this sentence from paragraph 3. On the drive from Arlington that morning, Rachel listened to her family's excited chatter about their trip. Which word would be the best synonym for the word chatter as it is used in this sentence?",7,0.22211089938822196,2.8717856491651723,0:0.1594|1:0.0839|2:0.1956|3:0.0872|4:0.0839|5:0.0840|6:0.0839|7:0.2221
13,reading_grade5_2015,reading-grade5-2015.js,multiple-choice,"As Rachel approaches the camp activity areas, she discovers that all of them--",4,0.1360629661015323,2.9990221620284307,0:0.1215|1:0.1275|2:0.1234|3:0.1257|4:0.1361|5:0.1215|6:0.1215|7:0.1229
14,reading_grade5_2015,reading-grade5-2015.js,multiple-choice,Rachel's main conflict in the story is with--,1,0.21648931494997628,2.887677634555466,0:0.0947|1:0.2165|2:0.0952|3:0.2148|4:0.0947|5:0.0947|6:0.0947|7:0.0947
15,reading_grade5_2015,reading-grade5-2015.js,multiple-choice,What changes Rachel's mind about the camp?,3,0.12963537174393025,2.999644614487158,0:0.1228|1:0.1294|2:0.1255|3:0.1296|4:0.1228|5:0.1228|6:0.1228|7:0.1245
16,reading_grade5_2015,reading-grade5-2015.js,multiple-choice,Rachel wants to stay home for the summer because she--,3,0.13904000261937144,2.9986522488099037,0:0.1233|1:0.1259|2:0.1232|3:0.1390|4:0.1237|5:0.1213|6:0.1213|7:0.1223
17,reading_grade5_2015,reading-grade5-2015.js,multiple-choice,Which quality do Lyla and Sarah share?,0,0.125,3.0,0:0.1250|1:0.1250|2:0.1250|3:0.1250|4:0.1250|5:0.1250|6:0.1250|7:0.1250
18,reading_grade5_2015,reading-grade5-2015.js,multiple-choice,"Based on the recipe, a reader should consider cooking syrup in order to--",4,0.2640537286623906,2.898220189080204,0:0.1073|1:0.1041|2:0.1013|3:0.1032|4:0.2641|5:0.1085|6:0.1111|7:0.1004
19,reading_grade5_2015,reading-grade5-2015.js,multiple-choice,Which sentence is a fact based on the recipe?,7,0.2350872086817759,2.8830645222266553,0:0.0920|1:0.0923|2:0.0920|3:0.1007|4:0.1977|5:0.0920|6:0.0980|7:0.2351
20,reading_grade5_2015,reading-grade5-2015.js,multiple-choice,"If the author had included reasons for using honey instead of sugar, in which section would it appear?",5,0.21642314231156123,2.9334270700992113,0:0.1644|1:0.1005|2:0.1005|3:0.1166|4:0.1005|5:0.2164|6:0.1005|7:0.1005
21,reading_grade5_2015,reading-grade5-2015.js,multiple-choice,"If a person wants extra flavor in the syrup, at which step in the recipe would lemon juice be added?",0,0.1848402726726743,2.975269561908428,0:0.1848|1:0.1126|2:0.1126|3:0.1398|4:0.1126|5:0.1126|6:0.1126|7:0.1126
22,reading_grade5_2015,reading-grade5-2015.js,multiple-select,Which words from this history textbook are synonyms?,2,0.13207191875051347,2.999509296507998,0:0.1288|1:0.1226|2:0.1321|3:0.1231|4:0.1226|5:0.1239|6:0.1232|7:0.1237
23,reading_grade5_2015,reading-grade5-2015.js,multiple-choice,Which sentence contains an example of figurative language?,7,0.2599707538116086,2.904220807758824,0:0.1066|1:0.1055|2:0.1055|3:0.1055|4:0.1055|5:0.1055|6:0.1059|7:0.2600
24,reading_grade5_2015,reading-grade5-2015.js,multiple-choice,Read this dictionary entry. prime (prīm) adj 1. Of main importance. 2. Of the finest quality. 3. Evenly divisible only by itself and one. n. 4. A time of strength or success in a person's life. Which sentence is an example of definition 2?,7,0.22330614032433005,2.9186021958105846,0:0.1009|1:0.0976|2:0.1089|3:0.1751|4:0.0987|5:0.0980|6:0.0976|7:0.2233
25,reading_grade5_2015,reading-grade5-2015.js,multiple-choice,"Read this sentence from paragraph 6. Since catching a glimpse of Earth from space will be the main reason most guests want to travel to a space hotel, they will be able to open and close viewing windows and watch as the hotel orbits Earth 15 times a day. Which word is a homophone for main ?",3,0.22279231261552465,2.916863160036339,0:0.0941|1:0.0940|2:0.1389|3:0.2228|4:0.0972|5:0.0941|6:0.0940|7:0.1649
26,reading_grade5_2015,reading-grade5-2015.js,multiple-choice,Paragraphs 6 and 7 mainly provide details about the--,5,0.15616641024433725,2.993780815431293,0:0.1188|1:0.1236|2:0.1188|3:0.1217|4:0.1235|5:0.1562|6:0.1202|7:0.1172
27,reading_grade5_2015,reading-grade5-2015.js,multiple-choice,What would an illustration of the outside of the space hotel best help the reader understand?,0,0.23097929219744007,2.9287237568087914,0:0.2310|1:0.1049|2:0.1014|3:0.1127|4:0.1460|5:0.1014|6:0.1014|7:0.1014
28,reading_grade5_2015,reading-grade5-2015.js,multiple-choice,"According to the article, how many guests will the first space hotel hold at one time?",4,0.2442661375105263,2.922515474046542,0:0.1039|1:0.1041|2:0.1059|3:0.1198|4:0.2443|5:0.1074|6:0.1081|7:0.1064
29,reading_grade5_2015,reading-grade5-2015.js,multiple-choice,"Based on the article, space hotel guests would wear Velcro suits mainly to--",4,0.2649541953398535,2.8911351244936685,0:0.1297|1:0.0971|2:0.0971|3:0.1158|4:0.2650|5:0.1012|6:0.0972|7:0.0971
30,reading_grade5_2015,reading-grade5-2015.js,multiple-choice,Which sentence would best belong in a summary of the article?,0,0.25133783864088766,2.8413258990740706,0:0.2513|1:0.0804|2:0.0804|3:0.0823|4:0.1711|5:0.0804|6:0.0804|7:0.1736
31,reading_grade5_2015,reading-grade5-2015.js,multiple-choice,What is the effect of the cause shown below? Cause: Four companies form Galactic Suite Limited.,4,0.13133817021164088,2.9993937365649095,0:0.1252|1:0.1225|2:0.1225|3:0.1309|4:0.1313|5:0.1225|6:0.1225|7:0.1225
32,reading_grade5_2015,reading-grade5-2015.js,multiple-choice,What is the best title for these notes? Receive 16 weeks of astronaut training Experience conditions of life in space Take a day-and-a-half spacecraft trip,0,0.2155621078410979,2.9536433793795585,0:0.2156|1:0.1163|2:0.1097|3:0.1186|4:0.1101|5:0.1097|6:0.1102|7:0.1098
33,reading_grade5_2015,reading-grade5-2015.js,multiple-choice,The main idea of the article is that space travel--,3,0.3127102930568797,2.7780761739221758,0:0.0846|1:0.0846|2:0.0846|3:0.3127|4:0.1797|5:0.0846|6:0.0846|7:0.0846
34,reading_grade5_2015,reading-grade5-2015.js,multiple-choice,"What is the root word in ""weightlessness""?",2,0.26550997617619004,2.896921875052572,0:0.1049|1:0.1049|2:0.2655|3:0.1049|4:0.1049|5:0.1049|6:0.1049|7:0.1049
35,reading_grade5_2015,reading-grade5-2015.js,multiple-choice,The poet includes lines 1 and 2 most likely to--,3,0.21887243582526525,2.9183758049645583,0:0.0945|1:0.0945|2:0.0945|3:0.2189|4:0.0945|5:0.1312|6:0.1735|7:0.0983
36,reading_grade5_2015,reading-grade5-2015.js,multiple-choice,Nellie Bly writes about her journey for New York World because she wants to--,3,0.14061412042091173,2.998334021922222,0:0.1251|1:0.1217|2:0.1217|3:0.1406|4:0.1256|5:0.1217|6:0.1217|7:0.1217
37,reading_grade5_2015,reading-grade5-2015.js,multiple-choice,Nellie Bly's boss most likely believes that women--,3,0.35615485082362197,2.746946912735569,0:0.0920|1:0.0920|2:0.0920|3:0.3562|4:0.0920|5:0.0920|6:0.0920|7:0.0920
38,reading_grade5_2015,reading-grade5-2015.js,multiple-choice,Which question presents one problem Nellie faced during her trip?,6,0.15514810479341715,2.99382573713875,0:0.1245|1:0.1171|2:0.1276|3:0.1198|4:0.1181|5:0.1177|6:0.1551|7:0.1200
39,reading_grade5_2015,reading-grade5-2015.js,multiple-choice,Which of these is the best summary of the poem?,0,0.2532720900593657,2.807011213892314,0:0.2533|1:0.0849|2:0.0849|3:0.0849|4:0.0849|5:0.0849|6:0.2372|7:0.0849
40,reading_grade5_2015,reading-grade5-2015.js,multiple-choice,Which root word has a prefix and a suffix?,2,0.26550997617619004,2.896921875052572,0:0.1049|1:0.1049|2:0.2655|3:0.1049|4:0.1049|5:0.1049|6:0.1049|7:0.1049
1,reading_grade5_practice_2024,reading-grade5-practice-2024.js,multiple-choice,The author's purpose in the first paragraph is to--,5,0.31633262661222955,2.8190581942473107,0:0.0942|1:0.0971|2:0.0952|3:0.0954|4:0.1015|5:0.3163|6:0.1040|7:0.0962
2,reading_grade5_practice_2024,reading-grade5-practice-2024.js,multiple-choice,Read these sentences from paragraph 3. Jefferson brought seeds and plants back from his travels. He even tried to grow broccoli from Italy and peppers from Mexico. Which word from a glossary entry best describes Jefferson's plants in these sentences?,2,0.18433892864430104,2.9470585740592448,0:0.1824|1:0.0988|2:0.1843|3:0.0989|4:0.0988|5:0.1094|6:0.0988|7:0.1286
3,reading_grade5_practice_2024,reading-grade5-practice-2024.js,multiple-choice,The idea that Monticello continues to attract attention is best supported by the fact that--,3,0.2398312983437342,2.860551118907813,0:0.2118|1:0.0898|2:0.0898|3:0.2398|4:0.0898|5:0.0898|6:0.0898|7:0.0995
4,reading_grade5_practice_2024,reading-grade5-practice-2024.js,multiple-choice,"According to the article, how was Jefferson different from most American farmers of his time?",4,0.2883652269312242,2.8640680612247436,0:0.1004|1:0.1003|2:0.1011|3:0.1081|4:0.2884|5:0.1010|6:0.1003|7:0.1004
5,reading_grade5_practice_2024,reading-grade5-practice-2024.js,multiple-choice,"In paragraph 7, what does the word rifling mean?",2,0.33649524551725196,2.7841186604062003,0:0.0948|1:0.0948|2:0.3365|3:0.0948|4:0.0948|5:0.0948|6:0.0948|7:0.0948
6,reading_grade5_practice_2024,reading-grade5-practice-2024.js,multiple-choice,The resolution of the story occurs when Leroy--,1,0.3577677536978351,2.7437885002077946,0:0.0917|1:0.3578|2:0.0917|3:0.0917|4:0.0917|5:0.0917|6:0.0917|7:0.0917
7,reading_grade5_practice_2024,reading-grade5-practice-2024.js,multiple-choice,Leroy first begins to understand the value of hard work when he--,4,0.14672844948689148,2.9957841456894503,0:0.1237|1:0.1290|2:0.1190|3:0.1157|4:0.1467|5:0.1200|6:0.1303|7:0.1157
8,reading_grade5_practice_2024,reading-grade5-practice-2024.js,multiple-choice,"After Leroy decides to help Grandma Etta, why must they wait several days before making the soup?",4,0.1302630843445707,2.999712015735006,0:0.1280|1:0.1232|2:0.1250|3:0.1234|4:0.1303|5:0.1236|6:0.1232|7:0.1234
9,reading_grade5_practice_2024,reading-grade5-practice-2024.js,multiple-choice,Leroy performed all of these chores for Grandma Etta EXCEPT--,0,0.125,3.0,0:0.1250|1:0.1250|2:0.1250|3:0.1250|4:0.1250|5:0.1250|6:0.1250|7:0.1250
10,reading_grade5_practice_2024,reading-grade5-practice-2024.js,multiple-choice,"If the story were told from Grandma Etta's point of view, the reader would understand why--",1,0.19975017716711127,2.952247353091588,0:0.1507|1:0.1998|2:0.1014|3:0.1058|4:0.1381|5:0.1022|6:0.1010|7:0.1010
11,reading_grade5_practice_2024,reading-grade5-practice-2024.js,multiple-choice,The idea that ancient people had powerful imaginations is supported by the fact that they--,3,0.2739236454700564,2.8845553405639213,0:0.1036|1:0.1017|2:0.1017|3:0.2739|4:0.1017|5:0.1017|6:0.1017|7:0.1139
12,reading_grade5_practice_2024,reading-grade5-practice-2024.js,multiple-choice,The main idea of the article is that the one-horned deer —,3,0.34281120899531276,2.709899160862496,0:0.0785|1:0.0785|2:0.0785|3:0.3428|4:0.1864|5:0.0785|6:0.0785|7:0.0785
13,reading_grade5_practice_2024,reading-grade5-practice-2024.js,multiple-choice,Which detail would best belong in a summary of the article?,0,0.2741096991570994,2.8403228727587484,0:0.2741|1:0.0905|2:0.0898|3:0.0915|4:0.1846|5:0.0898|6:0.0898|7:0.0898
14,reading_grade5_practice_2024,reading-grade5-practice-2024.js,multiple-choice,Which of these is the best summary of the poem?,0,0.2532720900593657,2.807011213892314,0:0.2533|1:0.0849|2:0.0849|3:0.0849|4:0.0849|5:0.0849|6:0.2372|7:0.0849
15,reading_grade5_practice_2024,reading-grade5-practice-2024.js,multiple-choice,"In ""Born in the Desert,"" the reader can tell that Rahim first becomes nervous when he--",4,0.20325324978698875,2.9638215285543548,0:0.1226|1:0.1153|2:0.1132|3:0.1081|4:0.2033|5:0.1092|6:0.1203|7:0.1081
16,reading_grade5_practice_2024,reading-grade5-practice-2024.js,multiple-choice,"Which sentence from ""Born in the Desert"" is the best example of a comparison?",7,0.24313860324575784,2.84231365201532,0:0.2229|1:0.0890|2:0.0890|3:0.0890|4:0.0890|5:0.0890|6:0.0890|7:0.2431
17,reading_grade5_practice_2024,reading-grade5-practice-2024.js,multiple-choice,"Read this list. According to ""Buddies Make a Difference,"" which activity belongs on the list?",4,0.1748119087741832,2.968151805544859,0:0.1074|1:0.1073|2:0.1164|3:0.1106|4:0.1748|5:0.1075|6:0.1073|7:0.1687
18,reading_grade5_practice_2024,reading-grade5-practice-2024.js,multiple-choice,"Fifth graders are buddies in ""Buddies Make a Difference"" because they--",0,0.125,3.0,0:0.1250|1:0.1250|2:0.1250|3:0.1250|4:0.1250|5:0.1250|6:0.1250|7:0.1250
19,reading_grade5_practice_2024,reading-grade5-practice-2024.js,multiple-choice,"Rahim from ""Born in the Desert"" and Tim from ""Buddies Make a Difference"" both--",0,0.125,3.0,0:0.1250|1:0.1250|2:0.1250|3:0.1250|4:0.1250|5:0.1250|6:0.1250|7:0.1250
20,reading_grade5_practice_2024,reading-grade5-practice-2024.js,multiple-choice,"What is the main idea of the section titled ""Prospecting: Then and Now""?",3,0.36878095610938744,2.720505204621021,0:0.1020|1:0.0878|2:0.0881|3:0.3688|4:0.0878|5:0.0897|6:0.0878|7:0.0878
21,reading_grade5_practice_2024,reading-grade5-practice-2024.js,multiple-choice,"According to step 3 of the ""Panning Instructions"" section, the main effect of swirling the pan in the water is to--",3,0.23604456842052754,2.9236953237072028,0:0.1166|1:0.1003|2:0.1008|3:0.2360|4:0.1426|5:0.1029|6:0.1003|7:0.1003
22,reading_grade5_practice_2024,reading-grade5-practice-2024.js,multiple-choice,"Which detail would be the least important to include in a summary of the section ""Panning Instructions""?",0,0.2068130894613599,2.9561975771651,0:0.2068|1:0.1212|2:0.1033|3:0.1164|4:0.1033|5:0.1370|6:0.1086|7:0.1033
23,reading_grade5_practice_2024,reading-grade5-practice-2024.js,multiple-choice,"In addition to providing light to visitors, using electric power lines in the mine will--",6,0.19120495041014735,2.974115727993212,0:0.1124|1:0.1123|2:0.1128|3:0.1181|4:0.1144|5:0.1211|6:0.1912|7:0.1178
24,reading_grade5_practice_2024,reading-grade5-practice-2024.js,multiple-choice,"Based on the ""Panning Instructions"" section, everything may fall out of the pan if the--",4,0.2288726347572612,2.9306283015368524,0:0.1461|1:0.1003|2:0.1005|3:0.1149|4:0.2289|5:0.1016|6:0.1072|7:0.1006
25,reading_grade5_practice_2024,reading-grade5-practice-2024.js,multiple-choice,"If the author added additional questions about panning to the ""Frequently Asked Questions"" section, which would be least useful to the reader?",5,0.20869955882367222,2.9342129307135956,0:0.1653|1:0.0958|2:0.0958|3:0.1079|4:0.1348|5:0.2087|6:0.0958|7:0.0958
26,reading_grade5_practice_2024,reading-grade5-practice-2024.js,multiple-choice,"What does the word processing mean in the section ""How long should I plan to stay at the mine""?",2,0.24985817889908776,2.913821068007219,0:0.1244|1:0.1020|2:0.2499|3:0.1149|4:0.1020|5:0.1027|6:0.1020|7:0.1021
27,reading_grade5_practice_2024,reading-grade5-practice-2024.js,multiple-choice,"Based on the brochure, which location is NOT a place prospectors mine for minerals?",4,0.23442107026785108,2.933552932086762,0:0.1063|1:0.1070|2:0.1063|3:0.1114|4:0.2344|5:0.1063|6:0.1220|7:0.1063
28,reading_grade5_practice_2024,reading-grade5-practice-2024.js,multiple-choice,"According to the article, which activity is done by both visitors and staff?",4,0.271825782368674,2.8882148458961385,0:0.1033|1:0.1032|2:0.1043|3:0.1075|4:0.2718|5:0.1034|6:0.1032|7:0.1033
29,reading_grade5_practice_2024,reading-grade5-practice-2024.js,multiple-choice,"According to the brochure, visitors should swirl the pans slowly because the--",4,0.18922889856069802,2.9756358174169915,0:0.1143|1:0.1141|2:0.1171|3:0.1223|4:0.1892|5:0.1146|6:0.1141|7:0.1143
30,reading_grade5_practice_2024,reading-grade5-practice-2024.js,multiple-choice,In which part of the brochure would the author include the names of local jewelers who work with gemstones?,5,0.25299152053230384,2.902215694835387,0:0.1450|1:0.1033|2:0.0985|3:0.1049|4:0.0985|5:0.2530|6:0.0985|7:0.0985
31,reading_grade5_practice_2024,reading-grade5-practice-2024.js,multiple-choice,Which two words from the brochure are antonyms?,0,0.1318180612835019,2.999479738623477,0:0.1318|1:0.1223|2:0.1284|3:0.1227|4:0.1223|5:0.1232|6:0.1225|7:0.1268
32,reading_grade5_practice_2024,reading-grade5-practice-2024.js,multiple-choice,"Read this thesaurus entry. scrub v. - clean, erase, polish, scrap. Which word best replaces scrub in paragraph 6?",2,0.23002028654928136,2.8720145343026546,0:0.2026|1:0.0867|2:0.2300|3:0.0867|4:0.0867|5:0.0867|6:0.0867|7:0.1340
33,reading_grade5_practice_2024,reading-grade5-practice-2024.js,multiple-choice,"Read this sentence from paragraph 7. Then she breezed around the mess, burst out the front door, and escaped. Which meaning of burst is used in this sentence?",7,0.36634089614039994,2.7244357245962147,0:0.0879|1:0.0878|2:0.1066|3:0.0879|4:0.0878|5:0.0879|6:0.0878|7:0.3663
34,reading_grade5_practice_2024,reading-grade5-practice-2024.js,multiple-choice,Maddy tosses her brother's backpack on the floor because she--,0,0.125,3.0,0:0.1250|1:0.1250|2:0.1250|3:0.1250|4:0.1250|5:0.1250|6:0.1250|7:0.1250
35,reading_grade5_practice_2024,reading-grade5-practice-2024.js,multiple-choice,Maddy goes to the game most likely because she--,3,0.35615485082362197,2.746946912735569,0:0.0920|1:0.0920|2:0.0920|3:0.3562|4:0.0920|5:0.0920|6:0.0920|7:0.0920
36,reading_grade5_practice_2024,reading-grade5-practice-2024.js,multiple-choice,Which phrase from the story tells the most about the setting?,1,0.2717480456501725,2.8877946282290035,0:0.1024|1:0.2717|2:0.1024|3:0.1024|4:0.1024|5:0.1129|6:0.1034|7:0.1024
37,reading_grade5_practice_2024,reading-grade5-practice-2024.js,multiple-choice,Which sentence from the story contains an example of figurative language?,7,0.23096785776859172,2.9024200580467463,0:0.0975|1:0.1840|2:0.0975|3:0.0975|4:0.0975|5:0.0975|6:0.0975|7:0.2310
38,reading_grade5_practice_2024,reading-grade5-practice-2024.js,multiple-choice,The main conflict in the story is that Maddy--,1,0.23052294578933347,2.8525355790724785,0:0.0902|1:0.2305|2:0.0902|3:0.2285|4:0.0902|5:0.0902|6:0.0902|7:0.0902
1,reading_grade6_2015,reading-grade6-2015.js,multiple-choice,"Read this sentence from paragraph 2. Julia relaxed, thinking Mr. Malone would let another tardy slide by. What does this sentence suggest?",7,0.32617038001852605,2.7966472276284735,0:0.1210|1:0.0890|2:0.0899|3:0.1015|4:0.0890|5:0.0945|6:0.0890|7:0.3262
2,reading_grade6_2015,reading-grade6-2015.js,multiple-choice,"In paragraph 6, Julia's response to the news that she cannot attend the field trip best indicates that she--",0,0.28048395410523297,2.8755432067971087,0:0.2805|1:0.1005|2:0.1050|3:0.1097|4:0.1005|5:0.1011|6:0.1005|7:0.1022
3,reading_grade6_2015,reading-grade6-2015.js,multiple-choice,"In paragraph 12, which topic do the adults most likely discuss before Julia arrives?",3,0.3201782871316299,2.8130288999983293,0:0.0966|1:0.0965|2:0.0992|3:0.3202|4:0.0965|5:0.0969|6:0.0965|7:0.0978
4,reading_grade6_2015,reading-grade6-2015.js,multiple-choice,"In paragraph 14, what does acknowledgment mean?",2,0.2767224435928463,2.881442930588242,0:0.1033|1:0.1033|2:0.2767|3:0.1033|4:0.1033|5:0.1035|6:0.1033|7:0.1033
5,reading_grade6_2015,reading-grade6-2015.js,multiple-choice,Which word in paragraph 17 signals a generalization?,2,0.3697461862354599,2.7198221085865395,0:0.0900|1:0.0900|2:0.3697|3:0.0904|4:0.0900|5:0.0900|6:0.0900|7:0.0900
6,reading_grade6_2015,reading-grade6-2015.js,multiple-choice,Select the appropriate effect of the cause listed below. Cause: Julia is tardy three times.,3,0.1359613359183774,2.998868510333461,0:0.1276|1:0.1212|2:0.1217|3:0.1360|4:0.1285|5:0.1212|6:0.1211|7:0.1227
7,reading_grade6_2015,reading-grade6-2015.js,multiple-choice,Which statement is most likely true about Julia's dad?,3,0.24624743555743428,2.9188831773697324,0:0.1257|1:0.1045|2:0.1046|3:0.2462|4:0.1045|5:0.1045|6:0.1045|7:0.1055
8,reading_grade6_2015,reading-grade6-2015.js,multiple-choice,Which sentence states the most likely reason Julia is allowed to go on the field trip?,3,0.21250213649722718,2.913156413804538,0:0.1028|1:0.0979|2:0.0979|3:0.2125|4:0.0979|5:0.0979|6:0.0979|7:0.1954
9,reading_grade6_2015,reading-grade6-2015.js,multiple-choice,"At the end of the story, the reader may best conclude that the biggest reward for Julia is--",0,0.20222101007468232,2.910554686370448,0:0.2022|1:0.1991|2:0.0916|3:0.0982|4:0.1347|5:0.0914|6:0.0914|7:0.0914
10,reading_grade6_2015,reading-grade6-2015.js,multiple-choice,"Which information would best be included in ""The Mystery of Mountain Lake"" section?",0,0.25156397771773814,2.9122792668184294,0:0.2516|1:0.1007|2:0.1007|3:0.1173|4:0.1105|5:0.1176|6:0.1007|7:0.1007
11,reading_grade6_2015,reading-grade6-2015.js,multiple-choice,"According to information in paragraph 4, the main goal of Mountain Lake Conservancy is to--",3,0.23394507427717087,2.925226172840264,0:0.1080|1:0.0979|2:0.1035|3:0.2339|4:0.1433|5:0.1171|6:0.0979|7:0.0982
12,reading_grade6_2015,reading-grade6-2015.js,multiple-choice,Which heading would be best for paragraph 5?,0,0.3482363833171159,2.7620728441812714,0:0.3482|1:0.0921|2:0.0940|3:0.0968|4:0.0921|5:0.0924|6:0.0921|7:0.0922
13,reading_grade6_2015,reading-grade6-2015.js,multiple-choice,The author organizes information in paragraph 6 by--,5,0.368394759641718,2.721824997553493,0:0.0989|1:0.0881|2:0.0887|3:0.0882|4:0.0914|5:0.3684|6:0.0881|7:0.0882
14,reading_grade6_2015,reading-grade6-2015.js,multiple-choice,"Based on the article, the mystery at Mountain Lake was difficult to solve since the cause of the changing water levels was--",4,0.2797315368845712,2.8769118078663762,0:0.1018|1:0.1018|2:0.1018|3:0.1081|4:0.2797|5:0.1018|6:0.1030|7:0.1018
15,reading_grade6_2015,reading-grade6-2015.js,multiple-choice,"The author refers to the hotel as ""The historical Mountain Lake Hotel"" most likely because of its--",3,0.18982125782515633,2.948161233546092,0:0.1033|1:0.1033|2:0.1033|3:0.1898|4:0.1113|5:0.1808|6:0.1033|7:0.1047
16,reading_grade6_2015,reading-grade6-2015.js,multiple-choice,"According to the article, the most likely reason visitors return to the Mountain Lake Hotel is to--",4,0.21070483113491503,2.916108030316068,0:0.0989|1:0.0989|2:0.0990|3:0.1946|4:0.2107|5:0.0989|6:0.0989|7:0.1001
17,reading_grade6_2015,reading-grade6-2015.js,multiple-choice,Which sentence from the article states an opinion?,7,0.22552725614406058,2.8810256081481196,0:0.0921|1:0.0921|2:0.0921|3:0.1037|4:0.2103|5:0.0921|6:0.0921|7:0.2255
18,reading_grade6_2015,reading-grade6-2015.js,multiple-choice,"Which word means ""to be continually engaged in close, careful study""?",2,0.32926220765357145,2.7971698401341087,0:0.0958|1:0.0958|2:0.3293|3:0.0958|4:0.0958|5:0.0958|6:0.0958|7:0.0958
19,reading_grade6_2015,reading-grade6-2015.js,multiple-choice,"The author's use of the word ""flying"" in the title best shows that the speaker--",5,0.17957689586618533,2.9356765668565163,0:0.1675|1:0.0942|2:0.1467|3:0.0872|4:0.0872|5:0.1796|6:0.1505|7:0.0872
20,reading_grade6_2015,reading-grade6-2015.js,multiple-choice,"Read lines 4-5 from the poem. My sled and I are like one creature; We lean together in the turns, Based on these lines, the speaker's closeness to the sled shows the speaker is--",6,0.3080680960679739,2.824811225741168,0:0.0906|1:0.0890|2:0.0928|3:0.0900|4:0.1207|5:0.0902|6:0.3081|7:0.1187
21,reading_grade6_2015,reading-grade6-2015.js,multiple-select,Which two words are the best synonyms for lumber in line 18?,0,0.23142920061136665,2.9376573709284646,0:0.2314|1:0.1080|2:0.1108|3:0.1080|4:0.1080|5:0.1080|6:0.1175|7:0.1083
22,reading_grade6_2015,reading-grade6-2015.js,multiple-choice,Which line best suggests that the speaker has been down the hill in the past?,0,0.21557644395279124,2.9087729798286235,0:0.2156|1:0.0971|2:0.1021|3:0.0972|4:0.0971|5:0.0974|6:0.1964|7:0.0972
23,reading_grade6_2015,reading-grade6-2015.js,multiple-choice,What will the speaker most likely do next?,3,0.24849572215244964,2.848393073045613,0:0.0896|1:0.0896|2:0.0915|3:0.2485|4:0.0896|5:0.0896|6:0.2121|7:0.0896
24,reading_grade6_2015,reading-grade6-2015.js,multiple-choice,"Read this sentence. A small vice in Craig's writing style is his habit of not explaining his ideas, but he can improve his skills with increased effort. What is the meaning of vice in this sentence?",7,0.3669741520442919,2.7251548568262827,0:0.0895|1:0.0895|2:0.0961|3:0.0895|4:0.0895|5:0.0895|6:0.0895|7:0.3670
25,reading_grade6_2015,reading-grade6-2015.js,multiple-choice,"Which word comes from a root that means ""to try""?",2,0.2819323121764883,2.873927183931415,0:0.1024|1:0.1024|2:0.2819|3:0.1024|4:0.1039|5:0.1024|6:0.1024|7:0.1024
26,reading_grade6_2015,reading-grade6-2015.js,multiple-choice,Which question is answered in the first paragraph?,2,0.19261486659147226,2.952878177663055,0:0.1037|1:0.1086|2:0.1926|3:0.1037|4:0.1128|5:0.1040|6:0.1710|7:0.1037
27,reading_grade6_2015,reading-grade6-2015.js,multiple-choice,"What information could best be added to the section ""Clip, Save, and Win""?",0,0.282016325650612,2.8691262084549756,0:0.2820|1:0.0962|2:0.0962|3:0.1081|4:0.1003|5:0.1249|6:0.0962|7:0.0962
28,reading_grade6_2015,reading-grade6-2015.js,multiple-choice,"Read this sentence from ""Win a Lions T-Shirt."" Just fill out this form, drop it off at the school store, and listen to the announce ments every morning. In which word does - ment have the same meaning as it does in announce ment ?",7,0.2573603081934066,2.871392470145122,0:0.0935|1:0.0943|2:0.1790|3:0.0952|4:0.0935|5:0.0935|6:0.0935|7:0.2574
29,reading_grade6_2015,reading-grade6-2015.js,multiple-choice,What is the purpose of the Lion's Den?,5,0.16127842467595424,2.9910735117824485,0:0.1155|1:0.1153|2:0.1192|3:0.1233|4:0.1153|5:0.1613|6:0.1218|7:0.1282
30,reading_grade6_2015,reading-grade6-2015.js,multiple-select,Complete these notes. Ways the Lion's Den tries to persuade students to visit the school store:,2,0.13106262230099108,2.999519243863075,0:0.1269|1:0.1241|2:0.1311|3:0.1281|4:0.1215|5:0.1222|6:0.1215|7:0.1247
31,reading_grade6_2015,reading-grade6-2015.js,multiple-choice,The school store will most benefit students who--,2,0.1304821130004998,2.9994572245045177,0:0.1221|1:0.1250|2:0.1305|3:0.1303|4:0.1217|5:0.1227|6:0.1217|7:0.1260
32,reading_grade6_2015,reading-grade6-2015.js,multiple-choice,Which sentence states a fact about the information in the flier?,7,0.22745050726494317,2.938066454930616,0:0.1184|1:0.1001|2:0.1001|3:0.1185|4:0.1106|5:0.1248|6:0.1001|7:0.2275
33,reading_grade6_2015,reading-grade6-2015.js,multiple-choice,Paragraph 1 indicates that therapy dogs can work with children who--,2,0.3159165795175077,2.820331825409232,0:0.0975|1:0.0974|2:0.3159|3:0.0992|4:0.0974|5:0.0976|6:0.0974|7:0.0975
34,reading_grade6_2015,reading-grade6-2015.js,multiple-choice,Which question is answered in paragraph 2?,2,0.20579696325010363,2.9418678113516723,0:0.1040|1:0.1042|2:0.2058|3:0.1040|4:0.1038|5:0.1042|6:0.1700|7:0.1040
35,reading_grade6_2015,reading-grade6-2015.js,multiple-choice,"In paragraph 4, the word circumstances means--",2,0.36224715690842324,2.7349311740041715,0:0.0911|1:0.0911|2:0.3622|3:0.0912|4:0.0911|5:0.0911|6:0.0911|7:0.0911
36,reading_grade6_2015,reading-grade6-2015.js,multiple-choice,Which paragraph in the article discusses the role of the dog's handler during a therapy session?,4,0.3007166536539841,2.790046496174142,0:0.0845|1:0.0844|2:0.1888|3:0.0880|4:0.3007|5:0.0847|6:0.0844|7:0.0845
37,reading_grade6_2015,reading-grade6-2015.js,multiple-choice,"Based on the article, what might a child most likely be able to do after several reading therapy sessions?",4,0.3104571095236191,2.7373919815709433,0:0.0789|1:0.0789|2:0.0789|3:0.2152|4:0.3105|5:0.0789|6:0.0800|7:0.0789
38,reading_grade6_2015,reading-grade6-2015.js,multiple-choice,What may the reader conclude about birds in reading therapy programs?,4,0.20365614552480985,2.9532825631902826,0:0.1549|1:0.1084|2:0.1075|3:0.1059|4:0.2037|5:0.1060|6:0.1057|7:0.1078
39,reading_grade6_2015,reading-grade6-2015.js,multiple-choice,This article answers all these questions EXCEPT--,4,0.3723039408714452,2.714536162193644,0:0.0893|1:0.0893|2:0.0893|3:0.0921|4:0.3723|5:0.0893|6:0.0893|7:0.0893
40,reading_grade6_2015,reading-grade6-2015.js,multiple-choice,"Read this thesaurus entry. slumped v. -- Slid, sank, tumbled, crashed. Which word best replaces slumped in paragraph 5?",2,0.23002028654928136,2.8720145343026546,0:0.2026|1:0.0867|2:0.2300|3:0.0867|4:0.0867|5:0.0867|6:0.0867|7:0.1340
41,reading_grade6_2015,reading-grade6-2015.js,multiple-choice,Which sentence is the best summary of paragraph 10?,0,0.28392685104352605,2.7848228149023404,0:0.2839|1:0.0829|2:0.0844|3:0.0830|4:0.0829|5:0.0831|6:0.0829|7:0.2168
42,reading_grade6_2015,reading-grade6-2015.js,multiple-select,Use paragraphs 13 and 14 to complete this web.,5,0.16910973715389852,2.987811767977072,0:0.1217|1:0.1216|2:0.1228|3:0.1150|4:0.1150|5:0.1691|6:0.1197|7:0.1150
43,reading_grade6_2015,reading-grade6-2015.js,multiple-choice,What could be the cause of the effect shown? Effect: Anthony suddenly remembers Field Day.,3,0.13732709627228112,2.998681492446516,0:0.1263|1:0.1215|2:0.1215|3:0.1373|4:0.1291|5:0.1215|6:0.1215|7:0.1215
44,reading_grade6_2015,reading-grade6-2015.js,multiple-choice,Which sentence from the story best shows that Anthony can be responsible?,1,0.19976991694421498,2.8692943986558035,0:0.1970|1:0.1998|2:0.0830|3:0.0830|4:0.0830|5:0.0830|6:0.0830|7:0.1885
45,reading_grade6_2015,reading-grade6-2015.js,multiple-choice,What does the title mean?,2,0.1695422201031201,2.987282828196295,0:0.1180|1:0.1282|2:0.1695|3:0.1209|4:0.1154|5:0.1164|6:0.1160|7:0.1157
1,reading_grade6_practice_2024,reading-grade6-practice-2024.js,multiple-choice,Quinterro's thoughts in paragraphs 1 and 2 most contribute to the plot of the story by--,1,0.2755767167328578,2.8776498495328804,0:0.0990|1:0.2756|2:0.0990|3:0.0990|4:0.0990|5:0.1302|6:0.0990|7:0.0990
2,reading_grade6_practice_2024,reading-grade6-practice-2024.js,multiple-choice,"The word binoculars in paragraph 17 comes from the Latin word ocular , which means--",2,0.3404178334727969,2.7768992220678728,0:0.0942|1:0.0942|2:0.3404|3:0.0942|4:0.0942|5:0.0942|6:0.0942|7:0.0942
3,reading_grade6_practice_2024,reading-grade6-practice-2024.js,multiple-choice,What is the main conflict of the story?,1,0.23052294578933347,2.8525355790724785,0:0.0902|1:0.2305|2:0.0902|3:0.2285|4:0.0902|5:0.0902|6:0.0902|7:0.0902
4,reading_grade6_practice_2024,reading-grade6-practice-2024.js,multiple-choice,Which sentence best expresses the theme of the story?,1,0.22422067845433857,2.8578003740124593,0:0.1807|1:0.2242|2:0.0813|3:0.0813|4:0.0813|5:0.0813|6:0.0834|7:0.1865
5,reading_grade6_practice_2024,reading-grade6-practice-2024.js,multiple-choice,The author's purpose for including paragraph 2 is to explain--,5,0.35421709368487975,2.7506438501289203,0:0.0914|1:0.0914|2:0.0922|3:0.0933|4:0.0914|5:0.3542|6:0.0914|7:0.0947
6,reading_grade6_practice_2024,reading-grade6-practice-2024.js,multiple-choice,"In paragraph 6, the author explains that lava —",5,0.4149385231430828,2.621493432236571,0:0.0835|1:0.0835|2:0.0841|3:0.0835|4:0.0835|5:0.4149|6:0.0835|7:0.0835
7,reading_grade6_practice_2024,reading-grade6-practice-2024.js,multiple-choice,Which sentence best summarizes paragraph 10?,7,0.27075910695353117,2.734434598568396,0:0.2637|1:0.0773|2:0.0786|3:0.0774|4:0.0773|5:0.0775|6:0.0773|7:0.2708
8,reading_grade6_practice_2024,reading-grade6-practice-2024.js,multiple-choice,Which sentence from the article states an opinion about the Ring of Fire?,7,0.22552725614406058,2.8810256081481196,0:0.0921|1:0.0921|2:0.0921|3:0.1037|4:0.2103|5:0.0921|6:0.0921|7:0.2255
9,reading_grade6_practice_2024,reading-grade6-practice-2024.js,multiple-choice,"Based on the article, the reader can determine that volcanic activity--",4,0.3334970215324277,2.7895502902307756,0:0.0951|1:0.0961|2:0.0961|3:0.0946|4:0.3335|5:0.0947|6:0.0954|7:0.0946
10,reading_grade6_practice_2024,reading-grade6-practice-2024.js,multiple-choice,"Read this sentence from paragraph 1. Once again her room looked like a whirlwind had blown through it, and she knew exactly who the culprit was. The author uses hyperbole in this sentence to--",7,0.2948064842237997,2.7939678822477028,0:0.0850|1:0.0850|2:0.0857|3:0.0850|4:0.0850|5:0.1947|6:0.0850|7:0.2948
11,reading_grade6_practice_2024,reading-grade6-practice-2024.js,multiple-choice,"In paragraph 2, the word appraise means--",2,0.36224715690842324,2.7349311740041715,0:0.0911|1:0.0911|2:0.3622|3:0.0912|4:0.0911|5:0.0911|6:0.0911|7:0.0911
12,reading_grade6_practice_2024,reading-grade6-practice-2024.js,multiple-choice,The author includes paragraphs 11-13 mainly to--,5,0.28290071809690753,2.8724227846289407,0:0.1017|1:0.1059|2:0.1017|3:0.1017|4:0.1028|5:0.2829|6:0.1017|7:0.1017
13,reading_grade6_practice_2024,reading-grade6-practice-2024.js,multiple-choice,The empty swing in paragraph 15 leads Alice to the resolution by helping her realize--,2,0.3159165795175077,2.820331825409232,0:0.0975|1:0.0974|2:0.3159|3:0.0992|4:0.0974|5:0.0976|6:0.0974|7:0.0975
14,reading_grade6_practice_2024,reading-grade6-practice-2024.js,multiple-choice,The author chooses to use this point of view because--,5,0.248426274466334,2.918501000623948,0:0.1056|1:0.1110|2:0.1086|3:0.1056|4:0.1056|5:0.2484|6:0.1094|7:0.1056
15,reading_grade6_practice_2024,reading-grade6-practice-2024.js,multiple-choice,Which sentence best summarizes lines 15-17?,7,0.21758911914215534,2.8624694931171097,0:0.2067|1:0.0829|2:0.0829|3:0.0829|4:0.0829|5:0.0829|6:0.1612|7:0.2176
16,reading_grade6_practice_2024,reading-grade6-practice-2024.js,multiple-choice,The setting of the poem affects the speaker by--,6,0.32959597442115857,2.7963018943365503,0:0.0943|1:0.0991|2:0.0943|3:0.0943|4:0.0943|5:0.0997|6:0.3296|7:0.0943
17,reading_grade6_practice_2024,reading-grade6-practice-2024.js,multiple-choice,The reader knows that the speaker's point of view has changed since her last visit to the island because she--,6,0.18839452697634224,2.970723763987187,0:0.1192|1:0.1134|2:0.1094|3:0.1078|4:0.1436|5:0.1104|6:0.1884|7:0.1078
18,reading_grade6_practice_2024,reading-grade6-practice-2024.js,multiple-choice,"The Latin word internalis means ""extending to the interior."" In paragraph 1 of the article, internal means--",2,0.2881031855390359,2.824595634528613,0:0.0889|1:0.0889|2:0.2881|3:0.0900|4:0.1773|5:0.0889|6:0.0889|7:0.0889
19,reading_grade6_practice_2024,reading-grade6-practice-2024.js,multiple-choice,Which word is a synonym for fatigue in paragraph 3?,2,0.30009822024754634,2.846283620688151,0:0.1000|1:0.1000|2:0.3001|3:0.1000|4:0.1000|5:0.1000|6:0.1000|7:0.1000
20,reading_grade6_practice_2024,reading-grade6-practice-2024.js,multiple-choice,Paragraph 7 is organized by using--,2,0.18558979029217268,2.9775692522438426,0:0.1142|1:0.1139|2:0.1856|3:0.1168|4:0.1139|5:0.1275|6:0.1139|7:0.1142
21,reading_grade6_practice_2024,reading-grade6-practice-2024.js,multiple-choice,"Based on the article, plants unfold their leaves to--",4,0.40214147098497455,2.6504983150477175,0:0.0847|1:0.0847|2:0.0847|3:0.0866|4:0.4021|5:0.0847|6:0.0880|7:0.0847
22,reading_grade6_practice_2024,reading-grade6-practice-2024.js,multiple-choice,The author's word choice in paragraph 1 introduces a tone of--,5,0.22276666336984544,2.889638371613286,0:0.0937|1:0.0953|2:0.2062|3:0.0937|4:0.0937|5:0.2228|6:0.1009|7:0.0937
23,reading_grade6_practice_2024,reading-grade6-practice-2024.js,multiple-choice,Which word in paragraph 18 does the author use to influence the reader's attitude about Sydney?,5,0.23619459105648746,2.8648683266491917,0:0.0869|1:0.0875|2:0.2057|3:0.0865|4:0.1243|5:0.2362|6:0.0864|7:0.0865
24,reading_grade6_practice_2024,reading-grade6-practice-2024.js,multiple-choice,Jada most likely smiles at the end of the story because she--,1,0.24416639226052303,2.843773474923659,0:0.0892|1:0.2442|2:0.0892|3:0.2207|4:0.0892|5:0.0892|6:0.0892|7:0.0892
25,reading_grade6_practice_2024,reading-grade6-practice-2024.js,multiple-choice,Zach knows that Jada is not as meek as she seems because she —,6,0.13334463651551037,2.9995053963167484,0:0.1229|1:0.1228|2:0.1246|3:0.1229|4:0.1253|5:0.1231|6:0.1333|7:0.1250
26,reading_grade6_practice_2024,reading-grade6-practice-2024.js,multiple-choice,Zach discusses eclipses with Jada because--,0,0.125,3.0,0:0.1250|1:0.1250|2:0.1250|3:0.1250|4:0.1250|5:0.1250|6:0.1250|7:0.1250
27,reading_grade6_practice_2024,reading-grade6-practice-2024.js,multiple-choice,"Based on information in the story, the reader understands that Zach--",4,0.22807235420462793,2.877399721199212,0:0.1044|1:0.2089|2:0.0884|3:0.0895|4:0.2281|5:0.1059|6:0.0881|7:0.0867
28,reading_grade6_practice_2024,reading-grade6-practice-2024.js,multiple-choice,Which sentence best expresses a theme of the story?,1,0.22422067845433857,2.8578003740124593,0:0.1807|1:0.2242|2:0.0813|3:0.0813|4:0.0813|5:0.0813|6:0.0834|7:0.1865
29,reading_grade6_practice_2024,reading-grade6-practice-2024.js,multiple-choice,Zach's character is important to the story because he--,1,0.29348722510254976,2.8566150789953366,0:0.1009|1:0.2935|2:0.1012|3:0.1009|4:0.1009|5:0.1009|6:0.1009|7:0.1009
1,reading_grade7_2015,reading-grade7-2015.js,multiple-choice,"In paragraph 4, the author includes the detail of Mrs. Parker sounding ""a little too patient"" to suggest that —",5,0.28315080433727996,2.8719740367543096,0:0.1011|1:0.1036|2:0.1014|3:0.1037|4:0.1005|5:0.2832|6:0.1005|7:0.1060
2,reading_grade7_2015,reading-grade7-2015.js,multiple-choice,"Read this sentence from paragraph 7. ""They're fiction al , of course, but I want to name them after real places that nobody knows much about."" In which word does the suffix - al have the same meaning as it does in fiction al ?",7,0.23408885360888274,2.893270320021161,0:0.0960|1:0.0959|2:0.1895|3:0.0967|4:0.0959|5:0.0960|6:0.0959|7:0.2341
3,reading_grade7_2015,reading-grade7-2015.js,multiple-choice,Which word in paragraph 17 conveys Jared's embarrassment?,2,0.3697461862354599,2.7198221085865395,0:0.0900|1:0.0900|2:0.3697|3:0.0904|4:0.0900|5:0.0900|6:0.0900|7:0.0900
4,reading_grade7_2015,reading-grade7-2015.js,multiple-choice,Complete this web.,0,0.13371027259486168,2.9994164102994336,0:0.1337|1:0.1231|2:0.1275|3:0.1231|4:0.1231|5:0.1231|6:0.1231|7:0.1231
5,reading_grade7_2015,reading-grade7-2015.js,multiple-choice,"In this story, Jared's main conflict can be described as —",1,0.21206592551762957,2.8958554402144214,0:0.1130|1:0.2121|2:0.0930|3:0.2101|4:0.0930|5:0.0930|6:0.0930|7:0.0930
6,reading_grade7_2015,reading-grade7-2015.js,multiple-choice,"In a summary of this story, the most important detail to include is how Jared —",1,0.21826076758520432,2.9367808226775627,0:0.1489|1:0.2183|2:0.0999|3:0.0999|4:0.0999|5:0.1314|6:0.1017|7:0.0999
7,reading_grade7_2015,reading-grade7-2015.js,multiple-choice,"By the end of the story, readers can best predict that Jared will —",1,0.2496372910234518,2.8453598148484156,0:0.2132|1:0.2496|2:0.0893|3:0.0906|4:0.0893|5:0.0893|6:0.0893|7:0.0893
8,reading_grade7_2015,reading-grade7-2015.js,multiple-choice,Why does the author include paragraph 1?,5,0.3570242755948642,2.745243992455235,0:0.0918|1:0.0917|2:0.0924|3:0.0918|4:0.0917|5:0.3570|6:0.0917|7:0.0918
9,reading_grade7_2015,reading-grade7-2015.js,multiple-choice,What does domesticated mean in paragraph 2?,2,0.2767224435928463,2.881442930588242,0:0.1033|1:0.1033|2:0.2767|3:0.1033|4:0.1033|5:0.1035|6:0.1033|7:0.1033
10,reading_grade7_2015,reading-grade7-2015.js,multiple-choice,"In paragraph 4, reverence means —",2,0.3072252676794034,2.8348067029167554,0:0.0989|1:0.0989|2:0.3072|3:0.0995|4:0.0989|5:0.0989|6:0.0989|7:0.0989
11,reading_grade7_2015,reading-grade7-2015.js,multiple-choice,Read this sentence from paragraph 4. The Egyptians did not wish to harm the animals. Why does the author include this detail in the article?,5,0.22573969976285793,2.8507198624693295,0:0.0822|1:0.0819|2:0.0817|3:0.0806|4:0.1585|5:0.2257|6:0.0806|7:0.2086
12,reading_grade7_2015,reading-grade7-2015.js,multiple-choice,Which statement best summarizes paragraph 5?,0,0.32251095499329224,2.808904377903091,0:0.3225|1:0.0956|2:0.0988|3:0.0998|4:0.0956|5:0.0961|6:0.0956|7:0.0958
13,reading_grade7_2015,reading-grade7-2015.js,multiple-choice,Which word from paragraph 7 best shows how Maus are viewed in Egypt today?,2,0.23060603566288945,2.8513995463391737,0:0.2292|1:0.0944|2:0.2306|3:0.0892|4:0.0892|5:0.0892|6:0.0892|7:0.0892
14,reading_grade7_2015,reading-grade7-2015.js,multiple-choice,"According to the article, cats started gaining acceptance in Egypt when —",4,0.3356428051460464,2.78529239097952,0:0.0937|1:0.0937|2:0.0942|3:0.1015|4:0.3356|5:0.0938|6:0.0937|7:0.0937
15,reading_grade7_2015,reading-grade7-2015.js,multiple-choice,What problem do Maus currently experience in Egypt?,5,0.1279689831667505,2.9998803287640023,0:0.1257|1:0.1235|2:0.1267|3:0.1237|4:0.1235|5:0.1280|6:0.1235|7:0.1255
16,reading_grade7_2015,reading-grade7-2015.js,multiple-choice,Which paragraph from the article offers the most useful information for a report about how groups help animals?,4,0.21621938080132694,2.9398691749886634,0:0.1151|1:0.0987|2:0.1492|3:0.0990|4:0.2162|5:0.1241|6:0.0987|7:0.0990
17,reading_grade7_2015,reading-grade7-2015.js,multiple-choice,Which idea from the article offers the best support for a presentation about the effect pets can have on owners?,3,0.21304304882125638,2.8793835099510816,0:0.1809|1:0.0850|2:0.0850|3:0.2130|4:0.1810|5:0.0850|6:0.0850|7:0.0850
18,reading_grade7_2015,reading-grade7-2015.js,multiple-choice,The pine thinks the oak should be ashamed because the oak —,0,0.125,3.0,0:0.1250|1:0.1250|2:0.1250|3:0.1250|4:0.1250|5:0.1250|6:0.1250|7:0.1250
19,reading_grade7_2015,reading-grade7-2015.js,multiple-choice,"Based on the details in this poem, the oak tree and pine tree are most likely located —",6,0.2187315927730926,2.878478475207954,0:0.0859|1:0.0859|2:0.0859|3:0.1977|4:0.1543|5:0.0859|6:0.2187|7:0.0859
20,reading_grade7_2015,reading-grade7-2015.js,multiple-choice,Who is the narrator in this poem?,6,0.29264973526354376,2.857363085136271,0:0.0997|1:0.1092|2:0.0997|3:0.0997|4:0.0997|5:0.0997|6:0.2926|7:0.0997
21,reading_grade7_2015,reading-grade7-2015.js,multiple-choice,"Based on the end of the poem, what will most likely happen in the future?",6,0.1991358573084021,2.9091592088929885,0:0.0879|1:0.1057|2:0.0879|3:0.1924|4:0.1513|5:0.0879|6:0.1991|7:0.0879
22,reading_grade7_2015,reading-grade7-2015.js,multiple-choice,The trees speaking to each other is an example of —,7,0.15924633298289717,2.9921746408312213,0:0.1296|1:0.1185|2:0.1185|3:0.1185|4:0.1185|5:0.1185|6:0.1185|7:0.1592
23,reading_grade7_2015,reading-grade7-2015.js,multiple-choice,Which of these is a theme of this poem?,6,0.28690631604348604,2.8559362441862146,0:0.0953|1:0.1394|2:0.0953|3:0.0953|4:0.0953|5:0.0953|6:0.2869|7:0.0974
24,reading_grade7_2015,reading-grade7-2015.js,multiple-choice,"The word sympathy comes from Greek roots that mean ""similar emotion."" Based on the Greek roots, which is the best example of sympathy ?",2,0.18822644834407287,2.930231512937949,0:0.1797|1:0.0929|2:0.1882|3:0.0934|4:0.1578|5:0.0930|6:0.0949|7:0.1001
25,reading_grade7_2015,reading-grade7-2015.js,multiple-choice,The author organizes the information in paragraph 3 by —,5,0.368394759641718,2.721824997553493,0:0.0989|1:0.0881|2:0.0887|3:0.0882|4:0.0914|5:0.3684|6:0.0881|7:0.0882
26,reading_grade7_2015,reading-grade7-2015.js,multiple-choice,Read this sentence from paragraph 6. His influence is evident; many painters mimic his style and use of color and texture. Which word is a synonym for mimic ?,7,0.22639457189567097,2.868303059585136,0:0.0896|1:0.0896|2:0.2192|3:0.0896|4:0.0896|5:0.1063|6:0.0896|7:0.2264
27,reading_grade7_2015,reading-grade7-2015.js,multiple-choice,Which of these does the author seem to admire most about van Gogh's paintings?,5,0.38766052735170825,2.6823274297749466,0:0.0875|1:0.0875|2:0.0875|3:0.0875|4:0.0875|5:0.3877|6:0.0875|7:0.0875
28,reading_grade7_2015,reading-grade7-2015.js,multiple-choice,"Based on the article, van Gogh learned how to paint by —",4,0.40214147098497455,2.6504983150477175,0:0.0847|1:0.0847|2:0.0847|3:0.0866|4:0.4021|5:0.0847|6:0.0880|7:0.0847
29,reading_grade7_2015,reading-grade7-2015.js,multiple-choice,The author includes a photograph of The Starry Night in order to —,5,0.28945200906814256,2.862750568758694,0:0.1012|1:0.1012|2:0.1012|3:0.1012|4:0.1012|5:0.2895|6:0.1031|7:0.1012
30,reading_grade7_2015,reading-grade7-2015.js,multiple-choice,Which word does the author use to show a contrast? Yet van Gogh today is considered one of the greatest artists of all time .,5,0.21864467817275687,2.929567825368724,0:0.0997|1:0.0997|2:0.1673|3:0.0997|4:0.1033|5:0.2186|6:0.1120|7:0.0997
31,reading_grade7_2015,reading-grade7-2015.js,multiple-choice,"Which paragraph would be most useful for writing a report titled ""A Detailed Look at van Gogh's Most Famous Works""?",0,0.18340928620086006,2.9597093681137103,0:0.1834|1:0.1054|2:0.1717|3:0.1169|4:0.1054|5:0.1061|6:0.1054|7:0.1057
32,reading_grade7_2015,reading-grade7-2015.js,multiple-choice,"The author's word choice in the section ""What's in your bag?"" is best described as —",0,0.21132431286433065,2.9011607716971977,0:0.2113|1:0.0887|2:0.1540|3:0.0938|4:0.0887|5:0.1861|6:0.0887|7:0.0887
33,reading_grade7_2015,reading-grade7-2015.js,multiple-choice,"Which organizational pattern is used in the section ""Satisfaction guaranteed""?",0,0.14157878194298376,2.9942593149434256,0:0.1416|1:0.1127|2:0.1349|3:0.1337|4:0.1127|5:0.1192|6:0.1127|7:0.1326
34,reading_grade7_2015,reading-grade7-2015.js,multiple-choice,In which section of the flier will students learn when to pay for their purchase?,0,0.1414542803132477,2.995470663551955,0:0.1415|1:0.1149|2:0.1183|3:0.1348|4:0.1149|5:0.1334|6:0.1149|7:0.1272
35,reading_grade7_2015,reading-grade7-2015.js,multiple-choice,The author best explains the features of the merchandise by —,5,0.26939225177536624,2.7619717104365518,0:0.2489|1:0.0803|2:0.0803|3:0.0803|4:0.0803|5:0.2694|6:0.0803|7:0.0803
36,reading_grade7_2015,reading-grade7-2015.js,multiple-choice,Students who want to order more than one bag would most likely —,3,0.21055552951951417,2.9526392175927088,0:0.1420|1:0.1060|2:0.1067|3:0.2106|4:0.1060|5:0.1121|6:0.1077|7:0.1090
37,reading_grade7_2015,reading-grade7-2015.js,multiple-choice,Read this chart a student made about the bags. Which of these shows that the student misunderstood information about the bags?,7,0.15072798810775187,2.9938555343319937,0:0.1313|1:0.1172|2:0.1190|3:0.1122|4:0.1255|5:0.1296|6:0.1145|7:0.1507
38,reading_grade7_2015,reading-grade7-2015.js,multiple-choice,"In paragraph 1, what does the word localities mean?",2,0.33649524551725196,2.7841186604062003,0:0.0948|1:0.0948|2:0.3365|3:0.0948|4:0.0948|5:0.0948|6:0.0948|7:0.0948
39,reading_grade7_2015,reading-grade7-2015.js,multiple-choice,Which word is a synonym for provision in paragraph 4?,2,0.30009822024754634,2.846283620688151,0:0.1000|1:0.1000|2:0.3001|3:0.1000|4:0.1000|5:0.1000|6:0.1000|7:0.1000
40,reading_grade7_2015,reading-grade7-2015.js,multiple-choice,"In paragraph 8, the description of the students as a ""small group of budding photographers"" suggests they are —",2,0.21870165643074943,2.9511516401227227,0:0.1112|1:0.1111|2:0.2187|3:0.1123|4:0.1111|5:0.1115|6:0.1129|7:0.1112
41,reading_grade7_2015,reading-grade7-2015.js,multiple-choice,"In paragraph 8, the other students in Mr. James' classroom are confused because they —",2,0.22044216170182837,2.9494516009648777,0:0.1111|1:0.1110|2:0.2204|3:0.1129|4:0.1110|5:0.1114|6:0.1110|7:0.1112
42,reading_grade7_2015,reading-grade7-2015.js,multiple-choice,"Read this sentence from paragraph 11. The students scrambled to take pictures and stared in amazement. The word ""scrambled"" suggests that the students were —",7,0.20887187378878386,2.908529021198708,0:0.0977|1:0.0976|2:0.2040|3:0.0988|4:0.0976|5:0.0978|6:0.0976|7:0.2089
43,reading_grade7_2015,reading-grade7-2015.js,multiple-choice,"Based on Helen's actions, which of these will most likely occur in the future?",3,0.23674602148654406,2.891213014819247,0:0.0944|1:0.0944|2:0.0945|3:0.2367|4:0.1876|5:0.0944|6:0.1036|7:0.0944
44,reading_grade7_2015,reading-grade7-2015.js,multiple-choice,Helen is pleased that the club will go on a camping trip because the experience will —,0,0.1340483016934466,2.999386007141881,0:0.1340|1:0.1221|2:0.1245|3:0.1246|4:0.1221|5:0.1246|6:0.1221|7:0.1258
45,reading_grade7_2015,reading-grade7-2015.js,multiple-choice,Which detail about the bats should be included in a summary of the story?,1,0.21819673124018676,2.9333905660306736,0:0.1633|1:0.2182|2:0.1019|3:0.1019|4:0.1019|5:0.1092|6:0.1019|7:0.1019
1,reading_grade7_practice_2024,reading-grade7-practice-2024.js,multiple-choice,"The name ""the osprey garden"" in paragraph 4 gives the reader the impression of--",2,0.21040879832519355,2.9263030400538703,0:0.1157|1:0.1018|2:0.2104|3:0.0976|4:0.1817|5:0.0978|6:0.0974|7:0.0976
2,reading_grade7_practice_2024,reading-grade7-practice-2024.js,multiple-choice,Which sentence from the article contains a comparison?,7,0.238582150896183,2.85024457427122,0:0.0899|1:0.0899|2:0.0899|3:0.0899|4:0.2218|5:0.0899|6:0.0899|7:0.2386
3,reading_grade7_practice_2024,reading-grade7-practice-2024.js,multiple-choice,Which detail about ospreys should be included in a summary of the article?,4,0.2158022461233684,2.935854782032716,0:0.1633|1:0.1048|2:0.1015|3:0.1018|4:0.2158|5:0.1098|6:0.1015|7:0.1015
4,reading_grade7_practice_2024,reading-grade7-practice-2024.js,multiple-choice,Paragraph 19 contributes to the theme of the story by showing that--,1,0.27975575148224835,2.8538150194810017,0:0.0929|1:0.2798|2:0.1597|3:0.0929|4:0.0927|5:0.0932|6:0.0960|7:0.0929
5,reading_grade7_practice_2024,reading-grade7-practice-2024.js,multiple-choice,Which sentence from the story best communicates a sense of celebration?,1,0.2144053686304263,2.8214576368522017,0:0.2009|1:0.2144|2:0.0758|3:0.0758|4:0.0758|5:0.0758|6:0.0758|7:0.2056
6,reading_grade7_practice_2024,reading-grade7-practice-2024.js,multiple-choice,"In paragraph 3, the newspaper reporter writes about Keichline most likely because she--",3,0.39458172473523295,2.667296724879832,0:0.0863|1:0.0862|2:0.0879|3:0.3946|4:0.0862|5:0.0864|6:0.0862|7:0.0863
7,reading_grade7_practice_2024,reading-grade7-practice-2024.js,multiple-choice,"In paragraph 5, the word innovative means--",2,0.36224715690842324,2.7349311740041715,0:0.0911|1:0.0911|2:0.3622|3:0.0912|4:0.0911|5:0.0911|6:0.0911|7:0.0911
8,reading_grade7_practice_2024,reading-grade7-practice-2024.js,multiple-choice,"In paragraph 5, the information is organized by--",2,0.18273775925356886,2.9725370753981846,0:0.1253|1:0.1074|2:0.1827|3:0.1079|4:0.1146|5:0.1470|6:0.1074|7:0.1076
9,reading_grade7_practice_2024,reading-grade7-practice-2024.js,multiple-choice,"""A Leader in Her Profession"" would be the best heading for which paragraph?",0,0.3482363833171159,2.7620728441812714,0:0.3482|1:0.0921|2:0.0940|3:0.0968|4:0.0921|5:0.0924|6:0.0921|7:0.0922
10,reading_grade7_practice_2024,reading-grade7-practice-2024.js,multiple-choice,Read lines 21 and 22 from the poem. No canvas can compete with such a scene; No tube of paint can duplicate so true These lines show that the speaker believes--,6,0.3252329347947166,2.7967128054538604,0:0.0900|1:0.0900|2:0.0935|3:0.0900|4:0.0900|5:0.0944|6:0.3252|7:0.1267
11,reading_grade7_practice_2024,reading-grade7-practice-2024.js,multiple-choice,"In line 31, the word comfort has a connotation of —",2,0.23901813123781487,2.9286466211734234,0:0.1083|1:0.1056|2:0.2390|3:0.1056|4:0.1104|5:0.1056|6:0.1200|7:0.1056
12,reading_grade7_practice_2024,reading-grade7-practice-2024.js,multiple-choice,The speaker's word choice in the poem conveys a tone of--,6,0.2773967347314481,2.8539998461874863,0:0.0930|1:0.0917|2:0.1638|3:0.0917|4:0.0917|5:0.0988|6:0.2774|7:0.0917
13,reading_grade7_practice_2024,reading-grade7-practice-2024.js,multiple-choice,"At the top of the article, the words ""Student Voices Column"" are in boldface type and placed between horizontal lines in order to--",4,0.20469045659161078,2.948324476254036,0:0.1028|1:0.1027|2:0.1043|3:0.1028|4:0.2047|5:0.1128|6:0.1609|7:0.1088
14,reading_grade7_practice_2024,reading-grade7-practice-2024.js,multiple-choice,"In paragraph 1, the reader knows that the students--",2,0.179125255316798,2.972178929189079,0:0.1179|1:0.1103|2:0.1791|3:0.1083|4:0.1562|5:0.1087|6:0.1110|7:0.1083
15,reading_grade7_practice_2024,reading-grade7-practice-2024.js,multiple-choice,"In paragraph 3, the author puts ""old-fashioned"" in quotation marks to--",5,0.4149385231430828,2.621493432236571,0:0.0835|1:0.0835|2:0.0841|3:0.0835|4:0.0835|5:0.4149|6:0.0835|7:0.0835
16,reading_grade7_practice_2024,reading-grade7-practice-2024.js,multiple-choice,Which detail from paragraphs 3 and 4 emphasizes the author's positive viewpoint about menu items?,5,0.2798427122234201,2.8758937260697266,0:0.1074|1:0.1127|2:0.1000|3:0.1000|4:0.1000|5:0.2798|6:0.1000|7:0.1000
17,reading_grade7_practice_2024,reading-grade7-practice-2024.js,multiple-choice,"Read this sentence from paragraph 4. Eighth-grader Jasmine Firestone says, ""The new tacos on Tuesdays are the best food in the world!"" Why does the author include this example of hyperbole?",7,0.22377803723715683,2.847964674549405,0:0.1654|1:0.0805|2:0.0811|3:0.0805|4:0.0805|5:0.2077|6:0.0805|7:0.2238
18,reading_grade7_practice_2024,reading-grade7-practice-2024.js,multiple-choice,Read these glossary entries for words that appear in paragraph 5. alert: Able to think and respond quickly. approach: Move closer to a person or object. designed: Created a drawing or sketch. surveyed: Carefully examined something to determine its value. Which entry gives the meaning of the word as it is used in paragraph 5?,2,0.2508030575089358,2.899355352825274,0:0.0984|1:0.0966|2:0.2508|3:0.0966|4:0.1108|5:0.0967|6:0.0966|7:0.1535
19,reading_grade7_practice_2024,reading-grade7-practice-2024.js,multiple-choice,What is the main idea of paragraph 5?,3,0.42818964257160824,2.590341510112387,0:0.0816|1:0.0816|2:0.0822|3:0.4282|4:0.0816|5:0.0817|6:0.0816|7:0.0816
20,reading_grade7_practice_2024,reading-grade7-practice-2024.js,multiple-choice,"Based on paragraph 6, the main outcome of interviewing Marge LaRough was that the author--",5,0.23888831499672,2.8302848402197758,0:0.0782|1:0.0790|2:0.0788|3:0.2089|4:0.1585|5:0.2389|6:0.0797|7:0.0782
21,reading_grade7_practice_2024,reading-grade7-practice-2024.js,multiple-choice,"Based on the word choice in paragraph 7, what does the author most likely believe?",5,0.18608632587138293,2.9023430818924747,0:0.0800|1:0.0800|2:0.1756|3:0.1751|4:0.1401|5:0.1861|6:0.0832|7:0.0800
22,reading_grade7_practice_2024,reading-grade7-practice-2024.js,multiple-choice,Which action by cafeteria staff suggests that student opinions are taken into consideration when making menu decisions?,2,0.14372851226580272,2.9973191437949036,0:0.1200|1:0.1205|2:0.1437|3:0.1200|4:0.1259|5:0.1209|6:0.1290|7:0.1200
23,reading_grade7_practice_2024,reading-grade7-practice-2024.js,multiple-choice,"According to the article, cafeteria offerings were different before the 2012 rules in that they--",4,0.3356428051460464,2.78529239097952,0:0.0937|1:0.0937|2:0.0942|3:0.1015|4:0.3356|5:0.0938|6:0.0937|7:0.0937
24,reading_grade7_practice_2024,reading-grade7-practice-2024.js,multiple-choice,Which sentence is NOT supported by relevant evidence?,7,0.3801554379315763,2.698275411449855,0:0.0885|1:0.0885|2:0.0885|3:0.0885|4:0.0885|5:0.0885|6:0.0885|7:0.3802
25,reading_grade7_practice_2024,reading-grade7-practice-2024.js,multiple-choice,Which paragraph contains useful information for a presentation about how to make dishes healthier?,2,0.16724991135937592,2.9843296337300527,0:0.1285|1:0.1078|2:0.1672|3:0.1081|4:0.1197|5:0.1369|6:0.1078|7:0.1239
26,reading_grade7_practice_2024,reading-grade7-practice-2024.js,multiple-choice,Which statement best expresses the author's viewpoint?,0,0.23048673826167393,2.8557235403624968,0:0.2305|1:0.0905|2:0.0905|3:0.0907|4:0.0905|5:0.2262|6:0.0905|7:0.0905
27,reading_grade7_practice_2024,reading-grade7-practice-2024.js,multiple-choice,"The phrase ""My heart swelled"" in paragraph 1 conveys that the narrator is--",2,0.19931683049420817,2.9657584722093153,0:0.1095|1:0.1241|2:0.1993|3:0.1095|4:0.1093|5:0.1098|6:0.1289|7:0.1095
28,reading_grade7_practice_2024,reading-grade7-practice-2024.js,multiple-choice,"In paragraph 5, the word consecutively comes from a Latin root that means--",2,0.3079071873459052,2.8336930320101263,0:0.0989|1:0.0989|2:0.3079|3:0.0989|4:0.0989|5:0.0989|6:0.0989|7:0.0989
29,reading_grade7_practice_2024,reading-grade7-practice-2024.js,multiple-choice,Which word is a synonym for enhance in paragraph 19?,2,0.30009822024754634,2.846283620688151,0:0.1000|1:0.1000|2:0.3001|3:0.1000|4:0.1000|5:0.1000|6:0.1000|7:0.1000
30,reading_grade7_practice_2024,reading-grade7-practice-2024.js,multiple-choice,How is figurative language used in the first stanza of the poem?,6,0.22898085484873476,2.9341236565875333,0:0.1026|1:0.1041|2:0.1118|3:0.1026|4:0.1069|5:0.1033|6:0.2290|7:0.1396
31,reading_grade7_practice_2024,reading-grade7-practice-2024.js,multiple-choice,Lines 13-14 of the poem convey that the speaker's anger is--,6,0.3900564691497413,2.677132260663961,0:0.0868|1:0.0868|2:0.0868|3:0.0868|4:0.0868|5:0.0868|6:0.3901|7:0.0890
32,reading_grade7_practice_2024,reading-grade7-practice-2024.js,multiple-choice,Lines 29-32 reveal that the speaker of the poem--,6,0.3900564691497413,2.677132260663961,0:0.0868|1:0.0868|2:0.0868|3:0.0868|4:0.0868|5:0.0868|6:0.3901|7:0.0890
33,reading_grade7_practice_2024,reading-grade7-practice-2024.js,multiple-choice,Which idea is developed in both the story and the poem?,6,0.21042470529665813,2.832741020441426,0:0.0775|1:0.1922|2:0.0775|3:0.2100|4:0.0775|5:0.0775|6:0.2104|7:0.0775
34,reading_grade7_practice_2024,reading-grade7-practice-2024.js,multiple-choice,The endings of the story and the poem both convey a tone of--,6,0.23690966839006466,2.8627249300813453,0:0.0912|1:0.2138|2:0.0921|3:0.0912|4:0.0912|5:0.0925|6:0.2369|7:0.0912
35,reading_grade7_practice_2024,reading-grade7-practice-2024.js,multiple-choice,How do the narrator of the story and the speaker of the poem resolve their conflicts?,6,0.28821912352549767,2.810064277962217,0:0.0868|1:0.1908|2:0.0868|3:0.0868|4:0.0868|5:0.0868|6:0.2882|7:0.0868
36,reading_grade7_practice_2024,reading-grade7-practice-2024.js,multiple-choice,Which major theme do the story and the poem have in common?,1,0.24403764920300022,2.8255645760890467,0:0.0870|1:0.2440|2:0.0870|3:0.0870|4:0.0870|5:0.0870|6:0.2341|7:0.0870
1,reading_grade8_2015,reading-grade8-2015.js,multiple-choice,"In paragraph 2, the author's use of the words ""distinguish"" and ""like"" indicates that the information is organized by —",5,0.2796045631788434,2.877123828734373,0:0.1071|1:0.1010|2:0.1037|3:0.1011|4:0.1034|5:0.2796|6:0.1025|7:0.1014
2,reading_grade8_2015,reading-grade8-2015.js,multiple-select,"In this excerpt from paragraph 5, which three words are examples of onomatopoeia? Vocalizations include a chitter, which sounds much like the chattering of teeth; a bark, which is similar to that of a dog . . .",2,0.15641904190413974,2.9862139197978355,0:0.1187|1:0.1113|2:0.1564|3:0.1117|4:0.1113|5:0.1515|6:0.1113|7:0.1278
3,reading_grade8_2015,reading-grade8-2015.js,multiple-choice,"Based on paragraph 8, the reader may best infer that the kinkajou —",0,0.2618721629784155,2.816404441975964,0:0.2619|1:0.0864|2:0.0880|3:0.0851|4:0.2209|5:0.0853|6:0.0873|7:0.0851
4,reading_grade8_2015,reading-grade8-2015.js,multiple-choice,"According to the article, which sense best helps a kinkajou locate another kinkajou's territory?",4,0.25428092809959796,2.8597856282256346,0:0.1949|1:0.0913|2:0.0913|3:0.0941|4:0.2543|5:0.0913|6:0.0913|7:0.0913
5,reading_grade8_2015,reading-grade8-2015.js,multiple-choice,"According to the article, the kinkajou resembles a monkey because of its —",4,0.3356428051460464,2.78529239097952,0:0.0937|1:0.0937|2:0.0942|3:0.1015|4:0.3356|5:0.0938|6:0.0937|7:0.0937
6,reading_grade8_2015,reading-grade8-2015.js,multiple-choice,"After their first meeting, the narrator and the horse learn about each other when they —",6,0.15128075769620347,2.9934554721517816,0:0.1149|1:0.1338|2:0.1200|3:0.1149|4:0.1310|5:0.1192|6:0.1513|7:0.1149
7,reading_grade8_2015,reading-grade8-2015.js,multiple-choice,Who is the narrator of this story?,1,0.27094284223102666,2.8885975834750233,0:0.1021|1:0.2709|2:0.1032|3:0.1022|4:0.1021|5:0.1023|6:0.1150|7:0.1021
8,reading_grade8_2015,reading-grade8-2015.js,multiple-choice,Complete this analogy. Skilled is to expert as —,0,0.13371027259486168,2.9994164102994336,0:0.1337|1:0.1231|2:0.1275|3:0.1231|4:0.1231|5:0.1231|6:0.1231|7:0.1231
9,reading_grade8_2015,reading-grade8-2015.js,multiple-choice,"In paragraph 1, the author suggests that before the Internet, researching a given topic was —",5,0.34570541104325847,2.76700433780697,0:0.0934|1:0.0933|2:0.0943|3:0.0934|4:0.0933|5:0.3457|6:0.0933|7:0.0934
10,reading_grade8_2015,reading-grade8-2015.js,multiple-choice,Which meaning best fits the word daunting in paragraph 2?,2,0.2410263825145017,2.858291573210559,0:0.2114|1:0.0885|2:0.2410|3:0.0885|4:0.0885|5:0.0886|6:0.0885|7:0.1049
11,reading_grade8_2015,reading-grade8-2015.js,multiple-choice,The implied main idea of paragraph 2 is that reference books —,3,0.42818964257160824,2.590341510112387,0:0.0816|1:0.0816|2:0.0822|3:0.4282|4:0.0816|5:0.0817|6:0.0816|7:0.0816
12,reading_grade8_2015,reading-grade8-2015.js,multiple-choice,"According to paragraph 2, what major change occurred in the organization of early encyclopedias?",2,0.20330252681381064,2.9355452252564724,0:0.1013|1:0.1011|2:0.2033|3:0.1093|4:0.1810|5:0.1015|6:0.1011|7:0.1013
13,reading_grade8_2015,reading-grade8-2015.js,multiple-choice,Read this sentence from paragraph 6. Wikipedia is making an effort to improve its accuracy by hiring an army of individuals to hunt down faulty information on its site. The language in this sentence creates a sense of —,7,0.3638728891065475,2.730000438496679,0:0.0931|1:0.0876|2:0.0885|3:0.0877|4:0.0877|5:0.1038|6:0.0876|7:0.3639
14,reading_grade8_2015,reading-grade8-2015.js,multiple-choice,Read this part of an outline based on the article. I. The first encyclopedias A. read from beginning to end B. prepared by a single author C. _______________ Which of these belongs on the blank line?,4,0.2086895706668824,2.9343670664463173,0:0.0892|1:0.1094|2:0.0990|3:0.0909|4:0.2087|5:0.1584|6:0.1022|7:0.1422
15,reading_grade8_2015,reading-grade8-2015.js,multiple-choice,Companies are adapting to the rapidly changing encyclopedia industry by —,0,0.125,3.0,0:0.1250|1:0.1250|2:0.1250|3:0.1250|4:0.1250|5:0.1250|6:0.1250|7:0.1250
16,reading_grade8_2015,reading-grade8-2015.js,multiple-choice,What has Encyclopaedia Britannica done to improve the quality of its entries?,0,0.125,3.0,0:0.1250|1:0.1250|2:0.1250|3:0.1250|4:0.1250|5:0.1250|6:0.1250|7:0.1250
17,reading_grade8_2015,reading-grade8-2015.js,multiple-choice,The main idea of the article is that people should —,3,0.3213863381037221,2.7688570484921105,0:0.0843|1:0.0843|2:0.0843|3:0.3214|4:0.1728|5:0.0843|6:0.0843|7:0.0843
18,reading_grade8_2015,reading-grade8-2015.js,multiple-choice,Which is a negative connotation of the word prescribe ?,2,0.32339517300089554,2.807505331724919,0:0.0967|1:0.0967|2:0.3234|3:0.0967|4:0.0967|5:0.0967|6:0.0967|7:0.0967
19,reading_grade8_2015,reading-grade8-2015.js,multiple-choice,"Read this dictionary entry. cor·rode (kə-rōd´) v. 1. Destroy or damage metal, stone, or other materials slowly by chemical action. 2. Be destroyed or damaged in this way. 3. Destroy or weaken gradually. [Latin cor- (expressing intensive force) + rodere 'gnaw.'] The word corrode contains a root that means —",2,0.23330627899110384,2.9250820985011323,0:0.1027|1:0.1027|2:0.2333|3:0.1027|4:0.1043|5:0.1027|6:0.1027|7:0.1491
20,reading_grade8_2015,reading-grade8-2015.js,multiple-choice,Which information should be included in a summary of paragraph 2?,0,0.195184336283749,2.9616010264297428,0:0.1952|1:0.1035|2:0.1442|3:0.1039|4:0.1123|5:0.1324|6:0.1046|7:0.1039
21,reading_grade8_2015,reading-grade8-2015.js,multiple-choice,What is the main idea of paragraph 3?,3,0.42818964257160824,2.590341510112387,0:0.0816|1:0.0816|2:0.0822|3:0.4282|4:0.0816|5:0.0817|6:0.0816|7:0.0816
22,reading_grade8_2015,reading-grade8-2015.js,multiple-choice,Which event most effectively changes Annie's mind about leaving England?,0,0.125,3.0,0:0.1250|1:0.1250|2:0.1250|3:0.1250|4:0.1250|5:0.1250|6:0.1250|7:0.1250
23,reading_grade8_2015,reading-grade8-2015.js,multiple-choice,What makes Annie aware that other passengers are feeling ill?,0,0.125,3.0,0:0.1250|1:0.1250|2:0.1250|3:0.1250|4:0.1250|5:0.1250|6:0.1250|7:0.1250
24,reading_grade8_2015,reading-grade8-2015.js,drag-drop,Which two characters influenced Annie's comfort during the voyage?,0,0.13054375105762606,2.999678548960836,0:0.1305|1:0.1235|2:0.1237|3:0.1235|4:0.1235|5:0.1235|6:0.1235|7:0.1285
25,reading_grade8_2015,reading-grade8-2015.js,multiple-choice,Which event is presented as the climax of the trip?,0,0.13714253631427223,2.998960679962418,0:0.1371|1:0.1222|2:0.1226|3:0.1258|4:0.1222|5:0.1223|6:0.1222|7:0.1254
26,reading_grade8_2015,reading-grade8-2015.js,multiple-choice,"Based on the ""Register for a Summer of Stories"" and ""Cast Your Vote"" sections, an important goal for the library is —",4,0.23036704269358066,2.9343605351379605,0:0.1027|1:0.1319|2:0.1027|3:0.1079|4:0.2304|5:0.1027|6:0.1190|7:0.1027
27,reading_grade8_2015,reading-grade8-2015.js,multiple-choice,"Which information should be included in a summary of the ""Cast Your Vote"" section?",0,0.2002383454775791,2.963816872077884,0:0.2002|1:0.1068|2:0.1068|3:0.1168|4:0.1175|5:0.1348|6:0.1103|7:0.1068
28,reading_grade8_2015,reading-grade8-2015.js,multiple-choice,"According to the flier, what must a teen do to receive prizes?",4,0.18069022221332254,2.9801442767400363,0:0.1119|1:0.1118|2:0.1129|3:0.1198|4:0.1807|5:0.1248|6:0.1118|7:0.1263
29,reading_grade8_2015,reading-grade8-2015.js,multiple-choice,Which is the most likely reason poets are asked to register for the Poetry Session?,3,0.2897492182547261,2.8623196266706326,0:0.1014|1:0.1014|2:0.1014|3:0.2897|4:0.1014|5:0.1014|6:0.1014|7:0.1021
30,reading_grade8_2015,reading-grade8-2015.js,multiple-choice,Which part of the flier would be most useful for students doing research for a paper?,0,0.16356791807912177,2.9902690142181516,0:0.1636|1:0.1179|2:0.1168|3:0.1223|4:0.1182|5:0.1266|6:0.1133|7:0.1212
31,reading_grade8_2015,reading-grade8-2015.js,multiple-select,Which three are rules or requirements for using the computers?,5,0.1349879678501342,2.9992298815123006,0:0.1224|1:0.1223|2:0.1237|3:0.1273|4:0.1223|5:0.1350|6:0.1247|7:0.1224
32,reading_grade8_2015,reading-grade8-2015.js,multiple-choice,The author structured the flier to suggest that the library —,5,0.26773812463885927,2.891659075371068,0:0.1018|1:0.1018|2:0.1018|3:0.1018|4:0.1018|5:0.2677|6:0.1018|7:0.1217
33,reading_grade8_2015,reading-grade8-2015.js,multiple-choice,Readers who want to become professional writers would be most interested in knowing that the library —,0,0.187800279475354,2.9756843729501634,0:0.1878|1:0.1137|2:0.1137|3:0.1296|4:0.1137|5:0.1137|6:0.1137|7:0.1143
34,reading_grade8_2015,reading-grade8-2015.js,multiple-choice,What does humility mean in paragraph 2?,2,0.2767224435928463,2.881442930588242,0:0.1033|1:0.1033|2:0.2767|3:0.1033|4:0.1033|5:0.1035|6:0.1033|7:0.1033
35,reading_grade8_2015,reading-grade8-2015.js,multiple-choice,Cody's description of himself in paragraph 2 suggests that he is —,2,0.24126618196612784,2.9271189152051504,0:0.1079|1:0.1078|2:0.2413|3:0.1080|4:0.1078|5:0.1082|6:0.1111|7:0.1080
36,reading_grade8_2015,reading-grade8-2015.js,multiple-choice,What does tranquil mean in paragraph 4?,2,0.2767224435928463,2.881442930588242,0:0.1033|1:0.1033|2:0.2767|3:0.1033|4:0.1033|5:0.1035|6:0.1033|7:0.1033
37,reading_grade8_2015,reading-grade8-2015.js,multiple-choice,"Read this sentence from paragraph 7. Then, suddenly, a blurry patch of dense black crosses the trail some distance ahead of me. What may the reader best infer from Cody's statement?",7,0.22688435516412775,2.859239480977106,0:0.2201|1:0.0853|2:0.0870|3:0.0854|4:0.1245|5:0.0855|6:0.0853|7:0.2269
38,reading_grade8_2015,reading-grade8-2015.js,multiple-choice,The author establishes the setting in paragraph 7 through the use of —,5,0.3042411583687258,2.8391416233496636,0:0.0968|1:0.1047|2:0.1012|3:0.0968|4:0.0967|5:0.3042|6:0.1029|7:0.0968
39,reading_grade8_2015,reading-grade8-2015.js,multiple-choice,"Read this sentence from paragraph 11. The sun is just starting to burn the dew from the grass, and each green blade, coated with tiny, reflective droplets, is a glittering emerald. The purpose of the metaphor in this sentence is to suggest the —",7,0.35614078753027595,2.743911880968291,0:0.0885|1:0.0884|2:0.0893|3:0.0901|4:0.0884|5:0.1107|6:0.0884|7:0.3561
40,reading_grade8_2015,reading-grade8-2015.js,multiple-choice,Cody decides to find his way back out of the park by —,7,0.13030875570031,2.999554298900475,0:0.1229|1:0.1225|2:0.1301|3:0.1229|4:0.1252|5:0.1236|6:0.1225|7:0.1303
41,reading_grade8_2015,reading-grade8-2015.js,multiple-choice,Which sentence best describes the theme of the story?,1,0.20674943912455299,2.890192452543669,0:0.1850|1:0.2067|2:0.0858|3:0.0858|4:0.0858|5:0.0858|6:0.0910|7:0.1740
1,reading_grade8_practice_2024,reading-grade8-practice-2024.js,multiple-choice,"Read this dictionary entry. dis•tinct (dĭ-stĭngkt´) adj. 1. Not identical; separate. 2. Easily recognized; clear. 3. Obviously defined; unquestionable. [Lat. dīstīnctus , p. part. of distinguish] In paragraph 1 of the article, distinct comes from a word that means--",2,0.23752645373231696,2.9025713502846027,0:0.0933|1:0.0951|2:0.2375|3:0.0940|4:0.1680|5:0.0948|6:0.0932|7:0.1240
2,reading_grade8_practice_2024,reading-grade8-practice-2024.js,multiple-choice,"Based on the article, the reader can determine that hummingbirds —",4,0.3586957849823721,2.741940334264485,0:0.0919|1:0.0917|2:0.0926|3:0.0909|4:0.3587|5:0.0911|6:0.0923|7:0.0909
3,reading_grade8_practice_2024,reading-grade8-practice-2024.js,multiple-choice,"In the poem, the hummingbird's nest is a symbol of--",6,0.37102010379641936,2.7172219439139775,0:0.0899|1:0.0899|2:0.0899|3:0.0899|4:0.0899|5:0.0899|6:0.3710|7:0.0899
4,reading_grade8_practice_2024,reading-grade8-practice-2024.js,multiple-choice,Both the poem and the article address the theme of--,6,0.23933881286146202,2.8673204210163803,0:0.0873|1:0.1215|2:0.0873|3:0.0873|4:0.2011|5:0.0873|6:0.2393|7:0.0889
5,reading_grade8_practice_2024,reading-grade8-practice-2024.js,multiple-choice,"In paragraph 7, Mrs. Ellis wishes Keisha good luck most likely because she thinks Keisha--",3,0.31157777438544193,2.8275697071806927,0:0.0979|1:0.0978|2:0.1010|3:0.3116|4:0.0978|5:0.0982|6:0.0978|7:0.0980
6,reading_grade8_practice_2024,reading-grade8-practice-2024.js,multiple-choice,The purpose of the figurative language in paragraph 8 is to foreshadow--,2,0.16679626452049942,2.9804286437915,0:0.1092|1:0.1089|2:0.1668|3:0.1124|4:0.1089|5:0.1315|6:0.1117|7:0.1507
7,reading_grade8_practice_2024,reading-grade8-practice-2024.js,multiple-choice,Read this sentence from paragraph 9. Keisha started to stumble over her words as Mrs. Watson continued to stare at her with an almost belligerent gaze. What is the meaning of the word belligerent ?,7,0.23804342657857402,2.8750510406250243,0:0.0929|1:0.0928|2:0.2019|3:0.0958|4:0.0928|5:0.0929|6:0.0928|7:0.2380
8,reading_grade8_practice_2024,reading-grade8-practice-2024.js,multiple-choice,"In paragraphs 8 and 9, the author's tone can best be described as--",5,0.21305512432057067,2.899150492255127,0:0.2080|1:0.1003|2:0.0946|3:0.0946|4:0.0946|5:0.2131|6:0.1003|7:0.0946
9,reading_grade8_practice_2024,reading-grade8-practice-2024.js,multiple-choice,Which event is part of the resolution of the story?,1,0.2745250933658497,2.884438177383151,0:0.1024|1:0.2745|2:0.1046|3:0.1024|4:0.1046|5:0.1066|6:0.1024|7:0.1024
10,reading_grade8_practice_2024,reading-grade8-practice-2024.js,multiple-choice,"Read this thesaurus entry. evolve v. — adapt, develop, increase, mature. Which word best replaces evolve as it is used in paragraph 1?",2,0.22493821134266065,2.8897062649453957,0:0.1885|1:0.0888|2:0.2249|3:0.0888|4:0.0888|5:0.0889|6:0.0888|7:0.1424
11,reading_grade8_practice_2024,reading-grade8-practice-2024.js,multiple-choice,"Based on paragraph 4, what can the reader determine?",4,0.2622919724884845,2.88280080764747,0:0.0996|1:0.0973|2:0.1560|3:0.0965|4:0.2623|5:0.0951|6:0.0985|7:0.0947
12,reading_grade8_practice_2024,reading-grade8-practice-2024.js,multiple-choice,"The organization of the ideas in ""Literature and Art Abound"" supports the author's purpose by--",5,0.2745928905202103,2.8804690570836446,0:0.0993|1:0.0993|2:0.0993|3:0.1262|4:0.0993|5:0.2746|6:0.0995|7:0.1025
13,reading_grade8_practice_2024,reading-grade8-practice-2024.js,multiple-choice,"Which sentence from ""A Beginning, Not an End"" best represents the main idea of the section?",3,0.25526708301119355,2.862554881137587,0:0.1626|1:0.1001|2:0.0826|3:0.2553|4:0.0826|5:0.0826|6:0.0826|7:0.1518
14,reading_grade8_practice_2024,reading-grade8-practice-2024.js,multiple-choice,Which detail best supports the idea that Harlem was a center of growth for jazz music in America?,3,0.23634350225556244,2.8738898156637247,0:0.2045|1:0.0926|2:0.0914|3:0.2363|4:0.0914|5:0.1011|6:0.0914|7:0.0914
15,reading_grade8_practice_2024,reading-grade8-practice-2024.js,multiple-choice,The details in paragraph 2 are mostly about —,2,0.21127693164051473,2.957646714643644,0:0.1111|1:0.1109|2:0.2113|3:0.1208|4:0.1109|5:0.1114|6:0.1121|7:0.1113
16,reading_grade8_practice_2024,reading-grade8-practice-2024.js,multiple-choice,"Read this sentence from paragraph 4. In fact, more than 4,000 species of fish and marine life may populate a typical coral community. In this sentence, populate means--",7,0.29068974813140974,2.846597344941708,0:0.1025|1:0.0894|2:0.1423|3:0.0928|4:0.1032|5:0.0896|6:0.0894|7:0.2907
17,reading_grade8_practice_2024,reading-grade8-practice-2024.js,multiple-choice,The organization of ideas in paragraph 6 supports the author's message by--,5,0.28568042398571963,2.8646343109719785,0:0.0981|1:0.0980|2:0.1001|3:0.1240|4:0.0980|5:0.2857|6:0.0980|7:0.0981
18,reading_grade8_practice_2024,reading-grade8-practice-2024.js,multiple-choice,"The use of the word ""however"" indicates that paragraph 7 is organized by--",2,0.2564457593963074,2.904533978197873,0:0.1022|1:0.1022|2:0.2564|3:0.1022|4:0.1022|5:0.1300|6:0.1025|7:0.1022
19,reading_grade8_practice_2024,reading-grade8-practice-2024.js,multiple-choice,"The word co exist in paragraph 7 has the prefix co -, which means--",2,0.36224715690842324,2.7349311740041715,0:0.0911|1:0.0911|2:0.3622|3:0.0912|4:0.0911|5:0.0911|6:0.0911|7:0.0911
20,reading_grade8_practice_2024,reading-grade8-practice-2024.js,multiple-choice,Which information best demonstrates that coral reefs are important to marine life?,0,0.2328978547080245,2.9339248208188633,0:0.2329|1:0.1212|2:0.1034|3:0.1033|4:0.1109|5:0.1207|6:0.1042|7:0.1033
21,reading_grade8_practice_2024,reading-grade8-practice-2024.js,multiple-choice,Which information from the article explains the cooperative relationship between algae and reef-dwelling coral?,4,0.24911692386144832,2.913360629550537,0:0.1174|1:0.1010|2:0.1012|3:0.1010|4:0.2491|5:0.1275|6:0.1010|7:0.1018
22,reading_grade8_practice_2024,reading-grade8-practice-2024.js,multiple-choice,Why are coral reefs ideal for the growth of algae?,4,0.1303075443751826,2.9995167547010193,0:0.1300|1:0.1226|2:0.1226|3:0.1226|4:0.1303|5:0.1226|6:0.1226|7:0.1267
23,reading_grade8_practice_2024,reading-grade8-practice-2024.js,multiple-choice,How do warming ocean temperatures affect coral?,4,0.1303075443751826,2.9995167547010193,0:0.1300|1:0.1226|2:0.1226|3:0.1226|4:0.1303|5:0.1226|6:0.1226|7:0.1267
24,reading_grade8_practice_2024,reading-grade8-practice-2024.js,multiple-choice,"Based on the article, the reader can determine that--",4,0.3586957849823721,2.741940334264485,0:0.0919|1:0.0917|2:0.0926|3:0.0909|4:0.3587|5:0.0911|6:0.0923|7:0.0909
25,reading_grade8_practice_2024,reading-grade8-practice-2024.js,multiple-choice,"Based on the article, the author most likely wants the reader to agree that--",4,0.2604145674500076,2.8331945789792052,0:0.0803|1:0.0803|2:0.0803|3:0.1720|4:0.2604|5:0.1662|6:0.0803|7:0.0803
26,reading_grade8_practice_2024,reading-grade8-practice-2024.js,multiple-choice,"By describing the ocean's habitat as ""delicate,"" the author intends to--",5,0.38766052735170825,2.6823274297749466,0:0.0875|1:0.0875|2:0.0875|3:0.0875|4:0.0875|5:0.3877|6:0.0875|7:0.0875
27,reading_grade8_practice_2024,reading-grade8-practice-2024.js,multiple-choice,Which information should be included in a summary of this article?,4,0.2218979687903149,2.9255007886223217,0:0.1653|1:0.0984|2:0.0984|3:0.0984|4:0.2219|5:0.1206|6:0.0984|7:0.0984
28,reading_grade8_practice_2024,reading-grade8-practice-2024.js,multiple-choice,Which type of literary device does the author use in paragraphs 6-12?,5,0.294289673013254,2.8551824782814794,0:0.0993|1:0.1046|2:0.1028|3:0.0993|4:0.0993|5:0.2943|6:0.1011|7:0.0993
29,reading_grade8_practice_2024,reading-grade8-practice-2024.js,multiple-choice,"In paragraph 8, the word preliminary means--",2,0.36224715690842324,2.7349311740041715,0:0.0911|1:0.0911|2:0.3622|3:0.0912|4:0.0911|5:0.0911|6:0.0911|7:0.0911
30,reading_grade8_practice_2024,reading-grade8-practice-2024.js,multiple-choice,"Read this sentence from paragraph 15. The bird had a gray head the color of soot, and its eyes, two onyx stones, were surrounded with black, as if rimmed in eye makeup. The purpose of the figurative language in this sentence is to--",7,0.3356178546486684,2.785134190868301,0:0.0932|1:0.0931|2:0.0941|3:0.0946|4:0.0931|5:0.1030|6:0.0931|7:0.3356
31,reading_grade8_practice_2024,reading-grade8-practice-2024.js,multiple-choice,Which word is the best antonym for arduous in paragraph 18?,2,0.2682758219309513,2.770910543090145,0:0.2445|1:0.0812|2:0.2683|3:0.0812|4:0.0812|5:0.0812|6:0.0812|7:0.0812
32,reading_grade8_practice_2024,reading-grade8-practice-2024.js,multiple-choice,Paragraph 18 suggests that Joanna--,2,0.24126618196612784,2.9271189152051504,0:0.1079|1:0.1078|2:0.2413|3:0.1080|4:0.1078|5:0.1082|6:0.1111|7:0.1080
33,reading_grade8_practice_2024,reading-grade8-practice-2024.js,multiple-choice,"In paragraph 25, what is Dan's most logical reason for moving away from the waterfall?",2,0.20469377370353853,2.959529395291939,0:0.1088|1:0.1086|2:0.2047|3:0.1385|4:0.1086|5:0.1122|6:0.1086|7:0.1101
34,reading_grade8_practice_2024,reading-grade8-practice-2024.js,multiple-choice,The simile in paragraph 30 emphasizes that--,2,0.3159165795175077,2.820331825409232,0:0.0975|1:0.0974|2:0.3159|3:0.0992|4:0.0974|5:0.0976|6:0.0974|7:0.0975
35,reading_grade8_practice_2024,reading-grade8-practice-2024.js,multiple-choice,Joanna presumes the bird is in distress because it--,0,0.125,3.0,0:0.1250|1:0.1250|2:0.1250|3:0.1250|4:0.1250|5:0.1250|6:0.1250|7:0.1250
36,reading_grade8_practice_2024,reading-grade8-practice-2024.js,multiple-choice,"In the story, Joanna is--",1,0.3577677536978351,2.7437885002077946,0:0.0917|1:0.3578|2:0.0917|3:0.0917|4:0.0917|5:0.0917|6:0.0917|7:0.0917
37,reading_grade8_practice_2024,reading-grade8-practice-2024.js,multiple-choice,"The repetition of "" Plik-plik-plik-plik! "" creates a feeling of--",0,0.125,3.0,0:0.1250|1:0.1250|2:0.1250|3:0.1250|4:0.1250|5:0.1250|6:0.1250|7:0.1250
38,reading_grade8_practice_2024,reading-grade8-practice-2024.js,multiple-choice,The point of view used in the story best helps the reader understand--,0,0.18129130641959432,2.948286457892226,0:0.1813|1:0.1811|2:0.1048|3:0.0981|4:0.1358|5:0.0981|6:0.0981|7:0.1026
39,reading_grade8_practice_2024,reading-grade8-practice-2024.js,multiple-choice,A theme of the story is that--,1,0.30720931961061493,2.83445310307964,0:0.0977|1:0.3072|2:0.0977|3:0.0977|4:0.0977|5:0.0977|6:0.1057|7:0.0984
