qid,test_id,source_file,type,question_text,dominant_topic,dominant_topic_probability,topic_entropy_bits,topic_distribution
1,reading_endofcourse_2015,reading-endofcourse-2015.js,multiple-choice,"In paragraph 1, the words ""rumbled,"" ""buzzed,"" and ""exploded"" evoke images of-",2,0.5079520757352805,2.380872006256606,0:0.0692|1:0.0689|2:0.5080|3:0.0691|4:0.0695|5:0.0705|6:0.0752|7:0.0696
2,reading_endofcourse_2015,reading-endofcourse-2015.js,multiple-choice,The details in paragraph 2 support the idea that Benjamin is -,5,0.6180500904529233,2.0316642692427376,0:0.0543|1:0.0546|2:0.0544|3:0.0543|4:0.0554|5:0.6181|6:0.0547|7:0.0542
3,reading_endofcourse_2015,reading-endofcourse-2015.js,multiple-choice,Read this sentence from paragraph 4. He swung wide around an anonymous heap of metal being swallowed by a greedy mound of blackberry brambles and came to an abrupt halt. The sentence contains an example of--,7,0.7216715328873242,1.6344951220196873,0:0.0409|1:0.0394|2:0.0394|3:0.0394|4:0.0397|5:0.0396|6:0.0400|7:0.7217
4,reading_endofcourse_2015,reading-endofcourse-2015.js,multiple-select,"In this excerpt from paragraph 7, select the words that best reveal Benjamin's attempt to gain the artist's trust. Craning his head to the side to get another peek at it, he answered politely enough, ""My name's Benjamin, and I live up on Hendricks Avenue,"" waving his hand vaguely at the steep hill behind him. ... Then Benjamin blushed and apologized.",5,0.389210811776117,2.50527097789694,0:0.0606|1:0.2440|2:0.0607|3:0.0608|4:0.0618|5:0.3892|6:0.0622|7:0.0607
5,reading_endofcourse_2015,reading-endofcourse-2015.js,multiple-choice,Which situation in the selection is an example of irony?,0,0.568610201425682,2.1607364556026365,0:0.5686|1:0.0549|2:0.0509|3:0.0523|4:0.0513|5:0.0519|6:0.0514|7:0.1186
6,reading_endofcourse_2015,reading-endofcourse-2015.js,multiple-choice,"According to paragraph 3, the main difference between Super Stadiums and regular stadiums is that Super Stadiums -",5,0.5488972004220983,2.0714195779376934,0:0.0405|1:0.0405|2:0.0407|3:0.0405|4:0.2077|5:0.5489|6:0.0406|7:0.0407
7,reading_endofcourse_2015,reading-endofcourse-2015.js,multiple-choice,"In paragraph 6, which word best describes the author's attitude about Super Stadium projects?",5,0.532291895461477,1.9360535966797188,0:0.0312|1:0.0313|2:0.0312|3:0.0312|4:0.0313|5:0.5323|6:0.0312|7:0.2802
8,reading_endofcourse_2015,reading-endofcourse-2015.js,multiple-choice,"According to paragraph 7, in the future, sports fans will-",4,0.31923535950627285,2.550794810622739,0:0.0593|1:0.0589|2:0.3030|3:0.0592|4:0.3192|5:0.0597|6:0.0810|7:0.0597
9,reading_endofcourse_2015,reading-endofcourse-2015.js,multiple-choice,Which sentence from this selection would be most difficult to verify as a fact?,7,0.3245165117748692,2.376093497577593,0:0.2907|1:0.0358|2:0.0357|3:0.0364|4:0.0359|5:0.0360|6:0.2051|7:0.3245
10,reading_endofcourse_2015,reading-endofcourse-2015.js,multiple-choice,"Based on the selection, the reader may best infer that new building materials -",4,0.4290844588273609,2.198157829169103,0:0.1853|1:0.0282|2:0.0282|3:0.0283|4:0.4291|5:0.2444|6:0.0283|7:0.0283
11,reading_endofcourse_2015,reading-endofcourse-2015.js,multiple-choice,Which information about the selection would be best to include in a report about the popularity of spectator sports?,6,0.4013573159474272,2.236915652185792,0:0.1937|1:0.0292|2:0.0292|3:0.0293|4:0.0293|5:0.2587|6:0.4014|7:0.0293
12,reading_endofcourse_2015,reading-endofcourse-2015.js,multiple-choice,The purpose of this selection is to--,0,0.7220155200980818,1.633072460475826,0:0.7220|1:0.0394|2:0.0401|3:0.0405|4:0.0394|5:0.0396|6:0.0394|7:0.0396
13,reading_endofcourse_2015,reading-endofcourse-2015.js,multiple-choice,The purpose of the first paragraph is to -,0,0.38507697294387794,2.4906470085022665,0:0.3851|1:0.0744|2:0.2400|3:0.0510|4:0.1091|5:0.0514|6:0.0448|7:0.0443
14,reading_endofcourse_2015,reading-endofcourse-2015.js,multiple-choice,Which question is answered in paragraph 3?,1,0.7221172512763094,1.6324226238885606,0:0.0388|1:0.7221|2:0.0388|3:0.0390|4:0.0430|5:0.0394|6:0.0400|7:0.0390
15,reading_endofcourse_2015,reading-endofcourse-2015.js,multiple-choice,Paragraph 4 suggests that Osamu Tezuka -,2,0.5367160619629373,2.28808022452839,0:0.0613|1:0.0610|2:0.5367|3:0.0936|4:0.0619|5:0.0623|6:0.0617|7:0.0616
16,reading_endofcourse_2015,reading-endofcourse-2015.js,multiple-choice,"Read this sentence from paragraph 5. While Tezuka's manga may stand on the same library shelves as American superhero comic books, Tezuka's manga are to most traditional American comic books what Shakespeare's plays are to soap operas on American television: a similar art form, but with much richer content. The purpose of the analogy in this sentence is to-",7,0.5857738021607152,2.0153995208731885,0:0.1536|1:0.0345|2:0.0346|3:0.0350|4:0.0870|5:0.0348|6:0.0347|7:0.5858
17,reading_endofcourse_2015,reading-endofcourse-2015.js,multiple-choice,The author mainly develops the topic of this selection by -,5,0.4013066138749138,2.1905390706279926,0:0.3533|1:0.0408|2:0.0408|3:0.0409|4:0.0411|5:0.4013|6:0.0409|7:0.0409
18,reading_endofcourse_2015,reading-endofcourse-2015.js,multiple-choice,Which information from the selection supports the thesis that manga has become increasingly popular over time?,6,0.40340550035586925,2.1638353002418684,0:0.3596|1:0.0391|2:0.0391|3:0.0399|4:0.0393|5:0.0399|6:0.4034|7:0.0396
19,reading_endofcourse_2015,reading-endofcourse-2015.js,multiple-choice,"In paragraph 2, the author uses dialogue to -",5,0.6910734000910725,1.7591959577381093,0:0.0440|1:0.0440|2:0.0442|3:0.0441|4:0.0443|5:0.6911|6:0.0442|7:0.0441
20,reading_endofcourse_2015,reading-endofcourse-2015.js,multiple-choice,"Read this sentence from paragraph 3. I watched her play with the top button of her coat and thought about the man I was about to meet, my father, whose face I knew only from a small black-and-white photograph. This sentence conveys Su-Jen's feelings of -",7,0.7662350168049371,1.4407776935328682,0:0.0334|1:0.0333|2:0.0334|3:0.0334|4:0.0335|5:0.0334|6:0.0334|7:0.7662
21,reading_endofcourse_2015,reading-endofcourse-2015.js,multiple-choice,"In paragraph 3, pensive means -",7,0.6780988328095338,1.8101180714007894,0:0.0458|1:0.0458|2:0.0458|3:0.0458|4:0.0467|5:0.0459|6:0.0461|7:0.6781
22,reading_endofcourse_2015,reading-endofcourse-2015.js,multiple-choice,"Read this sentence from paragraph 5. He stopped as he drew near, huffing out of breath. This sentence contains an example of--",7,0.7216715328873242,1.6344951220196873,0:0.0409|1:0.0394|2:0.0394|3:0.0394|4:0.0397|5:0.0396|6:0.0400|7:0.7217
23,reading_endofcourse_2015,reading-endofcourse-2015.js,multiple-choice,The character of Su-Jen is mainly revealed through her--,5,0.17957049427452343,2.9498162863961626,0:0.1750|1:0.0990|2:0.0990|3:0.0996|4:0.1464|5:0.1796|6:0.1013|7:0.1001
24,reading_endofcourse_2015,reading-endofcourse-2015.js,multiple-choice,"Based on the selection, Su-Jen's father may best be described as--",5,0.3238820309072494,2.324599885355183,0:0.2131|1:0.0323|2:0.0323|3:0.0324|4:0.3012|5:0.3239|6:0.0324|7:0.0324
25,reading_endofcourse_2015,reading-endofcourse-2015.js,multiple-choice,Later chapters of this selection would most likely describe--,6,0.4793055733287895,2.0153747934947654,0:0.3209|1:0.0330|2:0.0330|3:0.0341|4:0.0332|5:0.0332|6:0.4793|7:0.0334
26,reading_endofcourse_2015,reading-endofcourse-2015.js,multiple-choice,"Which word carries a negative connotation in this sentence? Patrick's mother is assuming that when her son refrains from fraternizing so much, he will become more accomplished.",7,0.6859369511876617,1.7794941048543724,0:0.0448|1:0.0449|2:0.0448|3:0.0449|4:0.0450|5:0.0448|6:0.0449|7:0.6859
27,reading_endofcourse_2015,reading-endofcourse-2015.js,multiple-choice,"Read this sentence. Ryan was meticulous with his writing assignments, so the papers he turned in for English class received the highest grades for grammar because they never contained mistakes. As used in this sentence, the word meticulous means--",7,0.7702914275595077,1.4223726893446427,0:0.0327|1:0.0332|2:0.0327|3:0.0328|4:0.0328|5:0.0327|6:0.0327|7:0.7703
28,reading_endofcourse_2015,reading-endofcourse-2015.js,multiple-choice,Which fact from a magazine article would be best to include in a report about the literary career of William Faulkner?,5,0.5380948949500168,2.03773917209735,0:0.0373|1:0.0373|2:0.0373|3:0.0373|4:0.2374|5:0.5381|6:0.0376|7:0.0378
29,reading_endofcourse_2015,reading-endofcourse-2015.js,multiple-choice,Read these sentences. The days following tryouts for the wrestling team were a roller coaster ride for Ian. He had done his best at the tryouts and hoped the coaches would want him to wrestle on the varsity team. He worried over it for hours. The purpose of the figurative language in these sentences is to suggest that Ian--,5,0.5444450864231778,2.1814112442598828,0:0.1617|1:0.0485|2:0.0485|3:0.0486|4:0.0491|5:0.5444|6:0.0489|7:0.0503
30,reading_endofcourse_2015,reading-endofcourse-2015.js,multiple-choice,The information in paragraph 2 supports the idea that Antarctic fish -,5,0.510905391494342,1.9939630368733887,0:0.0336|1:0.0332|2:0.0333|3:0.0332|4:0.0334|5:0.5109|6:0.2891|7:0.0333
31,reading_endofcourse_2015,reading-endofcourse-2015.js,multiple-choice,"Read these sentences from paragraph 3. The threadfin pithead, for instance, lives at depths of around 2,000 feet in the cold dark of the Antarctic seas. It is difficult to imagine a more adverse environment. These sentences suggest that the author--",5,0.6085409711205734,2.064510324476821,0:0.0553|1:0.0554|2:0.0553|3:0.0552|4:0.0556|5:0.6085|6:0.0552|7:0.0595
32,reading_endofcourse_2015,reading-endofcourse-2015.js,multiple-choice,Read this sentence from paragraph 3. The slender fish spends its days swimming through the honeycombed channels of the icepack hunting krillsmall crustaceans-for its sustenance. The word sustenance means--,7,0.790904558153499,1.3267550891117201,0:0.0298|1:0.0298|2:0.0298|3:0.0299|4:0.0299|5:0.0299|6:0.0299|7:0.7909
33,reading_endofcourse_2015,reading-endofcourse-2015.js,multiple-choice,Which statement best expresses the main idea of paragraph 3?,5,0.7642243126698112,1.449850490808915,0:0.0337|1:0.0336|2:0.0337|3:0.0337|4:0.0337|5:0.7642|6:0.0337|7:0.0337
34,reading_endofcourse_2015,reading-endofcourse-2015.js,multiple-choice,"In paragraph 6, the word salutary means--",7,0.7457202696419258,1.5318444779991764,0:0.0363|1:0.0363|2:0.0363|3:0.0363|4:0.0364|5:0.0364|6:0.0363|7:0.7457
35,reading_endofcourse_2015,reading-endofcourse-2015.js,multiple-choice,The organizational structure of paragraph 6 is best described as -,5,0.7065753558402371,1.6968503387046954,0:0.0419|1:0.0418|2:0.0420|3:0.0419|4:0.0421|5:0.7066|6:0.0419|7:0.0419
36,reading_endofcourse_2015,reading-endofcourse-2015.js,multiple-choice,Which section would most likely describe future uses of the protein found in fish that live in below-freezing water?,6,0.6652448516479396,1.8549056463748488,0:0.0449|1:0.0647|2:0.0444|3:0.0453|4:0.0451|5:0.0449|6:0.6652|7:0.0454
37,reading_endofcourse_2015,reading-endofcourse-2015.js,multiple-choice,How can the reader best tell that this is an expository selection?,4,0.2987182318753101,2.3720228871794995,0:0.2452|1:0.0345|2:0.0345|3:0.0346|4:0.2987|5:0.2834|6:0.0345|7:0.0346
38,reading_endofcourse_2015,reading-endofcourse-2015.js,multiple-choice,What is the author's most likely purpose for writing this selection?,6,0.4193799397185822,1.945874817929742,0:0.4057|1:0.0289|2:0.0288|3:0.0301|4:0.0289|5:0.0290|6:0.4194|7:0.0292
39,reading_endofcourse_2015,reading-endofcourse-2015.js,multiple-choice,"That advice helped keep my situation in perspective; I was polishing my craft, getting experience, and establishing myself as a talented writer. In this sentence from paragraph 1, the word polishing suggests--",7,0.6976348321586818,1.7328159038723019,0:0.0426|1:0.0426|2:0.0426|3:0.0464|4:0.0429|5:0.0427|6:0.0427|7:0.6976
40,reading_endofcourse_2015,reading-endofcourse-2015.js,multiple-choice,Which set of statements provides the best summary of paragraphs 2-5?,5,0.6767974875685066,1.8151608619128519,0:0.0459|1:0.0459|2:0.0458|3:0.0461|4:0.0470|5:0.6768|6:0.0462|7:0.0462
41,reading_endofcourse_2015,reading-endofcourse-2015.js,multiple-choice,"Read this sentence from paragraph 5. The ticket was inscribed with the logo for KidsPop, the symphony orchestra's overt attempt to entice children away from video games and into the world of classical music. What does the word overt mean?",7,0.601685293380446,1.8163206467054744,0:0.0291|1:0.2233|2:0.0290|3:0.0291|4:0.0296|5:0.0291|6:0.0291|7:0.6017
42,reading_endofcourse_2015,reading-endofcourse-2015.js,multiple-choice,A quick scan of Saint-Saën's biography provided little assistance--the information was nearly incomprehensible to a beginner such as myself. The word incomprehensible from paragraph 6 contains a root word that means to--,7,0.5565136478799562,1.9560190862934186,0:0.0339|1:0.0337|2:0.0338|3:0.0338|4:0.0338|5:0.0338|6:0.2407|7:0.5565
43,reading_endofcourse_2015,reading-endofcourse-2015.js,multiple-choice,"Read this sentence from paragraph 10. Now came a contrast in tempo--the lumbering sluggishness of giant tortoises, painfully trudging along, step by laborious step. The author uses sensory language in this sentence in order to--",7,0.5197552608792908,2.0354151159173925,0:0.0357|1:0.0356|2:0.0356|3:0.0357|4:0.0381|5:0.2637|6:0.0358|7:0.5198
44,reading_endofcourse_2015,reading-endofcourse-2015.js,multiple-choice,The fanfare and flourishes of the finale announced a farewell to our carnival. Which literary device does Jake use in this sentence from paragraph 13?,7,0.6481475339945724,1.898389657179423,0:0.0426|1:0.0441|2:0.0426|3:0.0439|4:0.0431|5:0.0926|6:0.0429|7:0.6481
45,reading_endofcourse_2015,reading-endofcourse-2015.js,multiple-choice,Jake's dismay over having to review a KidsPop concert affects the selection by--,0,0.6859552656325141,1.779405706038733,0:0.6860|1:0.0446|2:0.0445|3:0.0458|4:0.0448|5:0.0448|6:0.0447|7:0.0448
46,reading_endofcourse_2015,reading-endofcourse-2015.js,multiple-choice,Jake uses extensive animal imagery in the selection to suggest the music's--,0,0.47308978905744764,2.360422416604048,0:0.4731|1:0.0552|2:0.0552|3:0.0555|4:0.0557|5:0.1930|6:0.0563|7:0.0560
47,reading_endofcourse_2015,reading-endofcourse-2015.js,multiple-choice,Which detail from the selection supports the concept that Jake is eager to do a good job reviewing the concert?,0,0.5157062345564943,2.2160741129075916,0:0.5157|1:0.0475|2:0.0474|3:0.0476|4:0.0496|5:0.1960|6:0.0485|7:0.0477
48,reading_endofcourse_2015,reading-endofcourse-2015.js,multiple-choice,The selection is told from Jakes point of view in order to emphasize his--,0,0.4602506762243549,2.476996268130426,0:0.4603|1:0.0619|2:0.0617|3:0.0629|4:0.1101|5:0.1184|6:0.0626|7:0.0622
49,reading_endofcourse_2015,reading-endofcourse-2015.js,multiple-choice,The author includes the illustration at the top of the selection to--,5,0.45297870733252166,2.127776988512895,0:0.3162|1:0.0384|2:0.0384|3:0.0385|4:0.0386|5:0.4530|6:0.0385|7:0.0385
50,reading_endofcourse_2015,reading-endofcourse-2015.js,multiple-choice,The purpose of paragraph 2 is to--,0,0.44138678975354373,2.2155248011073536,0:0.4414|1:0.0427|2:0.2998|3:0.0434|4:0.0432|5:0.0433|6:0.0432|7:0.0430
51,reading_endofcourse_2015,reading-endofcourse-2015.js,multiple-choice,The author uses the source in paragraph 5 to--,5,0.6910734000910725,1.7591959577381093,0:0.0440|1:0.0440|2:0.0442|3:0.0441|4:0.0443|5:0.6911|6:0.0442|7:0.0441
52,reading_endofcourse_2015,reading-endofcourse-2015.js,multiple-choice,The reader may conclude that computerized contact lenses will be most useful to people who--,4,0.4690220124829688,2.350172270908156,0:0.0540|1:0.0539|2:0.0540|3:0.0541|4:0.4690|5:0.2053|6:0.0552|7:0.0544
53,reading_endofcourse_2015,reading-endofcourse-2015.js,multiple-choice,"Paragraph 8 suggests that in the future, computers will be embedded into contact lenses that--",2,0.4457308146818533,2.5345426338526353,0:0.0686|1:0.0684|2:0.4457|3:0.0981|4:0.0748|5:0.0698|6:0.1056|7:0.0690
54,reading_endofcourse_2015,reading-endofcourse-2015.js,multiple-choice,The purpose of this selection is to--,0,0.7220155200980818,1.633072460475826,0:0.7220|1:0.0394|2:0.0401|3:0.0405|4:0.0394|5:0.0396|6:0.0394|7:0.0396
1,reading_endofcourse_practice_2024,reading-endofcourse-practice-2024.js,multiple-choice,"In paragraph 1, the expression ""rhythm of their lives"" suggests that people's lives were filled with--",2,0.39921540370418984,2.590866547284513,0:0.0667|1:0.0666|2:0.3992|3:0.0820|4:0.0680|5:0.1759|6:0.0749|7:0.0667
2,reading_endofcourse_practice_2024,reading-endofcourse-practice-2024.js,multiple-choice,"Based on paragraph 4, the reader can determine that the sundial was the first timekeeping device to--",4,0.6075921340997127,1.9495700543829,0:0.0383|1:0.0382|2:0.1601|3:0.0384|4:0.6076|5:0.0408|6:0.0383|7:0.0384
3,reading_endofcourse_practice_2024,reading-endofcourse-practice-2024.js,multiple-choice,The main idea of paragraph 5 focuses on the concept that water clocks were--,5,0.7523242617028789,1.50288690025077,0:0.0354|1:0.0353|2:0.0354|3:0.0353|4:0.0355|5:0.7523|6:0.0354|7:0.0354
4,reading_endofcourse_practice_2024,reading-endofcourse-practice-2024.js,multiple-choice,This selection supports all these statements about timekeeping EXCEPT--,0,0.6118895243333886,2.0211300078550813,0:0.6119|1:0.0468|2:0.0468|3:0.0474|4:0.0470|5:0.1060|6:0.0471|7:0.0470
5,reading_endofcourse_practice_2024,reading-endofcourse-practice-2024.js,multiple-choice,"Based on information in the selection, which statement represents the author's opinion?",6,0.4460623794301069,2.2450057476793943,0:0.1940|1:0.0321|2:0.0321|3:0.0326|4:0.1970|5:0.0324|6:0.4461|7:0.0338
6,reading_endofcourse_practice_2024,reading-endofcourse-practice-2024.js,multiple-choice,Which tone is conveyed in paragraph 1?,2,0.4159964048520318,2.5941625895359035,0:0.0686|1:0.0686|2:0.4160|3:0.1088|4:0.0698|5:0.1229|6:0.0694|7:0.0760
7,reading_endofcourse_practice_2024,reading-endofcourse-practice-2024.js,multiple-choice,"Read this sentence from paragraph 3. That facade had evaporated when Jack enlisted, and, Ruth admitted, she liked herself more now than she had in the past. The author's word choice in this sentence highlights the idea that--",7,0.49484323381568907,1.8850898077980522,0:0.0274|1:0.0274|2:0.0274|3:0.0274|4:0.0275|5:0.3406|6:0.0274|7:0.4948
8,reading_endofcourse_practice_2024,reading-endofcourse-practice-2024.js,multiple-choice,Why does the author include the flashback in paragraph 9?,5,0.7131152609542903,1.6700495967834728,0:0.0409|1:0.0409|2:0.0410|3:0.0409|4:0.0411|5:0.7131|6:0.0410|7:0.0410
9,reading_endofcourse_practice_2024,reading-endofcourse-practice-2024.js,multiple-choice,The details in paragraph 13 contribute to the selection by--,0,0.47817803244063345,2.2545414249720763,0:0.4782|1:0.0461|2:0.2365|3:0.0487|4:0.0470|5:0.0470|6:0.0499|7:0.0465
10,reading_endofcourse_practice_2024,reading-endofcourse-practice-2024.js,multiple-choice,"In this selection, Vera's character is best described as a--",5,0.44657962450829386,2.124584493100067,0:0.3246|1:0.0381|2:0.0381|3:0.0382|4:0.0382|5:0.4466|6:0.0381|7:0.0382
11,reading_endofcourse_practice_2024,reading-endofcourse-practice-2024.js,multiple-choice,The author organizes information in paragraph 1 using explanation most likely to--,6,0.7825924868328283,1.3657408119816008,0:0.0309|1:0.0308|2:0.0310|3:0.0313|4:0.0312|5:0.0310|6:0.7826|7:0.0312
12,reading_endofcourse_practice_2024,reading-endofcourse-practice-2024.js,multiple-choice,The reader can tell this article is expository because it--,4,0.6898218431701383,1.764148944129564,0:0.0443|1:0.0439|2:0.0441|3:0.0444|4:0.6898|5:0.0449|6:0.0443|7:0.0443
13,reading_endofcourse_practice_2024,reading-endofcourse-practice-2024.js,multiple-choice,How do scientists know that the canals were dry at times?,0,0.125,3.0,0:0.1250|1:0.1250|2:0.1250|3:0.1250|4:0.1250|5:0.1250|6:0.1250|7:0.1250
14,reading_endofcourse_practice_2024,reading-endofcourse-practice-2024.js,multiple-choice,"Read this sentence from paragraph 5. There the salt hay, sawdust, and straw effaced the airborne tang of leather and glue from the nearby shoe factory and muted the call of the ragman. In this sentence, the word effaced means--",7,0.7960486175622367,1.3023244993376546,0:0.0291|1:0.0291|2:0.0291|3:0.0291|4:0.0292|5:0.0291|6:0.0291|7:0.7960
15,reading_endofcourse_practice_2024,reading-endofcourse-practice-2024.js,multiple-choice,"Read this sentence from paragraph 7. Then in fifth grade, Lydia saw a city map and realized her entire world was the smallest finger of Boston's broad hand. The figurative language in the sentence impacts readers by helping them--",7,0.7123440933217012,1.6722069987192638,0:0.0483|1:0.0397|2:0.0398|3:0.0398|4:0.0401|5:0.0400|6:0.0399|7:0.7123
16,reading_endofcourse_practice_2024,reading-endofcourse-practice-2024.js,multiple-choice,"Based on this story, the reader may best understand that Lydia--",4,0.41966235488694653,1.974507084346914,0:0.0304|1:0.0304|2:0.0304|3:0.0305|4:0.4197|5:0.3978|6:0.0304|7:0.0304
17,reading_endofcourse_practice_2024,reading-endofcourse-practice-2024.js,multiple-choice,"The author's use of a simile in paragraph 18 of ""Stone Age Skating Experience"" suggests that Greta--",5,0.6447426287383048,1.935986544522597,0:0.0503|1:0.0504|2:0.0505|3:0.0509|4:0.0509|5:0.6447|6:0.0504|7:0.0518
18,reading_endofcourse_practice_2024,reading-endofcourse-practice-2024.js,multiple-choice,"Which sentence from ""History on Ice"" is least supported by details and would benefit from clarification?",7,0.4312081228861022,2.267934142518464,0:0.0498|1:0.0449|2:0.0449|3:0.0464|4:0.0451|5:0.0450|6:0.2928|7:0.4312
19,reading_endofcourse_practice_2024,reading-endofcourse-practice-2024.js,multiple-choice,Both selections express the idea that--,5,0.6583353404973337,1.8855766817889412,0:0.0488|1:0.0488|2:0.0488|3:0.0488|4:0.0488|5:0.6583|6:0.0488|7:0.0488
20,reading_endofcourse_practice_2024,reading-endofcourse-practice-2024.js,multiple-choice,The imagery in lines 7-11 of the poem helps the reader--,3,0.4518542778085265,2.2191141223262862,0:0.0430|1:0.0427|2:0.0427|3:0.4519|4:0.2856|5:0.0441|6:0.0429|7:0.0472
21,reading_endofcourse_practice_2024,reading-endofcourse-practice-2024.js,multiple-choice,"In line 21, the speaker uses the word ""lush"" when describing the patch of grass to--",7,0.3863620280723024,2.434390562770973,0:0.0502|1:0.0523|2:0.0500|3:0.2779|4:0.0526|5:0.0752|6:0.0554|7:0.3864
22,reading_endofcourse_practice_2024,reading-endofcourse-practice-2024.js,multiple-choice,"In lines 29-33 of the poem, the poet's use of the rhetorical question suggests that the speaker--",3,0.4929648569059396,2.1859342391251593,0:0.0383|1:0.2380|2:0.0381|3:0.4930|4:0.0393|5:0.0748|6:0.0386|7:0.0399
23,reading_endofcourse_practice_2024,reading-endofcourse-practice-2024.js,multiple-choice,The purpose of the imagery in the poem is most likely to —,6,0.3088205247456865,2.3510839819324216,0:0.2414|1:0.0336|2:0.0331|3:0.2833|4:0.0332|5:0.0332|6:0.3088|7:0.0334
1,reading_grade3_2015,reading-grade3-2015.js,multiple-choice,Another good title for this story would be--,5,0.6693029591467174,1.8416921465785001,0:0.0449|1:0.0590|2:0.0447|3:0.0448|4:0.0464|5:0.6693|6:0.0456|7:0.0453
2,reading_grade3_2015,reading-grade3-2015.js,multiple-choice,Danielle keeps the cupcakes a secret by--,0,0.125,3.0,0:0.1250|1:0.1250|2:0.1250|3:0.1250|4:0.1250|5:0.1250|6:0.1250|7:0.1250
3,reading_grade3_2015,reading-grade3-2015.js,multiple-choice,Complete this flow chart with the most appropriate answer for the empty box.,5,0.15213987844115487,2.9896062005284145,0:0.1142|1:0.1202|2:0.1137|3:0.1143|4:0.1153|5:0.1521|6:0.1199|7:0.1502
4,reading_grade3_2015,reading-grade3-2015.js,multiple-choice,Danielle is pleased with the surprise most likely because she--,6,0.6770347313676726,1.8142420944857407,0:0.0460|1:0.0460|2:0.0459|3:0.0470|4:0.0460|5:0.0460|6:0.6770|7:0.0461
5,reading_grade3_2015,reading-grade3-2015.js,multiple-choice,What will Martin and Madison most likely do next?,6,0.6770347313676726,1.8142420944857407,0:0.0460|1:0.0460|2:0.0459|3:0.0470|4:0.0460|5:0.0460|6:0.6770|7:0.0461
6,reading_grade3_2015,reading-grade3-2015.js,multiple-choice,Which of these do the characters have in common?,0,0.125,3.0,0:0.1250|1:0.1250|2:0.1250|3:0.1250|4:0.1250|5:0.1250|6:0.1250|7:0.1250
7,reading_grade3_2015,reading-grade3-2015.js,multiple-choice,"What is the root word in ""discovered""?",7,0.6108280098453075,2.056804735615443,0:0.0555|1:0.0555|2:0.0555|3:0.0556|4:0.0556|5:0.0556|6:0.0560|7:0.6108
8,reading_grade3_2015,reading-grade3-2015.js,multiple-choice,Some people eat seaweed all by itself because they most likely--,6,0.58183859288295,2.1544403931588976,0:0.0592|1:0.0591|2:0.0591|3:0.0602|4:0.0592|5:0.0619|6:0.5818|7:0.0594
9,reading_grade3_2015,reading-grade3-2015.js,multiple-choice,"Based on the article, seaweed makes ice cream and yogurt--",4,0.7596127403728694,1.4703390888275911,0:0.0339|1:0.0335|2:0.0337|3:0.0339|4:0.7596|5:0.0344|6:0.0371|7:0.0339
10,reading_grade3_2015,reading-grade3-2015.js,multiple-choice,Which question is answered in the article?,1,0.48501654127818267,2.06563137266245,0:0.0362|1:0.4850|2:0.0359|3:0.0362|4:0.2981|5:0.0362|6:0.0361|7:0.0363
11,reading_grade3_2015,reading-grade3-2015.js,multiple-choice,The author wrote this article most likely to--,6,0.7614325386416577,1.4623500456629717,0:0.0337|1:0.0337|2:0.0337|3:0.0343|4:0.0339|5:0.0339|6:0.7614|7:0.0353
12,reading_grade3_2015,reading-grade3-2015.js,multiple-choice,"In an Internet search about oceans, which website would most likely have information about where red seaweed grows?",6,0.7811736712715862,1.3723390746927995,0:0.0312|1:0.0311|2:0.0311|3:0.0315|4:0.0313|5:0.0312|6:0.7812|7:0.0313
13,reading_grade3_2015,reading-grade3-2015.js,multiple-choice,"What makes the secret message appear in ""Lemony Letter""?",1,0.19569948893212974,2.960701237154587,0:0.1134|1:0.1957|2:0.1045|3:0.1049|4:0.1060|5:0.1132|6:0.1533|7:0.1090
14,reading_grade3_2015,reading-grade3-2015.js,multiple-choice,"In ""Mirror Message"" when the steam in the bathroom is gone, the message will most likely--",6,0.4324914110276324,2.5651554748261125,0:0.0747|1:0.1211|2:0.0736|3:0.0742|4:0.0739|5:0.0739|6:0.4325|7:0.0761
15,reading_grade3_2015,reading-grade3-2015.js,multiple-choice,"In step 3 of ""Mirror Message,"" what does the word invisible mean?",1,0.37733764063524766,2.339982538416306,0:0.0487|1:0.3773|2:0.0473|3:0.0474|4:0.0486|5:0.0490|6:0.0542|7:0.3275
16,reading_grade3_2015,reading-grade3-2015.js,multiple-choice,"""Lemony Letter"" and ""Mirror Message"" are alike because both--",1,0.19569948893212974,2.960701237154587,0:0.1134|1:0.1957|2:0.1045|3:0.1049|4:0.1060|5:0.1132|6:0.1533|7:0.1090
17,reading_grade3_2015,reading-grade3-2015.js,multiple-choice,"In ""Crazy Crayon,"" it is hard to see the message before painting over it because the message--",1,0.19569948893212974,2.960701237154587,0:0.1134|1:0.1957|2:0.1045|3:0.1049|4:0.1060|5:0.1132|6:0.1533|7:0.1090
18,reading_grade3_2015,reading-grade3-2015.js,multiple-choice,One reason to read the flier is to--,7,0.37366737593516236,2.6373999382490845,0:0.0712|1:0.0836|2:0.0693|3:0.0708|4:0.0704|5:0.0732|6:0.1879|7:0.3737
19,reading_grade3_2015,reading-grade3-2015.js,multiple-choice,The author puts numbers before some sentences in the flier to--,5,0.585954295155024,2.1400687174077144,0:0.0576|1:0.0671|2:0.0576|3:0.0577|4:0.0581|5:0.5860|6:0.0579|7:0.0579
20,reading_grade3_2015,reading-grade3-2015.js,multiple-choice,"Read this sentence and dictionary entry. In the winter, grocery stores charge too much for strawberries. charge (chärj) v. 1. To give orders. 2. To set as a price. 3. To fill up completely. 4. To rush forward.",7,0.6021339214274425,2.086639432127715,0:0.0569|1:0.0568|2:0.0567|3:0.0568|4:0.0570|5:0.0569|6:0.0568|7:0.6021
21,reading_grade3_2015,reading-grade3-2015.js,multiple-select,Guide words: camera - cause Which two words would appear on the same page as these guide words?,6,0.3971275256543567,2.661578471953151,0:0.0878|1:0.0836|2:0.0844|3:0.0873|4:0.0857|5:0.0862|6:0.3971|7:0.0880
22,reading_grade3_2015,reading-grade3-2015.js,multiple-choice,The title tells readers that a character in the story will most likely--,5,0.41876578414725574,2.2637804954650598,0:0.0430|1:0.0574|2:0.0430|3:0.0432|4:0.0432|5:0.4188|6:0.3082|7:0.0431
23,reading_grade3_2015,reading-grade3-2015.js,multiple-choice,Paragraph 5 is important to the story because it--,5,0.6990983202988611,1.7271270566188162,0:0.0429|1:0.0429|2:0.0430|3:0.0429|4:0.0432|5:0.6991|6:0.0430|7:0.0430
24,reading_grade3_2015,reading-grade3-2015.js,multiple-choice,"After Evan and Mark find the map, they both feel--",0,0.125,3.0,0:0.1250|1:0.1250|2:0.1250|3:0.1250|4:0.1250|5:0.1250|6:0.1250|7:0.1250
25,reading_grade3_2015,reading-grade3-2015.js,multiple-choice,Where does this story begin and end?,5,0.645345322293868,1.9337530382872719,0:0.0502|1:0.0521|2:0.0502|3:0.0503|4:0.0511|5:0.6453|6:0.0505|7:0.0502
26,reading_grade3_2015,reading-grade3-2015.js,multiple-choice,"Based on the story, where does the map first lead the boys?",4,0.39142029363636394,2.110769820811086,0:0.0367|1:0.0376|2:0.0365|3:0.0366|4:0.3914|5:0.3880|6:0.0366|7:0.0366
27,reading_grade3_2015,reading-grade3-2015.js,multiple-choice,Which question is answered at the end of the story?,1,0.43306050161312165,2.1265626511735594,0:0.0378|1:0.4331|2:0.0378|3:0.0380|4:0.0381|5:0.3393|6:0.0381|7:0.0378
28,reading_grade3_2015,reading-grade3-2015.js,drag-drop,Place these words in alphabetical order.,5,0.2058558809189361,2.9275049163164786,0:0.0994|1:0.1048|2:0.0993|3:0.1043|4:0.1876|5:0.2059|6:0.0994|7:0.0994
29,reading_grade3_2015,reading-grade3-2015.js,multiple-choice,"Based on paragraph 4, the reader can tell that-",4,0.6072946054780886,1.9339431542258843,0:0.0371|1:0.0369|2:0.1681|3:0.0376|4:0.6073|5:0.0381|6:0.0375|7:0.0375
30,reading_grade3_2015,reading-grade3-2015.js,multiple-choice,Paragraph 6 explains that one way ostriches keep themselves safe is by--,2,0.41033241814036353,2.630561855005874,0:0.0791|1:0.0912|2:0.4103|3:0.0804|4:0.0878|5:0.0793|6:0.0812|7:0.0907
31,reading_grade3_2015,reading-grade3-2015.js,multiple-choice,What information can be learned by reading the chart at the end of the article?,6,0.7322183708929644,1.58930388723044,0:0.0365|1:0.0438|2:0.0364|3:0.0374|4:0.0370|5:0.0387|6:0.7322|7:0.0380
32,reading_grade3_2015,reading-grade3-2015.js,multiple-choice,"Based on the article, one way the male leader is like the females in the herd is that he helps--",4,0.5850096844915175,2.142396773248913,0:0.0546|1:0.0545|2:0.0580|3:0.0624|4:0.5850|5:0.0587|6:0.0585|7:0.0684
33,reading_grade3_2015,reading-grade3-2015.js,multiple-choice,The feathers of an ostrich help the bird--,6,0.23521893683922213,2.931801455501694,0:0.1264|1:0.1054|2:0.1063|3:0.1054|4:0.1078|5:0.1064|6:0.2352|7:0.1071
34,reading_grade3_2015,reading-grade3-2015.js,multiple-choice,"Based on the article, what can the reader most likely tell about ostriches?",4,0.5963512171785644,1.8728926545536089,0:0.0320|1:0.0319|2:0.0319|3:0.0322|4:0.5964|5:0.0320|6:0.2114|7:0.0321
35,reading_grade3_2015,reading-grade3-2015.js,multiple-choice,"After looking at the title, the reader knows that this poem is about--",3,0.3523517892345835,2.4375294709441957,0:0.0504|1:0.0650|2:0.0507|3:0.3524|4:0.3162|5:0.0622|6:0.0510|7:0.0522
36,reading_grade3_2015,reading-grade3-2015.js,multiple-choice,What does pause mean in line 13?,1,0.552692019396179,2.2436571694148655,0:0.0581|1:0.5527|2:0.0574|3:0.0801|4:0.0666|5:0.0650|6:0.0594|7:0.0607
37,reading_grade3_2015,reading-grade3-2015.js,multiple-choice,"In lines 17-20, the speaker can best be described as--",5,0.42870860399184324,2.1921534409434846,0:0.0415|1:0.0414|2:0.0413|3:0.3227|4:0.0415|5:0.4287|6:0.0414|7:0.0414
38,reading_grade3_2015,reading-grade3-2015.js,multiple-choice,Where is the first place the speaker looks for the shoe?,3,0.3805352526709554,2.6376399985079466,0:0.0898|1:0.1024|2:0.0636|3:0.3805|4:0.1661|5:0.0667|6:0.0645|7:0.0665
39,reading_grade3_2015,reading-grade3-2015.js,multiple-choice,"Based on the events in the poem, the shoe was most likely last worn--",4,0.2850156015406866,2.309777212162702,0:0.0303|1:0.0302|2:0.0302|3:0.2792|4:0.2850|5:0.0302|6:0.2844|7:0.0304
40,reading_grade3_2015,reading-grade3-2015.js,multiple-choice,Which question is answered in the poem?,1,0.4974918966908177,2.067076894416204,0:0.0363|1:0.4975|2:0.0362|3:0.2820|4:0.0385|5:0.0367|6:0.0365|7:0.0364
1,reading_endofcourse_practice_2024,reading-grade3-practice-2024.js,multiple-choice,The photograph in the article helps the reader understand —,4,0.6368170507624257,1.9631690646380744,0:0.0500|1:0.0497|2:0.0498|3:0.0502|4:0.6368|5:0.0624|6:0.0503|7:0.0509
2,reading_endofcourse_practice_2024,reading-grade3-practice-2024.js,multiple-choice,The cheetah's coat is most useful because it —,6,0.40105104088557303,2.6527066519692504,0:0.0848|1:0.0843|2:0.0845|3:0.0845|4:0.0913|5:0.0847|6:0.4011|7:0.0849
3,reading_endofcourse_practice_2024,reading-grade3-practice-2024.js,multiple-choice,One reason Kelly finishes in third place is because she —,5,0.1675464513365794,2.970645234819777,0:0.1040|1:0.1210|2:0.0963|3:0.1103|4:0.1594|5:0.1675|6:0.1393|7:0.1020
4,reading_endofcourse_practice_2024,reading-grade3-practice-2024.js,multiple-choice,Who is telling this story?,5,0.7064084093556038,1.6975313297019696,0:0.0419|1:0.0419|2:0.0419|3:0.0420|4:0.0420|5:0.7064|6:0.0419|7:0.0419
5,reading_endofcourse_practice_2024,reading-grade3-practice-2024.js,multiple-choice,Which sentence best states the theme of the story?,5,0.7558371485430883,1.487340189415029,0:0.0347|1:0.0347|2:0.0347|3:0.0349|4:0.0353|5:0.7558|6:0.0348|7:0.0350
6,reading_endofcourse_practice_2024,reading-grade3-practice-2024.js,multiple-choice,Which sentence best states the main idea of paragraph 1?,5,0.793322381996841,1.3153002366027122,0:0.0295|1:0.0295|2:0.0295|3:0.0295|4:0.0296|5:0.7933|6:0.0295|7:0.0297
7,reading_endofcourse_practice_2024,reading-grade3-practice-2024.js,multiple-choice,Which heading best belongs above paragraph 2?,5,0.6998000866096686,1.7243023067219732,0:0.0428|1:0.0428|2:0.0430|3:0.0428|4:0.0430|5:0.6998|6:0.0428|7:0.0429
8,reading_endofcourse_practice_2024,reading-grade3-practice-2024.js,multiple-choice,Which question is answered in paragraph 2?,1,0.7221172512763094,1.6324226238885606,0:0.0388|1:0.7221|2:0.0388|3:0.0390|4:0.0430|5:0.0394|6:0.0400|7:0.0390
9,reading_endofcourse_practice_2024,reading-grade3-practice-2024.js,multiple-choice,Which word is an antonym for joined as used in paragraph 4?,7,0.6858247841529612,1.7798866266885778,0:0.0445|1:0.0465|2:0.0446|3:0.0446|4:0.0447|5:0.0446|6:0.0446|7:0.6858
10,reading_endofcourse_practice_2024,reading-grade3-practice-2024.js,multiple-choice,What does defend mean in paragraph 4?,1,0.7027909388309022,1.7120983235098262,0:0.0419|1:0.7028|2:0.0416|3:0.0415|4:0.0447|5:0.0425|6:0.0430|7:0.0420
11,reading_endofcourse_practice_2024,reading-grade3-practice-2024.js,multiple-choice,The author wrote this article most likely to —,6,0.7614325386416577,1.4623500456629717,0:0.0337|1:0.0337|2:0.0337|3:0.0343|4:0.0339|5:0.0339|6:0.7614|7:0.0353
12,reading_endofcourse_practice_2024,reading-grade3-practice-2024.js,multiple-choice,Which lines show the conflict in the poem?,3,0.5317222752385087,2.229085566867263,0:0.0515|1:0.0518|2:0.0513|3:0.5317|4:0.0514|5:0.1592|6:0.0514|7:0.0517
13,reading_endofcourse_practice_2024,reading-grade3-practice-2024.js,multiple-choice,The resolution in the poem happens as soon as the speaker —,3,0.7121923336929415,1.67382099863661,0:0.0409|1:0.0418|2:0.0406|3:0.7122|4:0.0407|5:0.0413|6:0.0407|7:0.0418
14,reading_endofcourse_practice_2024,reading-grade3-practice-2024.js,multiple-choice,Which word best describes the speaker throughout the poem?,7,0.4386982906912587,2.028530341342451,0:0.0342|1:0.0332|2:0.0325|3:0.3627|4:0.0328|5:0.0332|6:0.0327|7:0.4387
15,reading_endofcourse_practice_2024,reading-grade3-practice-2024.js,multiple-choice,Which question is answered in paragraph 2?,1,0.7221172512763094,1.6324226238885606,0:0.0388|1:0.7221|2:0.0388|3:0.0390|4:0.0430|5:0.0394|6:0.0400|7:0.0390
16,reading_endofcourse_practice_2024,reading-grade3-practice-2024.js,multiple-choice,What is the main idea of paragraph 4?,5,0.7523242617028789,1.50288690025077,0:0.0354|1:0.0353|2:0.0354|3:0.0353|4:0.0355|5:0.7523|6:0.0354|7:0.0354
17,reading_endofcourse_practice_2024,reading-grade3-practice-2024.js,multiple-choice,Read this sentence from paragraph 5. Whole groups of sea otters may be seen floating together. Which word is a homophone for seen ?,7,0.6358435333320734,1.8498348308563575,0:0.0352|1:0.0352|2:0.0351|3:0.0353|4:0.1528|5:0.0353|6:0.0352|7:0.6358
18,reading_endofcourse_practice_2024,reading-grade3-practice-2024.js,multiple-choice,"Based on the article, the ocean is a perfect home for the sea otter because the —",4,0.7054217946239453,1.7015116165568203,0:0.0419|1:0.0415|2:0.0416|3:0.0419|4:0.7054|5:0.0425|6:0.0432|7:0.0421
19,reading_endofcourse_practice_2024,reading-grade3-practice-2024.js,multiple-choice,"Based on the article, sea otters can swim well mainly because their —",4,0.6585798019111538,1.8834856578303067,0:0.0543|1:0.0455|2:0.0457|3:0.0461|4:0.6586|5:0.0528|6:0.0502|7:0.0467
20,reading_endofcourse_practice_2024,reading-grade3-practice-2024.js,multiple-choice,"Based on the article, a sea otter finds its favorite foods —",4,0.7054217946239453,1.7015116165568203,0:0.0419|1:0.0415|2:0.0416|3:0.0419|4:0.7054|5:0.0425|6:0.0432|7:0.0421
21,reading_endofcourse_practice_2024,reading-grade3-practice-2024.js,multiple-choice,One purpose of the sea otter's chest is to help the animal —,0,0.3947245584661876,2.6077267471410406,0:0.3947|1:0.0726|2:0.0706|3:0.0706|4:0.1727|5:0.0686|6:0.0751|7:0.0750
22,reading_endofcourse_practice_2024,reading-grade3-practice-2024.js,multiple-choice,The author uses headings in the article most likely to —,6,0.7545492664444174,1.493016354630611,0:0.0347|1:0.0347|2:0.0347|3:0.0353|4:0.0349|5:0.0349|6:0.7545|7:0.0362
23,reading_endofcourse_practice_2024,reading-grade3-practice-2024.js,multiple-choice,"Based on the article, what may happen if a sea otter rests far from seaweed?",4,0.6938198508724913,1.7455374896335272,0:0.0418|1:0.0406|2:0.0408|3:0.0412|4:0.6938|5:0.0556|6:0.0413|7:0.0448
24,reading_endofcourse_practice_2024,reading-grade3-practice-2024.js,multiple-choice,Bonnie and Steve are proud in the beginning of the poem because they each —,3,0.5571978180549677,2.2211103116586868,0:0.0577|1:0.0592|2:0.0572|3:0.5572|4:0.0574|5:0.0958|6:0.0575|7:0.0580
25,reading_endofcourse_practice_2024,reading-grade3-practice-2024.js,multiple-choice,"Based on the poem, how does Bonnie first find out Steve is selling cherry juice?",4,0.4249932613716293,2.1455503107197336,0:0.0410|1:0.0388|2:0.0369|3:0.3421|4:0.4250|5:0.0388|6:0.0395|7:0.0379
26,reading_endofcourse_practice_2024,reading-grade3-practice-2024.js,multiple-choice,Which question is answered in the poem?,1,0.4974918966908177,2.067076894416204,0:0.0363|1:0.4975|2:0.0362|3:0.2820|4:0.0385|5:0.0367|6:0.0365|7:0.0364
27,reading_endofcourse_practice_2024,reading-grade3-practice-2024.js,multiple-choice,Which line from the poem is where the reader understands how the problem is solved?,3,0.3890472420823262,2.3194951390640997,0:0.0444|1:0.0611|2:0.0443|3:0.3890|4:0.3214|5:0.0466|6:0.0445|7:0.0487
28,reading_endofcourse_practice_2024,reading-grade3-practice-2024.js,multiple-choice,How is Bonnie different from Steve?,0,0.125,3.0,0:0.1250|1:0.1250|2:0.1250|3:0.1250|4:0.1250|5:0.1250|6:0.1250|7:0.1250
29,reading_endofcourse_practice_2024,reading-grade3-practice-2024.js,multiple-choice,Bonnie and Steve end up sharing a stand because they —,5,0.3719176841543006,2.7060178594013795,0:0.0823|1:0.1220|2:0.0822|3:0.0826|4:0.0870|5:0.3719|6:0.0894|7:0.0825
1,reading_grade4_2015,reading-grade4-2015.js,multiple-choice,Which question is answered in paragraph 5?,1,0.7221172512763094,1.6324226238885606,0:0.0388|1:0.7221|2:0.0388|3:0.0390|4:0.0430|5:0.0394|6:0.0400|7:0.0390
2,reading_grade4_2015,reading-grade4-2015.js,multiple-choice,"Based on paragraph 6, Ben's mother may best be described as--",5,0.4639837075717927,2.046429697927298,0:0.0345|1:0.0344|2:0.0345|3:0.0345|4:0.3292|5:0.4640|6:0.0344|7:0.0345
3,reading_grade4_2015,reading-grade4-2015.js,multiple-choice,A student asks this question after reading the story. What activity to ben and Mark choose first? Which paragraph answers this question?,1,0.4177195099304029,2.2846436707334155,0:0.0432|1:0.4177|2:0.0430|3:0.0432|4:0.0664|5:0.3004|6:0.0431|7:0.0431
4,reading_grade4_2015,reading-grade4-2015.js,multiple-choice,Eli shows he wants to be Mark's friend by --,5,0.2478608980973691,2.8750249690084035,0:0.0916|1:0.0915|2:0.0913|3:0.0945|4:0.0982|5:0.2479|6:0.1889|7:0.0961
5,reading_grade4_2015,reading-grade4-2015.js,multiple-choice,Ben agrees to go to camp because he--,0,0.125,3.0,0:0.1250|1:0.1250|2:0.1250|3:0.1250|4:0.1250|5:0.1250|6:0.1250|7:0.1250
6,reading_grade4_2015,reading-grade4-2015.js,multiple-choice,Which sentence best supports the idea that Ben is excited about summer vacation at the beginning of the story?,5,0.773036565824333,1.4098421444417357,0:0.0325|1:0.0323|2:0.0323|3:0.0323|4:0.0328|5:0.7730|6:0.0323|7:0.0325
7,reading_grade4_2015,reading-grade4-2015.js,multiple-choice,"Once summer is over, the three boys will most likely--",6,0.6770347313676726,1.8142420944857407,0:0.0460|1:0.0460|2:0.0459|3:0.0470|4:0.0460|5:0.0460|6:0.6770|7:0.0461
8,reading_grade4_2015,reading-grade4-2015.js,multiple-choice,Read this sentence from paragraph 2. Mud kept the houses cool from the soaring temperatures. Which word has the same meaning as soaring in this sentence?,7,0.7765159043018774,1.3938773172931525,0:0.0319|1:0.0319|2:0.0319|3:0.0319|4:0.0320|5:0.0319|6:0.0319|7:0.7765
9,reading_grade4_2015,reading-grade4-2015.js,multiple-choice,"Which question is answered in the section titled ""Clothing and Hair""?",1,0.5481470383164867,2.059714283595191,0:0.0396|1:0.5481|2:0.0394|3:0.0397|4:0.0396|5:0.0402|6:0.2137|7:0.0397
10,reading_grade4_2015,reading-grade4-2015.js,multiple-choice,What is the main idea of paragraph 6?,5,0.7523242617028789,1.50288690025077,0:0.0354|1:0.0353|2:0.0354|3:0.0353|4:0.0355|5:0.7523|6:0.0354|7:0.0354
11,reading_grade4_2015,reading-grade4-2015.js,multiple-choice,Which of these best describes the roof of an ancient Egyptian home?,5,0.6217832692406262,2.0185604019456784,0:0.0540|1:0.0539|2:0.0539|3:0.0542|4:0.0541|5:0.6218|6:0.0540|7:0.0541
12,reading_grade4_2015,reading-grade4-2015.js,multiple-choice,Information from the article shows that the ancient Egyptians were--,6,0.7293863706767196,1.601997672365101,0:0.0383|1:0.0382|2:0.0382|3:0.0384|4:0.0388|5:0.0386|6:0.7294|7:0.0402
13,reading_grade4_2015,reading-grade4-2015.js,multiple-choice,Which sentence about this article is a fact?,7,0.41411976848720744,2.186569389170418,0:0.0413|1:0.0403|2:0.0403|3:0.0403|4:0.3408|5:0.0422|6:0.0406|7:0.4141
14,reading_grade4_2015,reading-grade4-2015.js,multiple-choice,A student makes these notes about the article. Which of these belongs on the blank line?,4,0.4984559393918953,2.4006599956124592,0:0.0619|1:0.0900|2:0.0617|3:0.0842|4:0.4985|5:0.0677|6:0.0647|7:0.0715
15,reading_grade4_2015,reading-grade4-2015.js,multiple-choice,Which sentence is most likely true about the ancient Egyptians?,7,0.40216128399715606,2.0489234543719386,0:0.0337|1:0.0337|2:0.0337|3:0.0343|4:0.0337|5:0.0337|6:0.3950|7:0.4022
16,reading_grade4_2015,reading-grade4-2015.js,multiple-choice,"Read this sentence from the flier. Teddy bears, posters, games, stickers, and pencils are just some of the prizes for the luck y winners. In which word does - y mean the same as it does in luck y ?",7,0.5613720050105572,1.9805538922300325,0:0.0345|1:0.2246|2:0.0343|3:0.0344|4:0.0351|5:0.0392|6:0.0366|7:0.5614
17,reading_grade4_2015,reading-grade4-2015.js,multiple-choice,Complete this list of school fair activities.,5,0.16805305830964765,2.979851175060961,0:0.1089|1:0.1123|2:0.1083|3:0.1093|4:0.1187|5:0.1681|6:0.1206|7:0.1538
18,reading_grade4_2015,reading-grade4-2015.js,multiple-choice,Money earned during the fundraisers will be used to pay for--,7,0.3696553358851867,2.7196962637829616,0:0.0883|1:0.0945|2:0.0879|3:0.0884|4:0.0897|5:0.0888|6:0.0927|7:0.3697
19,reading_grade4_2015,reading-grade4-2015.js,multiple-choice,The principal will sit in the dunking booth most likely because he wants to--,6,0.5622445905672347,2.2177209289469713,0:0.0624|1:0.0624|2:0.0624|3:0.0632|4:0.0625|5:0.0624|6:0.5622|7:0.0625
20,reading_grade4_2015,reading-grade4-2015.js,multiple-choice,What is the main reason the author wrote the flier?,5,0.6641710335498419,1.863080480719743,0:0.0464|1:0.0521|2:0.0464|3:0.0464|4:0.0504|5:0.6642|6:0.0474|7:0.0467
21,reading_grade4_2015,reading-grade4-2015.js,multiple-choice,Which sentence about the flier is an opinion?,7,0.5685241871310536,2.18761166148854,0:0.0546|1:0.0546|2:0.0541|3:0.0542|4:0.0868|5:0.0574|6:0.0697|7:0.5685
22,reading_grade4_2015,reading-grade4-2015.js,multiple-choice,"Read this sentence. The factory will manufacture new tractors and other farm machines. In this sentence, the word manufacture means--",7,0.7812124313694309,1.3721616273195592,0:0.0312|1:0.0312|2:0.0312|3:0.0313|4:0.0313|5:0.0313|6:0.0313|7:0.7812
23,reading_grade4_2015,reading-grade4-2015.js,multiple-choice,In which sentence is the underlined word used correctly?,7,0.719582927133237,1.6432118452414768,0:0.0398|1:0.0414|2:0.0398|3:0.0399|4:0.0399|5:0.0398|6:0.0398|7:0.7196
24,reading_grade4_2015,reading-grade4-2015.js,multiple-choice,Select the meaning of rich as used in this sentence. I could barely finish my slice of that rich chocolate cake.,7,0.6243494558966034,2.009447587664222,0:0.0533|1:0.0554|2:0.0532|3:0.0534|4:0.0535|5:0.0534|6:0.0535|7:0.6243
25,reading_grade4_2015,reading-grade4-2015.js,multiple-choice,"Read paragraph 7. ""You won again,"" Sidney muttered, and his head drooped. Which sentence tells why Sidney is acting this way?",7,0.6963221620220799,1.73827103472422,0:0.0433|1:0.0433|2:0.0434|3:0.0433|4:0.0435|5:0.0434|6:0.0434|7:0.6963
26,reading_grade4_2015,reading-grade4-2015.js,multiple-choice,"Read these sentences from paragraph 18. ""No, no,"" argued Alligator. ""I was just yawning."" The author includes this information to show that Alligator is--",5,0.4990146734265753,2.0937999717901556,0:0.0379|1:0.0379|2:0.0379|3:0.0382|4:0.0380|5:0.4990|6:0.2707|7:0.0403
27,reading_grade4_2015,reading-grade4-2015.js,multiple-choice,Which sentence about the story best shows that Max is careful?,5,0.7698483922792407,1.424391244159608,0:0.0328|1:0.0328|2:0.0328|3:0.0329|4:0.0330|5:0.7698|6:0.0328|7:0.0331
28,reading_grade4_2015,reading-grade4-2015.js,multiple-choice,Complete this web with the most appropriate option for the blank circle.,5,0.15213987844115487,2.9896062005284145,0:0.1142|1:0.1202|2:0.1137|3:0.1143|4:0.1153|5:0.1521|6:0.1199|7:0.1502
29,reading_grade4_2015,reading-grade4-2015.js,multiple-choice,Which lesson does Sidney leam in the story?,5,0.7064084093556038,1.6975313297019696,0:0.0419|1:0.0419|2:0.0419|3:0.0420|4:0.0420|5:0.7064|6:0.0419|7:0.0419
30,reading_grade4_2015,reading-grade4-2015.js,multiple-choice,Which detail about the setting is most important to the story?,5,0.6182531052099672,2.030946950273467,0:0.0543|1:0.0542|2:0.0541|3:0.0546|4:0.0556|5:0.6183|6:0.0545|7:0.0545
31,reading_grade4_2015,reading-grade4-2015.js,multiple-choice,"Based on lines 1-4 of the poem, which sentence is correct?",3,0.34785870394363705,2.29074823280955,0:0.0297|1:0.0297|2:0.0296|3:0.3479|4:0.2455|5:0.0299|6:0.0314|7:0.2563
32,reading_grade4_2015,reading-grade4-2015.js,multiple-choice,The author includes lines 7 and 8 to--,5,0.5264161262687559,2.17375388211102,0:0.0458|1:0.0458|2:0.0458|3:0.1985|4:0.0460|5:0.5264|6:0.0459|7:0.0458
33,reading_grade4_2015,reading-grade4-2015.js,multiple-choice,Which of these are the thieves trying to find?,0,0.125,3.0,0:0.1250|1:0.1250|2:0.1250|3:0.1250|4:0.1250|5:0.1250|6:0.1250|7:0.1250
34,reading_grade4_2015,reading-grade4-2015.js,multiple-choice,What is the speaker doing in the poem?,3,0.7121923336929415,1.67382099863661,0:0.0409|1:0.0418|2:0.0406|3:0.7122|4:0.0407|5:0.0413|6:0.0407|7:0.0418
35,reading_grade4_2015,reading-grade4-2015.js,multiple-choice,"In paragraph 3, what does crushed mean?",1,0.7027909388309022,1.7120983235098262,0:0.0419|1:0.7028|2:0.0416|3:0.0415|4:0.0447|5:0.0425|6:0.0430|7:0.0420
36,reading_grade4_2015,reading-grade4-2015.js,multiple-choice,Which choice best completes this cause-and-effect chart?,5,0.6166748033126831,2.0362815670328724,0:0.0541|1:0.0541|2:0.0540|3:0.0543|4:0.0543|5:0.6167|6:0.0541|7:0.0584
37,reading_grade4_2015,reading-grade4-2015.js,multiple-choice,Which sentence about the article is an opinion?,7,0.3996698564754617,2.169589625678887,0:0.0401|1:0.0396|2:0.0396|3:0.0397|4:0.3617|5:0.0398|6:0.0398|7:0.3997
38,reading_grade4_2015,reading-grade4-2015.js,multiple-choice,Complete these notes.,5,0.15213987844115487,2.9896062005284145,0:0.1142|1:0.1202|2:0.1137|3:0.1143|4:0.1153|5:0.1521|6:0.1199|7:0.1502
39,reading_grade4_2015,reading-grade4-2015.js,multiple-choice,The main reason the author wrote this article is to--,5,0.5354209094214321,2.0449853672595832,0:0.0376|1:0.0376|2:0.0375|3:0.0376|4:0.2385|5:0.5354|6:0.0381|7:0.0377
40,reading_grade4_2015,reading-grade4-2015.js,multiple-choice,Which two words are synonyms?,6,0.13775715094976754,2.9939429359671235,0:0.1204|1:0.1092|2:0.1344|3:0.1134|4:0.1129|5:0.1354|6:0.1378|7:0.1365
1,reading_grade4_practice_2024,reading-grade4-practice-2024.js,multiple-choice,The details in paragraphs 6-8 show--,5,0.3645345301704988,2.72642559267549,0:0.0889|1:0.0863|2:0.0863|3:0.1119|4:0.0883|5:0.3645|6:0.0875|7:0.0864
2,reading_grade4_practice_2024,reading-grade4-practice-2024.js,multiple-choice,Paragraphs 11-14 show that Callie's mother--,5,0.3473464804584155,2.759764259022629,0:0.0893|1:0.0893|2:0.0892|3:0.1153|4:0.0903|5:0.3473|6:0.0897|7:0.0897
3,reading_grade4_practice_2024,reading-grade4-practice-2024.js,multiple-choice,Paragraph 15 is mostly about the way Callie--,2,0.48007671898123205,2.4579324070542166,0:0.0730|1:0.0724|2:0.4801|3:0.0727|4:0.0734|5:0.0739|6:0.0734|7:0.0811
4,reading_grade4_practice_2024,reading-grade4-practice-2024.js,multiple-choice,Why does Mrs. Baker need Callie's help?,6,0.23701883337827176,2.931252644051674,0:0.1176|1:0.1051|2:0.1088|3:0.1049|4:0.1067|5:0.1090|6:0.2370|7:0.1108
5,reading_grade4_practice_2024,reading-grade4-practice-2024.js,multiple-choice,Which heading would be best for paragraph 2?,5,0.7284426637329413,1.6060396494921032,0:0.0386|1:0.0386|2:0.0386|3:0.0386|4:0.0393|5:0.7284|6:0.0389|7:0.0389
6,reading_grade4_practice_2024,reading-grade4-practice-2024.js,multiple-choice,Read this dictionary entry. support (sə-pôrt') v. 1. To give help. 2. To hold up. 3. To keep strong. 4. To provide for. Which meaning of support is used in paragraph 4?,7,0.5773761696249209,2.169037052706672,0:0.0599|1:0.0604|2:0.0596|3:0.0596|4:0.0605|5:0.0601|6:0.0625|7:0.5774
7,reading_grade4_practice_2024,reading-grade4-practice-2024.js,multiple-choice,The author includes paragraphs 5 and 6 most likely to--,6,0.6988829520810133,1.7279791687471708,0:0.0427|1:0.0427|2:0.0426|3:0.0436|4:0.0428|5:0.0433|6:0.6989|7:0.0433
8,reading_grade4_practice_2024,reading-grade4-practice-2024.js,multiple-choice,Which sentence about the Ice Hotel is an opinion?,7,0.5286606041565114,2.2972749801206316,0:0.0581|1:0.0579|2:0.0579|3:0.0580|4:0.1133|5:0.0585|6:0.0677|7:0.5287
9,reading_grade4_practice_2024,reading-grade4-practice-2024.js,multiple-choice,Which detail about the hotel most likely attracts visitors' attention?,6,0.5484586224417263,2.260369282295439,0:0.0640|1:0.0704|2:0.0622|3:0.0634|4:0.0629|5:0.0643|6:0.5485|7:0.0643
10,reading_grade4_practice_2024,reading-grade4-practice-2024.js,multiple-choice,Branch Rickey wanted Jackie to be part of the Brooklyn Dodgers because--,5,0.24127834271481813,2.9155124381826103,0:0.0996|1:0.0997|2:0.0995|3:0.1000|4:0.1481|5:0.2413|6:0.1030|7:0.1088
11,reading_grade4_practice_2024,reading-grade4-practice-2024.js,multiple-choice,The author wrote this article most likely to--,6,0.7614325386416577,1.4623500456629717,0:0.0337|1:0.0337|2:0.0337|3:0.0343|4:0.0339|5:0.0339|6:0.7614|7:0.0353
12,reading_grade4_practice_2024,reading-grade4-practice-2024.js,multiple-choice,"Based on lines 1-4 of the poem, which sentence is correct?",3,0.34785870394363705,2.29074823280955,0:0.0297|1:0.0297|2:0.0296|3:0.3479|4:0.2455|5:0.0299|6:0.0314|7:0.2563
13,reading_grade4_practice_2024,reading-grade4-practice-2024.js,multiple-choice,Lines 5-8 are important to the poem because they reveal--,3,0.5740870249725436,2.1077756065463573,0:0.0469|1:0.0472|2:0.0467|3:0.5741|4:0.0470|5:0.1429|6:0.0481|7:0.0472
14,reading_grade4_practice_2024,reading-grade4-practice-2024.js,multiple-choice,The thieves are out at night because they are--,0,0.125,3.0,0:0.1250|1:0.1250|2:0.1250|3:0.1250|4:0.1250|5:0.1250|6:0.1250|7:0.1250
15,reading_grade4_practice_2024,reading-grade4-practice-2024.js,multiple-choice,What is the speaker doing in the poem?,3,0.7121923336929415,1.67382099863661,0:0.0409|1:0.0418|2:0.0406|3:0.7122|4:0.0407|5:0.0413|6:0.0407|7:0.0418
16,reading_grade4_practice_2024,reading-grade4-practice-2024.js,multiple-choice,The author includes the first paragraph in order to--,5,0.6346757530609382,1.9500610025173204,0:0.0452|1:0.0466|2:0.0452|3:0.0452|4:0.0929|5:0.6347|6:0.0451|7:0.0451
17,reading_grade4_practice_2024,reading-grade4-practice-2024.js,multiple-choice,"Read this paragraph from the introduction. Visitors are cautioned to pay attention to the surroundings while in these areas. This is a wild place with unpredictable weather changes. With miles of woods and few roads, rescue is difficult or impossible. All visitors are responsible for exploring the area safely. What does cautioned mean?",1,0.352415705900282,2.576561936976152,0:0.0595|1:0.3524|2:0.0592|3:0.0596|4:0.0936|5:0.0597|6:0.0652|7:0.2506
18,reading_grade4_practice_2024,reading-grade4-practice-2024.js,multiple-choice,"Read this thesaurus entry. complete adj. - entire, finished, perfect, total. Which word best replaces complete in the ""Hiking Essentials"" section?",7,0.5453077238933707,2.1813735839203456,0:0.0469|1:0.0648|2:0.0459|3:0.0463|4:0.0463|5:0.0467|6:0.1577|7:0.5453
19,reading_grade4_practice_2024,reading-grade4-practice-2024.js,multiple-choice,"Based on the information in the ""Keep an Eye to the Sky"" section, the reader can tell that the weather--",4,0.4143270412986001,1.9854310578515324,0:0.0304|1:0.0331|2:0.0303|3:0.0305|4:0.4143|5:0.0305|6:0.4002|7:0.0305
20,reading_grade4_practice_2024,reading-grade4-practice-2024.js,multiple-choice,In which section would the author most likely add information about planning when to hike?,6,0.8033607240842918,1.2655767422805853,0:0.0267|1:0.0357|2:0.0267|3:0.0272|4:0.0268|5:0.0268|6:0.8034|7:0.0269
21,reading_grade4_practice_2024,reading-grade4-practice-2024.js,multiple-choice,The flier shows that Thatcher National Wilderness Area has all of these EXCEPT--,5,0.40738189626588367,2.637091398536776,0:0.0814|1:0.0978|2:0.0812|3:0.0820|4:0.0843|5:0.4074|6:0.0829|7:0.0832
22,reading_grade4_practice_2024,reading-grade4-practice-2024.js,multiple-choice,Which sentence is the best summary of the flier?,5,0.4549681565391847,2.1084348079186848,0:0.0373|1:0.0375|2:0.0372|3:0.0374|4:0.0380|5:0.4550|6:0.0375|7:0.3201
23,reading_grade4_practice_2024,reading-grade4-practice-2024.js,multiple-choice,The author includes information about the setting in paragraph 1 to--,6,0.7338890758801055,1.5821298764598593,0:0.0368|1:0.0367|2:0.0369|3:0.0440|4:0.0372|5:0.0372|6:0.7339|7:0.0373
24,reading_grade4_practice_2024,reading-grade4-practice-2024.js,multiple-choice,Why does the author include paragraph 4?,5,0.7131152609542903,1.6700495967834728,0:0.0409|1:0.0409|2:0.0410|3:0.0409|4:0.0411|5:0.7131|6:0.0410|7:0.0410
25,reading_grade4_practice_2024,reading-grade4-practice-2024.js,multiple-choice,What is paragraph 13 mainly about?,2,0.431402935212018,2.562654332128756,0:0.0897|1:0.0678|2:0.4314|3:0.0679|4:0.0825|5:0.1227|6:0.0695|7:0.0685
26,reading_grade4_practice_2024,reading-grade4-practice-2024.js,multiple-choice,Why does Papa tell Benjamin that he can pack two books on the wagon?,4,0.2891277358173682,2.857948537199878,0:0.1038|1:0.0964|2:0.0910|3:0.0907|4:0.2891|5:0.1211|6:0.1113|7:0.0966
27,reading_grade4_practice_2024,reading-grade4-practice-2024.js,multiple-choice,Benjamin begins thinking of faraway places when he--,6,0.16484083743881142,2.978399884001462,0:0.1083|1:0.1363|2:0.1089|3:0.1081|4:0.1098|5:0.1546|6:0.1648|7:0.1091
28,reading_grade4_practice_2024,reading-grade4-practice-2024.js,multiple-choice,What is the main conflict of the story?,5,0.6987287765379049,1.7286144872994165,0:0.0430|1:0.0430|2:0.0430|3:0.0431|4:0.0431|5:0.6987|6:0.0430|7:0.0430
29,reading_grade4_practice_2024,reading-grade4-practice-2024.js,multiple-choice,What is the most important reason Miss Cotter tells Benjamin about Mr. Peters?,5,0.2661100921187053,2.8312593741350587,0:0.0863|1:0.0930|2:0.0863|3:0.0901|4:0.0877|5:0.2661|6:0.2038|7:0.0866
30,reading_grade4_practice_2024,reading-grade4-practice-2024.js,multiple-choice,"After Benjamin reads the letter, he most likely feels--",6,0.5570548870249251,2.233027582927922,0:0.0615|1:0.0724|2:0.0614|3:0.0625|4:0.0616|5:0.0619|6:0.5571|7:0.0616
31,reading_grade4_practice_2024,reading-grade4-practice-2024.js,multiple-choice,Which word is a synonym for settle as it is used in paragraph 1?,7,0.6466428721984094,1.929008519194749,0:0.0502|1:0.0516|2:0.0503|3:0.0503|4:0.0504|5:0.0503|6:0.0503|7:0.6466
32,reading_grade4_practice_2024,reading-grade4-practice-2024.js,multiple-choice,What does jolt mean in paragraph 2?,1,0.7027909388309022,1.7120983235098262,0:0.0419|1:0.7028|2:0.0416|3:0.0415|4:0.0447|5:0.0425|6:0.0430|7:0.0420
33,reading_grade4_practice_2024,reading-grade4-practice-2024.js,multiple-choice,"Which question is answered in the ""Searching for a Buried Treasure"" section of the article?",1,0.4220216050478604,2.2878166292471205,0:0.0337|1:0.4220|2:0.0336|3:0.0339|4:0.2016|5:0.0341|6:0.2073|7:0.0339
34,reading_grade4_practice_2024,reading-grade4-practice-2024.js,multiple-choice,Paragraph 11 helps the reader to understand that the pioneers--,4,0.4342448471550907,2.4167646503795135,0:0.0538|1:0.0536|2:0.2236|3:0.0542|4:0.4342|5:0.0713|6:0.0543|7:0.0549
35,reading_grade4_practice_2024,reading-grade4-practice-2024.js,multiple-choice,Which sentence best states the main idea of paragraph 14?,5,0.793322381996841,1.3153002366027122,0:0.0295|1:0.0295|2:0.0295|3:0.0295|4:0.0296|5:0.7933|6:0.0295|7:0.0297
36,reading_grade4_practice_2024,reading-grade4-practice-2024.js,multiple-choice,"According to the article, which part of the ship was uncovered first?",4,0.5888776132538359,2.1093714783938653,0:0.0564|1:0.0513|2:0.0507|3:0.0514|4:0.5889|5:0.1007|6:0.0500|7:0.0506
37,reading_grade4_practice_2024,reading-grade4-practice-2024.js,multiple-choice,In which word does - al have the same meaning as it does in sign al ?,7,0.618314162537035,2.0307510389503802,0:0.0544|1:0.0547|2:0.0544|3:0.0546|4:0.0546|5:0.0545|6:0.0545|7:0.6183
38,reading_grade4_practice_2024,reading-grade4-practice-2024.js,multiple-choice,"According to the article, the objects that were discovered showed--",4,0.6914179824062682,1.7576441839174566,0:0.0438|1:0.0433|2:0.0471|3:0.0429|4:0.6914|5:0.0440|6:0.0435|7:0.0440
39,reading_grade4_practice_2024,reading-grade4-practice-2024.js,multiple-choice,The accident most likely happened because the--,6,0.6770347313676726,1.8142420944857407,0:0.0460|1:0.0460|2:0.0459|3:0.0470|4:0.0460|5:0.0460|6:0.6770|7:0.0461
40,reading_grade4_practice_2024,reading-grade4-practice-2024.js,multiple-choice,Which sentence did the author include in the article to suggest that the project was expensive?,5,0.4107254087993356,2.3176594841195315,0:0.0353|1:0.0352|2:0.0352|3:0.0353|4:0.2127|5:0.4107|6:0.0353|7:0.2003
41,reading_grade4_practice_2024,reading-grade4-practice-2024.js,multiple-choice,The author most likely wrote the article to--,6,0.7614325386416577,1.4623500456629717,0:0.0337|1:0.0337|2:0.0337|3:0.0343|4:0.0339|5:0.0339|6:0.7614|7:0.0353
42,reading_grade4_practice_2024,reading-grade4-practice-2024.js,multiple-choice,The article supports the idea that--,5,0.4725704010002336,2.125881819509953,0:0.0397|1:0.0389|2:0.0389|3:0.0389|4:0.2932|5:0.4726|6:0.0389|7:0.0390
1,reading_grade5_2015,reading-grade5-2015.js,multiple-choice,What does the word devised mean in paragraph 2?,7,0.4072835675208256,2.079872205115807,0:0.0352|1:0.3809|2:0.0351|3:0.0351|4:0.0360|5:0.0352|6:0.0352|7:0.4073
2,reading_grade5_2015,reading-grade5-2015.js,multiple-choice,"At the beginning of the story, what does Charlie think about the morning news program?",5,0.5464388086707607,2.2670713542003753,0:0.0646|1:0.0646|2:0.0646|3:0.0649|4:0.0653|5:0.5464|6:0.0648|7:0.0646
3,reading_grade5_2015,reading-grade5-2015.js,multiple-choice,"Charlie's mother calls him an ""experimenter"" because he--",5,0.20351224272962937,2.9636632362436623,0:0.1103|1:0.1103|2:0.1101|3:0.1110|4:0.1220|5:0.2035|6:0.1225|7:0.1103
4,reading_grade5_2015,reading-grade5-2015.js,multiple-choice,What happens as Charlie walks to his classroom?,5,0.20351224272962937,2.9636632362436623,0:0.1103|1:0.1103|2:0.1101|3:0.1110|4:0.1220|5:0.2035|6:0.1225|7:0.1103
5,reading_grade5_2015,reading-grade5-2015.js,multiple-choice,Why does Charlie wait until after school to share his idea with Mrs. Barnes?,5,0.49436064641648414,2.419274546888172,0:0.0712|1:0.0712|2:0.0711|3:0.0712|4:0.0753|5:0.4944|6:0.0727|7:0.0729
6,reading_grade5_2015,reading-grade5-2015.js,multiple-choice,"Based on the ending of the story, what will Charlie most likely do during the next school news program?",5,0.3172431249649615,2.4540423748112494,0:0.0409|1:0.0409|2:0.0409|3:0.0410|4:0.2570|5:0.3172|6:0.2212|7:0.0410
7,reading_grade5_2015,reading-grade5-2015.js,multiple-choice,Which would be the best heading for paragraph 2?,5,0.7284426637329413,1.6060396494921032,0:0.0386|1:0.0386|2:0.0386|3:0.0386|4:0.0393|5:0.7284|6:0.0389|7:0.0389
8,reading_grade5_2015,reading-grade5-2015.js,multiple-choice,How is the information in paragraphs 5 and 6 organized?,6,0.6475497344024685,1.925684759235796,0:0.0503|1:0.0501|2:0.0501|3:0.0504|4:0.0503|5:0.0509|6:0.6475|7:0.0504
9,reading_grade5_2015,reading-grade5-2015.js,multiple-choice,Which sentence supports the idea that blobfish are rarely seen by people?,5,0.6960796175154248,1.7392220289255622,0:0.0436|1:0.0431|2:0.0431|3:0.0431|4:0.0444|5:0.6961|6:0.0433|7:0.0435
10,reading_grade5_2015,reading-grade5-2015.js,multiple-choice,"Based on this article, what does the author most likely believe?",6,0.4672510019841726,1.8754021955888014,0:0.0264|1:0.0263|2:0.0263|3:0.0266|4:0.3740|5:0.0264|6:0.4673|7:0.0267
11,reading_grade5_2015,reading-grade5-2015.js,multiple-choice,Which sentence from the article is an opinion?,7,0.3996698564754617,2.169589625678887,0:0.0401|1:0.0396|2:0.0396|3:0.0397|4:0.3617|5:0.0398|6:0.0398|7:0.3997
12,reading_grade5_2015,reading-grade5-2015.js,multiple-choice,"Read this sentence from paragraph 3. On the drive from Arlington that morning, Rachel listened to her family's excited chatter about their trip. Which word would be the best synonym for the word chatter as it is used in this sentence?",7,0.7619315727835623,1.4573341877242045,0:0.0327|1:0.0344|2:0.0312|3:0.0314|4:0.0318|5:0.0317|6:0.0448|7:0.7619
13,reading_grade5_2015,reading-grade5-2015.js,multiple-choice,"As Rachel approaches the camp activity areas, she discovers that all of them--",4,0.17517706587650098,2.9729655182060855,0:0.1062|1:0.1230|2:0.1058|3:0.1069|4:0.1752|5:0.1575|6:0.1078|7:0.1177
14,reading_grade5_2015,reading-grade5-2015.js,multiple-choice,Rachel's main conflict in the story is with--,5,0.6602406823731565,1.8784024214945574,0:0.0484|1:0.0484|2:0.0484|3:0.0484|4:0.0484|5:0.6602|6:0.0484|7:0.0493
15,reading_grade5_2015,reading-grade5-2015.js,multiple-choice,What changes Rachel's mind about the camp?,5,0.1786057570121399,2.9813102783338947,0:0.1147|1:0.1145|2:0.1142|3:0.1151|4:0.1148|5:0.1786|6:0.1154|7:0.1328
16,reading_grade5_2015,reading-grade5-2015.js,multiple-choice,Rachel wants to stay home for the summer because she--,6,0.19085409760338773,2.967407836762401,0:0.1063|1:0.1059|2:0.1057|3:0.1066|4:0.1226|5:0.1444|6:0.1909|7:0.1176
17,reading_grade5_2015,reading-grade5-2015.js,multiple-choice,Which quality do Lyla and Sarah share?,0,0.125,3.0,0:0.1250|1:0.1250|2:0.1250|3:0.1250|4:0.1250|5:0.1250|6:0.1250|7:0.1250
18,reading_grade5_2015,reading-grade5-2015.js,multiple-choice,"Based on the recipe, a reader should consider cooking syrup in order to--",4,0.6704571294184126,1.8357169347083708,0:0.0441|1:0.0439|2:0.0441|3:0.0450|4:0.6705|5:0.0624|6:0.0452|7:0.0448
19,reading_grade5_2015,reading-grade5-2015.js,multiple-choice,Which sentence is a fact based on the recipe?,7,0.38440657718815746,2.197610549514706,0:0.0407|1:0.0401|2:0.0401|3:0.0403|4:0.3686|5:0.0426|6:0.0432|7:0.3844
20,reading_grade5_2015,reading-grade5-2015.js,multiple-choice,"If the author had included reasons for using honey instead of sugar, in which section would it appear?",6,0.7059339243916918,1.6965479550898805,0:0.0398|1:0.0545|2:0.0396|3:0.0401|4:0.0399|5:0.0400|6:0.7059|7:0.0401
21,reading_grade5_2015,reading-grade5-2015.js,multiple-choice,"If a person wants extra flavor in the syrup, at which step in the recipe would lemon juice be added?",6,0.5458349081910484,2.2688145686228074,0:0.0658|1:0.0634|2:0.0634|3:0.0639|4:0.0668|5:0.0650|6:0.5458|7:0.0658
22,reading_grade5_2015,reading-grade5-2015.js,multiple-select,Which words from this history textbook are synonyms?,6,0.16401537665240598,2.9784025750034506,0:0.1097|1:0.1088|2:0.1626|3:0.1175|4:0.1122|5:0.1132|6:0.1640|7:0.1119
23,reading_grade5_2015,reading-grade5-2015.js,multiple-choice,Which sentence contains an example of figurative language?,7,0.5518048564985631,2.2393390989690287,0:0.0948|1:0.0583|2:0.0581|3:0.0583|4:0.0589|5:0.0588|6:0.0610|7:0.5518
24,reading_grade5_2015,reading-grade5-2015.js,multiple-choice,Read this dictionary entry. prime (prīm) adj 1. Of main importance. 2. Of the finest quality. 3. Evenly divisible only by itself and one. n. 4. A time of strength or success in a person's life. Which sentence is an example of definition 2?,7,0.41337024582972254,2.3366123177842546,0:0.0496|1:0.0501|2:0.0490|3:0.0491|4:0.0513|5:0.2880|6:0.0494|7:0.4134
25,reading_grade5_2015,reading-grade5-2015.js,multiple-choice,"Read this sentence from paragraph 6. Since catching a glimpse of Earth from space will be the main reason most guests want to travel to a space hotel, they will be able to open and close viewing windows and watch as the hotel orbits Earth 15 times a day. Which word is a homophone for main ?",5,0.3778217583958308,2.285454260091462,0:0.0453|1:0.0454|2:0.0453|3:0.0453|4:0.0481|5:0.3778|6:0.0463|7:0.3465
26,reading_grade5_2015,reading-grade5-2015.js,multiple-choice,Paragraphs 6 and 7 mainly provide details about the--,5,0.39082487799105203,2.6747100787479288,0:0.0918|1:0.0841|2:0.0842|3:0.0856|4:0.0937|5:0.3908|6:0.0854|7:0.0844
27,reading_grade5_2015,reading-grade5-2015.js,multiple-choice,What would an illustration of the outside of the space hotel best help the reader understand?,5,0.4578399377802259,2.2778356800766955,0:0.0477|1:0.0477|2:0.0476|3:0.0478|4:0.2550|5:0.4578|6:0.0483|7:0.0481
28,reading_grade5_2015,reading-grade5-2015.js,multiple-choice,"According to the article, how many guests will the first space hotel hold at one time?",4,0.5339082918515835,2.2953054056470488,0:0.0839|1:0.0591|2:0.0579|3:0.0595|4:0.5339|5:0.0861|6:0.0606|7:0.0591
29,reading_grade5_2015,reading-grade5-2015.js,multiple-choice,"Based on the article, space hotel guests would wear Velcro suits mainly to--",4,0.46687404231259433,2.222874720453298,0:0.0460|1:0.0438|2:0.0438|3:0.0441|4:0.4669|5:0.0451|6:0.2650|7:0.0452
30,reading_grade5_2015,reading-grade5-2015.js,multiple-choice,Which sentence would best belong in a summary of the article?,6,0.43687152222357756,1.9144594842359266,0:0.0277|1:0.0276|2:0.0276|3:0.0284|4:0.0280|5:0.0278|6:0.4369|7:0.3960
31,reading_grade5_2015,reading-grade5-2015.js,multiple-choice,What is the effect of the cause shown below? Cause: Four companies form Galactic Suite Limited.,5,0.1599305700519475,2.984162655243529,0:0.1133|1:0.1127|2:0.1125|3:0.1127|4:0.1554|5:0.1599|6:0.1193|7:0.1143
32,reading_grade5_2015,reading-grade5-2015.js,multiple-choice,What is the best title for these notes? Receive 16 weeks of astronaut training Experience conditions of life in space Take a day-and-a-half spacecraft trip,5,0.5146691288155733,2.358689215594807,0:0.0660|1:0.0859|2:0.0659|3:0.0661|4:0.0683|5:0.5147|6:0.0667|7:0.0663
33,reading_grade5_2015,reading-grade5-2015.js,multiple-choice,The main idea of the article is that space travel--,5,0.5219287692300583,2.073212998251061,0:0.0385|1:0.0385|2:0.0384|3:0.0385|4:0.2471|5:0.5219|6:0.0385|7:0.0386
34,reading_grade5_2015,reading-grade5-2015.js,multiple-choice,"What is the root word in ""weightlessness""?",7,0.6108280098453075,2.056804735615443,0:0.0555|1:0.0555|2:0.0555|3:0.0556|4:0.0556|5:0.0556|6:0.0560|7:0.6108
35,reading_grade5_2015,reading-grade5-2015.js,multiple-choice,The poet includes lines 1 and 2 most likely to--,6,0.4766924815447408,2.270641787235962,0:0.0484|1:0.0485|2:0.0481|3:0.2317|4:0.0482|5:0.0484|6:0.4767|7:0.0500
36,reading_grade5_2015,reading-grade5-2015.js,multiple-choice,Nellie Bly writes about her journey for New York World because she wants to--,6,0.22731115828663764,2.939485408403344,0:0.1072|1:0.1067|2:0.1065|3:0.1070|4:0.1308|5:0.1073|6:0.2273|7:0.1072
37,reading_grade5_2015,reading-grade5-2015.js,multiple-choice,Nellie Bly's boss most likely believes that women--,6,0.6770347313676726,1.8142420944857407,0:0.0460|1:0.0460|2:0.0459|3:0.0470|4:0.0460|5:0.0460|6:0.6770|7:0.0461
38,reading_grade5_2015,reading-grade5-2015.js,multiple-choice,Which question presents one problem Nellie faced during her trip?,1,0.4835189292896689,2.4443043238400217,0:0.0698|1:0.4835|2:0.0658|3:0.0668|4:0.0719|5:0.0935|6:0.0750|7:0.0737
39,reading_grade5_2015,reading-grade5-2015.js,multiple-choice,Which of these is the best summary of the poem?,5,0.5129070042768062,2.0066817623884017,0:0.0340|1:0.0340|2:0.0339|3:0.2824|4:0.0345|5:0.5129|6:0.0341|7:0.0342
40,reading_grade5_2015,reading-grade5-2015.js,multiple-choice,Which root word has a prefix and a suffix?,7,0.6108280098453075,2.056804735615443,0:0.0555|1:0.0555|2:0.0555|3:0.0556|4:0.0556|5:0.0556|6:0.0560|7:0.6108
1,reading_grade5_practice_2024,reading-grade5-practice-2024.js,multiple-choice,The author's purpose in the first paragraph is to--,5,0.5404246000957094,2.0499524343547932,0:0.2273|1:0.0365|2:0.0353|3:0.0353|4:0.0547|5:0.5404|6:0.0353|7:0.0353
2,reading_grade5_practice_2024,reading-grade5-practice-2024.js,multiple-choice,Read these sentences from paragraph 3. Jefferson brought seeds and plants back from his travels. He even tried to grow broccoli from Italy and peppers from Mexico. Which word from a glossary entry best describes Jefferson's plants in these sentences?,7,0.6363197204089515,1.958763272438003,0:0.0490|1:0.0476|2:0.0475|3:0.0476|4:0.0482|5:0.0752|6:0.0484|7:0.6363
3,reading_grade5_practice_2024,reading-grade5-practice-2024.js,multiple-choice,The idea that Monticello continues to attract attention is best supported by the fact that--,5,0.705079947064899,1.7029348514057372,0:0.0421|1:0.0420|2:0.0420|3:0.0421|4:0.0425|5:0.7051|6:0.0421|7:0.0421
4,reading_grade5_practice_2024,reading-grade5-practice-2024.js,multiple-choice,"According to the article, how was Jefferson different from most American farmers of his time?",4,0.6259981104172148,2.002690526154334,0:0.0611|1:0.0513|2:0.0539|3:0.0510|4:0.6260|5:0.0522|6:0.0521|7:0.0525
5,reading_grade5_practice_2024,reading-grade5-practice-2024.js,multiple-choice,"In paragraph 7, what does the word rifling mean?",7,0.4072835675208256,2.079872205115807,0:0.0352|1:0.3809|2:0.0351|3:0.0351|4:0.0360|5:0.0352|6:0.0352|7:0.4073
6,reading_grade5_practice_2024,reading-grade5-practice-2024.js,multiple-choice,The resolution of the story occurs when Leroy--,5,0.7064084093556038,1.6975313297019696,0:0.0419|1:0.0419|2:0.0419|3:0.0420|4:0.0420|5:0.7064|6:0.0419|7:0.0419
7,reading_grade5_practice_2024,reading-grade5-practice-2024.js,multiple-choice,Leroy first begins to understand the value of hard work when he--,4,0.32003180222886946,2.7799195734740074,0:0.1088|1:0.1198|2:0.0751|3:0.0801|4:0.3200|5:0.1455|6:0.0752|7:0.0755
8,reading_grade5_practice_2024,reading-grade5-practice-2024.js,multiple-choice,"After Leroy decides to help Grandma Etta, why must they wait several days before making the soup?",6,0.23521893683922213,2.931801455501694,0:0.1264|1:0.1054|2:0.1063|3:0.1054|4:0.1078|5:0.1064|6:0.2352|7:0.1071
9,reading_grade5_practice_2024,reading-grade5-practice-2024.js,multiple-choice,Leroy performed all of these chores for Grandma Etta EXCEPT--,0,0.125,3.0,0:0.1250|1:0.1250|2:0.1250|3:0.1250|4:0.1250|5:0.1250|6:0.1250|7:0.1250
10,reading_grade5_practice_2024,reading-grade5-practice-2024.js,multiple-choice,"If the story were told from Grandma Etta's point of view, the reader would understand why--",5,0.4568720031647172,2.2379872307408606,0:0.0452|1:0.0450|2:0.0450|3:0.0451|4:0.2722|5:0.4569|6:0.0453|7:0.0453
11,reading_grade5_practice_2024,reading-grade5-practice-2024.js,multiple-choice,The idea that ancient people had powerful imaginations is supported by the fact that they--,5,0.571255271639052,2.188582798608051,0:0.0603|1:0.0603|2:0.0602|3:0.0603|4:0.0664|5:0.5713|6:0.0609|7:0.0604
12,reading_grade5_practice_2024,reading-grade5-practice-2024.js,multiple-choice,The main idea of the article is that the one-horned deer —,5,0.5488215614750394,1.9510614607281462,0:0.0330|1:0.0330|2:0.0330|3:0.0330|4:0.2532|5:0.5488|6:0.0330|7:0.0331
13,reading_grade5_practice_2024,reading-grade5-practice-2024.js,multiple-choice,Which detail would best belong in a summary of the article?,6,0.4601050368344995,2.0321157394884413,0:0.0334|1:0.0334|2:0.0333|3:0.0336|4:0.0336|5:0.3380|6:0.4601|7:0.0345
14,reading_grade5_practice_2024,reading-grade5-practice-2024.js,multiple-choice,Which of these is the best summary of the poem?,5,0.5129070042768062,2.0066817623884017,0:0.0340|1:0.0340|2:0.0339|3:0.2824|4:0.0345|5:0.5129|6:0.0341|7:0.0342
15,reading_grade5_practice_2024,reading-grade5-practice-2024.js,multiple-choice,"In ""Born in the Desert,"" the reader can tell that Rahim first becomes nervous when he--",4,0.5912572281891175,2.1198779597230013,0:0.0722|1:0.0556|2:0.0559|3:0.0535|4:0.5913|5:0.0635|6:0.0538|7:0.0543
16,reading_grade5_practice_2024,reading-grade5-practice-2024.js,multiple-choice,"Which sentence from ""Born in the Desert"" is the best example of a comparison?",7,0.7225490817221809,1.6300485755909015,0:0.0459|1:0.0384|2:0.0382|3:0.0383|4:0.0389|5:0.0391|6:0.0386|7:0.7225
17,reading_grade5_practice_2024,reading-grade5-practice-2024.js,multiple-choice,"Read this list. According to ""Buddies Make a Difference,"" which activity belongs on the list?",4,0.3325350642836876,2.5360532451209807,0:0.0617|1:0.0628|2:0.0613|3:0.0614|4:0.3325|5:0.0615|6:0.0616|7:0.2973
18,reading_grade5_practice_2024,reading-grade5-practice-2024.js,multiple-choice,"Fifth graders are buddies in ""Buddies Make a Difference"" because they--",0,0.125,3.0,0:0.1250|1:0.1250|2:0.1250|3:0.1250|4:0.1250|5:0.1250|6:0.1250|7:0.1250
19,reading_grade5_practice_2024,reading-grade5-practice-2024.js,multiple-choice,"Rahim from ""Born in the Desert"" and Tim from ""Buddies Make a Difference"" both--",0,0.125,3.0,0:0.1250|1:0.1250|2:0.1250|3:0.1250|4:0.1250|5:0.1250|6:0.1250|7:0.1250
20,reading_grade5_practice_2024,reading-grade5-practice-2024.js,multiple-choice,"What is the main idea of the section titled ""Prospecting: Then and Now""?",5,0.7354482222779583,1.5751283825552918,0:0.0360|1:0.0445|2:0.0360|3:0.0360|4:0.0391|5:0.7354|6:0.0363|7:0.0367
21,reading_grade5_practice_2024,reading-grade5-practice-2024.js,multiple-choice,"According to step 3 of the ""Panning Instructions"" section, the main effect of swirling the pan in the water is to--",6,0.35345979246246,2.337237027536636,0:0.0461|1:0.0624|2:0.0460|3:0.0461|4:0.0465|5:0.3524|6:0.3535|7:0.0471
22,reading_grade5_practice_2024,reading-grade5-practice-2024.js,multiple-choice,"Which detail would be the least important to include in a summary of the section ""Panning Instructions""?",6,0.6018662127605735,2.026498852385226,0:0.0426|1:0.0539|2:0.0422|3:0.0458|4:0.0425|5:0.1285|6:0.6019|7:0.0426
23,reading_grade5_practice_2024,reading-grade5-practice-2024.js,multiple-choice,"In addition to providing light to visitors, using electric power lines in the mine will--",3,0.31883422938825906,2.708466208170245,0:0.0730|1:0.0828|2:0.0721|3:0.3188|4:0.0733|5:0.0731|6:0.2223|7:0.0847
24,reading_grade5_practice_2024,reading-grade5-practice-2024.js,multiple-choice,"Based on the ""Panning Instructions"" section, everything may fall out of the pan if the--",4,0.48418800921248717,2.157157990656371,0:0.0392|1:0.0508|2:0.0389|3:0.0393|4:0.4842|5:0.0401|6:0.2666|7:0.0409
25,reading_grade5_practice_2024,reading-grade5-practice-2024.js,multiple-choice,"If the author added additional questions about panning to the ""Frequently Asked Questions"" section, which would be least useful to the reader?",6,0.581406975505643,1.945973431281731,0:0.0341|1:0.0408|2:0.0339|3:0.0343|4:0.2069|5:0.0342|6:0.5814|7:0.0344
26,reading_grade5_practice_2024,reading-grade5-practice-2024.js,multiple-choice,"What does the word processing mean in the section ""How long should I plan to stay at the mine""?",1,0.32166823611083456,2.3740206338842365,0:0.0354|1:0.3217|2:0.0352|3:0.0353|4:0.0355|5:0.0358|6:0.2159|7:0.2852
27,reading_grade5_practice_2024,reading-grade5-practice-2024.js,multiple-choice,"Based on the brochure, which location is NOT a place prospectors mine for minerals?",4,0.5724280861235015,2.184625735843994,0:0.0584|1:0.0654|2:0.0586|3:0.0619|4:0.5724|5:0.0598|6:0.0640|7:0.0595
28,reading_grade5_practice_2024,reading-grade5-practice-2024.js,multiple-choice,"According to the article, which activity is done by both visitors and staff?",4,0.5949861171793088,2.109955181817903,0:0.0562|1:0.0656|2:0.0574|3:0.0554|4:0.5950|5:0.0565|6:0.0567|7:0.0572
29,reading_grade5_practice_2024,reading-grade5-practice-2024.js,multiple-choice,"According to the brochure, visitors should swirl the pans slowly because the--",4,0.4524021473776442,2.528678920107496,0:0.0735|1:0.0917|2:0.0784|3:0.0744|4:0.4524|5:0.0746|6:0.0786|7:0.0764
30,reading_grade5_practice_2024,reading-grade5-practice-2024.js,multiple-choice,In which part of the brochure would the author include the names of local jewelers who work with gemstones?,5,0.3729184056268915,2.272594917834487,0:0.0452|1:0.0451|2:0.0451|3:0.0452|4:0.0452|5:0.3729|6:0.3559|7:0.0453
31,reading_grade5_practice_2024,reading-grade5-practice-2024.js,multiple-choice,Which two words from the brochure are antonyms?,6,0.13775715094976754,2.9939429359671235,0:0.1204|1:0.1092|2:0.1344|3:0.1134|4:0.1129|5:0.1354|6:0.1378|7:0.1365
32,reading_grade5_practice_2024,reading-grade5-practice-2024.js,multiple-choice,"Read this thesaurus entry. scrub v. - clean, erase, polish, scrap. Which word best replaces scrub in paragraph 6?",7,0.7599528469807723,1.4689579217538462,0:0.0358|1:0.0340|2:0.0338|3:0.0339|4:0.0342|5:0.0343|6:0.0341|7:0.7600
33,reading_grade5_practice_2024,reading-grade5-practice-2024.js,multiple-choice,"Read this sentence from paragraph 7. Then she breezed around the mess, burst out the front door, and escaped. Which meaning of burst is used in this sentence?",7,0.7379585891730145,1.565445415248111,0:0.0373|1:0.0381|2:0.0373|3:0.0373|4:0.0375|5:0.0373|6:0.0373|7:0.7380
34,reading_grade5_practice_2024,reading-grade5-practice-2024.js,multiple-choice,Maddy tosses her brother's backpack on the floor because she--,0,0.125,3.0,0:0.1250|1:0.1250|2:0.1250|3:0.1250|4:0.1250|5:0.1250|6:0.1250|7:0.1250
35,reading_grade5_practice_2024,reading-grade5-practice-2024.js,multiple-choice,Maddy goes to the game most likely because she--,6,0.6770347313676726,1.8142420944857407,0:0.0460|1:0.0460|2:0.0459|3:0.0470|4:0.0460|5:0.0460|6:0.6770|7:0.0461
36,reading_grade5_practice_2024,reading-grade5-practice-2024.js,multiple-choice,Which phrase from the story tells the most about the setting?,5,0.6039673095846754,2.0803851769093953,0:0.0565|1:0.0565|2:0.0565|3:0.0569|4:0.0567|5:0.6040|6:0.0565|7:0.0565
37,reading_grade5_practice_2024,reading-grade5-practice-2024.js,multiple-choice,Which sentence from the story contains an example of figurative language?,5,0.38146984781512755,2.305199616076072,0:0.0475|1:0.0470|2:0.0469|3:0.0470|4:0.0474|5:0.3815|6:0.0470|7:0.3358
38,reading_grade5_practice_2024,reading-grade5-practice-2024.js,multiple-choice,The main conflict in the story is that Maddy--,5,0.6987287765379049,1.7286144872994165,0:0.0430|1:0.0430|2:0.0430|3:0.0431|4:0.0431|5:0.6987|6:0.0430|7:0.0430
1,reading_grade6_2015,reading-grade6-2015.js,multiple-choice,"Read this sentence from paragraph 2. Julia relaxed, thinking Mr. Malone would let another tardy slide by. What does this sentence suggest?",7,0.6193185713276784,1.9018870446912521,0:0.0377|1:0.0364|2:0.0365|3:0.0365|4:0.0366|5:0.0366|6:0.1603|7:0.6193
2,reading_grade6_2015,reading-grade6-2015.js,multiple-choice,"In paragraph 6, Julia's response to the news that she cannot attend the field trip best indicates that she--",5,0.646487654834448,1.9295842134411674,0:0.0501|1:0.0509|2:0.0502|3:0.0501|4:0.0512|5:0.6465|6:0.0508|7:0.0502
3,reading_grade6_2015,reading-grade6-2015.js,multiple-choice,"In paragraph 12, which topic do the adults most likely discuss before Julia arrives?",6,0.5144795895381862,2.226957636661656,0:0.0486|1:0.0484|2:0.1926|3:0.0490|4:0.0492|5:0.0487|6:0.5145|7:0.0490
4,reading_grade6_2015,reading-grade6-2015.js,multiple-choice,"In paragraph 14, what does acknowledgment mean?",1,0.7027909388309022,1.7120983235098262,0:0.0419|1:0.7028|2:0.0416|3:0.0415|4:0.0447|5:0.0425|6:0.0430|7:0.0420
5,reading_grade6_2015,reading-grade6-2015.js,multiple-choice,Which word in paragraph 17 signals a generalization?,7,0.7507604770706786,1.5097737480826812,0:0.0355|1:0.0357|2:0.0355|3:0.0355|4:0.0357|5:0.0356|6:0.0356|7:0.7508
6,reading_grade6_2015,reading-grade6-2015.js,multiple-choice,Select the appropriate effect of the cause listed below. Cause: Julia is tardy three times.,5,0.1849532686201297,2.9697600829545374,0:0.1069|1:0.1065|2:0.1071|3:0.1065|4:0.1327|5:0.1850|6:0.1457|7:0.1098
7,reading_grade6_2015,reading-grade6-2015.js,multiple-choice,Which statement is most likely true about Julia's dad?,6,0.5597174484211906,2.2256073163526673,0:0.0621|1:0.0615|2:0.0615|3:0.0627|4:0.0642|5:0.0638|6:0.5597|7:0.0645
8,reading_grade6_2015,reading-grade6-2015.js,multiple-choice,Which sentence states the most likely reason Julia is allowed to go on the field trip?,6,0.3465082970359606,2.39221021770551,0:0.0506|1:0.0581|2:0.0505|3:0.0512|4:0.0507|5:0.0519|6:0.3465|7:0.3404
9,reading_grade6_2015,reading-grade6-2015.js,multiple-choice,"At the end of the story, the reader may best conclude that the biggest reward for Julia is--",5,0.5236473183604937,2.040343052192955,0:0.0365|1:0.0367|2:0.0365|3:0.0366|4:0.2567|5:0.5236|6:0.0367|7:0.0365
10,reading_grade6_2015,reading-grade6-2015.js,multiple-choice,"Which information would best be included in ""The Mystery of Mountain Lake"" section?",6,0.7350163645899327,1.5775397081421132,0:0.0362|1:0.0415|2:0.0356|3:0.0363|4:0.0399|5:0.0370|6:0.7350|7:0.0384
11,reading_grade6_2015,reading-grade6-2015.js,multiple-choice,"According to information in paragraph 4, the main goal of Mountain Lake Conservancy is to--",6,0.4871363293942068,2.1177311470554745,0:0.0390|1:0.0390|2:0.0391|3:0.0390|4:0.0393|5:0.2777|6:0.4871|7:0.0397
12,reading_grade6_2015,reading-grade6-2015.js,multiple-choice,Which heading would be best for paragraph 5?,5,0.7284426637329413,1.6060396494921032,0:0.0386|1:0.0386|2:0.0386|3:0.0386|4:0.0393|5:0.7284|6:0.0389|7:0.0389
13,reading_grade6_2015,reading-grade6-2015.js,multiple-choice,The author organizes information in paragraph 6 by--,6,0.8052395133720585,1.2580814257231807,0:0.0277|1:0.0276|2:0.0278|3:0.0279|4:0.0281|5:0.0277|6:0.8052|7:0.0280
14,reading_grade6_2015,reading-grade6-2015.js,multiple-choice,"Based on the article, the mystery at Mountain Lake was difficult to solve since the cause of the changing water levels was--",4,0.5841359510396757,2.1250641571851814,0:0.0523|1:0.0519|2:0.0520|3:0.0523|4:0.5841|5:0.0528|6:0.1020|7:0.0525
15,reading_grade6_2015,reading-grade6-2015.js,multiple-choice,"The author refers to the hotel as ""The historical Mountain Lake Hotel"" most likely because of its--",6,0.5911566920861778,2.1236366656690517,0:0.0581|1:0.0580|2:0.0579|3:0.0588|4:0.0582|5:0.0584|6:0.5912|7:0.0594
16,reading_grade6_2015,reading-grade6-2015.js,multiple-choice,"According to the article, the most likely reason visitors return to the Mountain Lake Hotel is to--",6,0.3779220047371288,2.360793457746715,0:0.0497|1:0.0534|2:0.0496|3:0.0497|4:0.3193|5:0.0501|6:0.3779|7:0.0502
17,reading_grade6_2015,reading-grade6-2015.js,multiple-choice,Which sentence from the article states an opinion?,7,0.40435361819960547,2.2460498438038026,0:0.0444|1:0.0434|2:0.0434|3:0.0434|4:0.3316|5:0.0459|6:0.0436|7:0.4044
18,reading_grade6_2015,reading-grade6-2015.js,multiple-choice,"Which word means ""to be continually engaged in close, careful study""?",7,0.7070016701176517,1.6951044298952906,0:0.0417|1:0.0417|2:0.0417|3:0.0418|4:0.0425|5:0.0417|6:0.0419|7:0.7070
19,reading_grade6_2015,reading-grade6-2015.js,multiple-choice,"The author's use of the word ""flying"" in the title best shows that the speaker--",5,0.47526293024230937,2.2348354250195164,0:0.0358|1:0.0369|2:0.0358|3:0.1321|4:0.0360|5:0.4753|6:0.0359|7:0.2123
20,reading_grade6_2015,reading-grade6-2015.js,multiple-choice,"Read lines 4-5 from the poem. My sled and I are like one creature; We lean together in the turns, Based on these lines, the speaker's closeness to the sled shows the speaker is--",3,0.5040943713076116,2.244327781373923,0:0.0399|1:0.0398|2:0.0396|3:0.5041|4:0.1604|5:0.0413|6:0.0412|7:0.1336
21,reading_grade6_2015,reading-grade6-2015.js,multiple-select,Which two words are the best synonyms for lumber in line 18?,5,0.532337877980138,2.307495340484862,0:0.0638|1:0.0808|2:0.0637|3:0.0656|4:0.0657|5:0.5323|6:0.0639|7:0.0641
22,reading_grade6_2015,reading-grade6-2015.js,multiple-choice,Which line best suggests that the speaker has been down the hill in the past?,5,0.4522625107067984,2.2950278223469276,0:0.0468|1:0.0583|2:0.0468|3:0.2548|4:0.0473|5:0.4523|6:0.0468|7:0.0470
23,reading_grade6_2015,reading-grade6-2015.js,multiple-choice,What will the speaker most likely do next?,6,0.43258559211125225,2.2175841257301987,0:0.0426|1:0.0431|2:0.0424|3:0.3095|4:0.0425|5:0.0426|6:0.4326|7:0.0448
24,reading_grade6_2015,reading-grade6-2015.js,multiple-choice,"Read this sentence. A small vice in Craig's writing style is his habit of not explaining his ideas, but he can improve his skills with increased effort. What is the meaning of vice in this sentence?",7,0.7191157734940622,1.645194148376616,0:0.0401|1:0.0401|2:0.0401|3:0.0401|4:0.0403|5:0.0401|6:0.0401|7:0.7191
25,reading_grade6_2015,reading-grade6-2015.js,multiple-choice,"Which word comes from a root that means ""to try""?",7,0.6402188868840158,1.952493119255346,0:0.0511|1:0.0511|2:0.0510|3:0.0512|4:0.0530|5:0.0511|6:0.0513|7:0.6402
26,reading_grade6_2015,reading-grade6-2015.js,multiple-choice,Which question is answered in the first paragraph?,1,0.6622017108439457,1.849461396549804,0:0.0483|1:0.6622|2:0.0397|3:0.0400|4:0.0857|5:0.0428|6:0.0412|7:0.0401
27,reading_grade6_2015,reading-grade6-2015.js,multiple-choice,"What information could best be added to the section ""Clip, Save, and Win""?",6,0.5358948211357808,1.956074701390673,0:0.0307|1:0.0419|2:0.0307|3:0.0308|4:0.0308|5:0.2683|6:0.5359|7:0.0308
28,reading_grade6_2015,reading-grade6-2015.js,multiple-choice,"Read this sentence from ""Win a Lions T-Shirt."" Just fill out this form, drop it off at the school store, and listen to the announce ments every morning. In which word does - ment have the same meaning as it does in announce ment ?",7,0.6972789152520052,1.734373775831456,0:0.0427|1:0.0428|2:0.0427|3:0.0428|4:0.0431|5:0.0439|6:0.0448|7:0.6973
29,reading_grade6_2015,reading-grade6-2015.js,multiple-choice,What is the purpose of the Lion's Den?,0,0.6068200340002914,2.0694432261427265,0:0.6068|1:0.0539|2:0.0649|3:0.0567|4:0.0540|5:0.0546|6:0.0543|7:0.0548
30,reading_grade6_2015,reading-grade6-2015.js,multiple-select,Complete these notes. Ways the Lion's Den tries to persuade students to visit the school store:,6,0.17136193603313793,2.9720355440176327,0:0.1034|1:0.1050|2:0.1094|3:0.1030|4:0.1110|5:0.1469|6:0.1714|7:0.1499
31,reading_grade6_2015,reading-grade6-2015.js,multiple-choice,The school store will most benefit students who--,6,0.19434843904541113,2.9667257019372517,0:0.1043|1:0.1038|2:0.1187|3:0.1038|4:0.1132|5:0.1315|6:0.1943|7:0.1303
32,reading_grade6_2015,reading-grade6-2015.js,multiple-choice,Which sentence states a fact about the information in the flier?,6,0.414588517301181,2.2102885904910585,0:0.0421|1:0.0421|2:0.0419|3:0.0421|4:0.0420|5:0.0427|6:0.4146|7:0.3325
33,reading_grade6_2015,reading-grade6-2015.js,multiple-choice,Paragraph 1 indicates that therapy dogs can work with children who--,2,0.6775283283021218,1.8123384628206816,0:0.0459|1:0.0463|2:0.6775|3:0.0457|4:0.0460|5:0.0462|6:0.0461|7:0.0461
34,reading_grade6_2015,reading-grade6-2015.js,multiple-choice,Which question is answered in paragraph 2?,1,0.7221172512763094,1.6324226238885606,0:0.0388|1:0.7221|2:0.0388|3:0.0390|4:0.0430|5:0.0394|6:0.0400|7:0.0390
35,reading_grade6_2015,reading-grade6-2015.js,multiple-choice,"In paragraph 4, the word circumstances means--",7,0.7457202696419258,1.5318444779991764,0:0.0363|1:0.0363|2:0.0363|3:0.0363|4:0.0364|5:0.0364|6:0.0363|7:0.7457
36,reading_grade6_2015,reading-grade6-2015.js,multiple-choice,Which paragraph in the article discusses the role of the dog's handler during a therapy session?,4,0.5074279902871863,2.0234413118309225,0:0.0351|1:0.0345|2:0.2839|3:0.0345|4:0.5074|5:0.0349|6:0.0349|7:0.0349
37,reading_grade6_2015,reading-grade6-2015.js,multiple-choice,"Based on the article, what might a child most likely be able to do after several reading therapy sessions?",4,0.5110755703531684,1.9333671798213037,0:0.0302|1:0.0302|2:0.0302|3:0.0303|4:0.5111|5:0.0302|6:0.3076|7:0.0303
38,reading_grade6_2015,reading-grade6-2015.js,multiple-choice,What may the reader conclude about birds in reading therapy programs?,4,0.6084609325272547,2.04454983266277,0:0.0490|1:0.0485|2:0.0487|3:0.0491|4:0.6085|5:0.0957|6:0.0488|7:0.0518
39,reading_grade6_2015,reading-grade6-2015.js,multiple-choice,This article answers all these questions EXCEPT--,4,0.7093830184346851,1.685373547115086,0:0.0419|1:0.0412|2:0.0413|3:0.0412|4:0.7094|5:0.0418|6:0.0416|7:0.0416
40,reading_grade6_2015,reading-grade6-2015.js,multiple-choice,"Read this thesaurus entry. slumped v. -- Slid, sank, tumbled, crashed. Which word best replaces slumped in paragraph 5?",7,0.7599528469807723,1.4689579217538462,0:0.0358|1:0.0340|2:0.0338|3:0.0339|4:0.0342|5:0.0343|6:0.0341|7:0.7600
41,reading_grade6_2015,reading-grade6-2015.js,multiple-choice,Which sentence is the best summary of paragraph 10?,5,0.43595793317204706,1.9829116083426677,0:0.0308|1:0.0308|2:0.0308|3:0.0308|4:0.0312|5:0.4360|6:0.0310|7:0.3786
42,reading_grade6_2015,reading-grade6-2015.js,multiple-select,Use paragraphs 13 and 14 to complete this web.,5,0.40133162209482715,2.6514776114408405,0:0.0831|1:0.0849|2:0.0831|3:0.0854|4:0.0837|5:0.4013|6:0.0833|7:0.0951
43,reading_grade6_2015,reading-grade6-2015.js,multiple-choice,What could be the cause of the effect shown? Effect: Anthony suddenly remembers Field Day.,5,0.1981410727206316,2.9609524176276047,0:0.1085|1:0.1081|2:0.1079|3:0.1081|4:0.1495|5:0.1981|6:0.1104|7:0.1093
44,reading_grade6_2015,reading-grade6-2015.js,multiple-choice,Which sentence from the story best shows that Anthony can be responsible?,5,0.7698483922792407,1.424391244159608,0:0.0328|1:0.0328|2:0.0328|3:0.0329|4:0.0330|5:0.7698|6:0.0328|7:0.0331
45,reading_grade6_2015,reading-grade6-2015.js,multiple-choice,What does the title mean?,1,0.5403122903761542,2.275241183986581,0:0.0588|1:0.5403|2:0.0586|3:0.0612|4:0.0604|5:0.0954|6:0.0655|7:0.0596
1,reading_grade6_practice_2024,reading-grade6-practice-2024.js,multiple-choice,Quinterro's thoughts in paragraphs 1 and 2 most contribute to the plot of the story by--,5,0.6416686984406719,1.9472523164475706,0:0.0512|1:0.0512|2:0.0512|3:0.0513|4:0.0512|5:0.6417|6:0.0512|7:0.0512
2,reading_grade6_practice_2024,reading-grade6-practice-2024.js,multiple-choice,"The word binoculars in paragraph 17 comes from the Latin word ocular , which means--",7,0.7220703296559481,1.632861638626693,0:0.0397|1:0.0397|2:0.0397|3:0.0397|4:0.0397|5:0.0397|6:0.0397|7:0.7221
3,reading_grade6_practice_2024,reading-grade6-practice-2024.js,multiple-choice,What is the main conflict of the story?,5,0.6987287765379049,1.7286144872994165,0:0.0430|1:0.0430|2:0.0430|3:0.0431|4:0.0431|5:0.6987|6:0.0430|7:0.0430
4,reading_grade6_practice_2024,reading-grade6-practice-2024.js,multiple-choice,Which sentence best expresses the theme of the story?,5,0.7809082332271928,1.3735722658637324,0:0.0312|1:0.0312|2:0.0312|3:0.0313|4:0.0315|5:0.7809|6:0.0312|7:0.0314
5,reading_grade6_practice_2024,reading-grade6-practice-2024.js,multiple-choice,The author's purpose for including paragraph 2 is to explain--,5,0.5632583196230329,1.9400923123511102,0:0.2367|1:0.0333|2:0.0334|3:0.0333|4:0.0335|5:0.5633|6:0.0333|7:0.0333
6,reading_grade6_practice_2024,reading-grade6-practice-2024.js,multiple-choice,"In paragraph 6, the author explains that lava —",5,0.7675475064151833,1.4348382746402817,0:0.0332|1:0.0332|2:0.0333|3:0.0332|4:0.0333|5:0.7675|6:0.0332|7:0.0332
7,reading_grade6_practice_2024,reading-grade6-practice-2024.js,multiple-choice,Which sentence best summarizes paragraph 10?,7,0.8031217108892692,1.2682399904662338,0:0.0300|1:0.0277|2:0.0276|3:0.0277|4:0.0280|5:0.0281|6:0.0278|7:0.8031
8,reading_grade6_practice_2024,reading-grade6-practice-2024.js,multiple-choice,Which sentence from the article states an opinion about the Ring of Fire?,7,0.40435361819960547,2.2460498438038026,0:0.0444|1:0.0434|2:0.0434|3:0.0434|4:0.3316|5:0.0459|6:0.0436|7:0.4044
9,reading_grade6_practice_2024,reading-grade6-practice-2024.js,multiple-choice,"Based on the article, the reader can determine that volcanic activity--",4,0.7168206863357957,1.6547179541164145,0:0.0403|1:0.0400|2:0.0402|3:0.0406|4:0.7168|5:0.0412|6:0.0405|7:0.0404
10,reading_grade6_practice_2024,reading-grade6-practice-2024.js,multiple-choice,"Read this sentence from paragraph 1. Once again her room looked like a whirlwind had blown through it, and she knew exactly who the culprit was. The author uses hyperbole in this sentence to--",7,0.5247520194424599,2.0120852536028875,0:0.0350|1:0.0350|2:0.0350|3:0.0350|4:0.0351|5:0.2651|6:0.0351|7:0.5248
11,reading_grade6_practice_2024,reading-grade6-practice-2024.js,multiple-choice,"In paragraph 2, the word appraise means--",7,0.7457202696419258,1.5318444779991764,0:0.0363|1:0.0363|2:0.0363|3:0.0363|4:0.0364|5:0.0364|6:0.0363|7:0.7457
12,reading_grade6_practice_2024,reading-grade6-practice-2024.js,multiple-choice,The author includes paragraphs 11-13 mainly to--,5,0.6076865450744908,2.0675980286643396,0:0.0560|1:0.0557|2:0.0557|3:0.0558|4:0.0577|5:0.6077|6:0.0558|7:0.0557
13,reading_grade6_practice_2024,reading-grade6-practice-2024.js,multiple-choice,The empty swing in paragraph 15 leads Alice to the resolution by helping her realize--,2,0.6775283283021218,1.8123384628206816,0:0.0459|1:0.0463|2:0.6775|3:0.0457|4:0.0460|5:0.0462|6:0.0461|7:0.0461
14,reading_grade6_practice_2024,reading-grade6-practice-2024.js,multiple-choice,The author chooses to use this point of view because--,5,0.5520803251790621,2.2474216999551277,0:0.0614|1:0.0613|2:0.0612|3:0.0616|4:0.0771|5:0.5521|6:0.0614|7:0.0639
15,reading_grade6_practice_2024,reading-grade6-practice-2024.js,multiple-choice,Which sentence best summarizes lines 15-17?,7,0.6198405895635452,1.8642160826216037,0:0.0355|1:0.0337|2:0.0334|3:0.1761|4:0.0337|5:0.0341|6:0.0336|7:0.6198
16,reading_grade6_practice_2024,reading-grade6-practice-2024.js,multiple-choice,The setting of the poem affects the speaker by--,3,0.6392713394378665,1.9510479422036888,0:0.0483|1:0.0490|2:0.0479|3:0.6393|4:0.0481|5:0.0696|6:0.0487|7:0.0490
17,reading_grade6_practice_2024,reading-grade6-practice-2024.js,multiple-choice,The reader knows that the speaker's point of view has changed since her last visit to the island because she--,4,0.3579159513993487,2.5472049501282727,0:0.0636|1:0.0599|2:0.0609|3:0.2628|4:0.3579|5:0.0715|6:0.0606|7:0.0629
18,reading_grade6_practice_2024,reading-grade6-practice-2024.js,multiple-choice,"The Latin word internalis means ""extending to the interior."" In paragraph 1 of the article, internal means--",7,0.5845633488980448,1.9471887953936935,0:0.0358|1:0.0355|2:0.0356|3:0.0356|4:0.2016|5:0.0356|6:0.0357|7:0.5846
19,reading_grade6_practice_2024,reading-grade6-practice-2024.js,multiple-choice,Which word is a synonym for fatigue in paragraph 3?,7,0.6657999583282797,1.8573779434611541,0:0.0477|1:0.0477|2:0.0477|3:0.0477|4:0.0478|5:0.0478|6:0.0478|7:0.6658
20,reading_grade6_practice_2024,reading-grade6-practice-2024.js,multiple-choice,Paragraph 7 is organized by using--,6,0.3009693573231475,2.620241227174895,0:0.0680|1:0.0675|2:0.2919|3:0.0676|4:0.0682|5:0.0678|6:0.3010|7:0.0681
21,reading_grade6_practice_2024,reading-grade6-practice-2024.js,multiple-choice,"Based on the article, plants unfold their leaves to--",4,0.7596127403728694,1.4703390888275911,0:0.0339|1:0.0335|2:0.0337|3:0.0339|4:0.7596|5:0.0344|6:0.0371|7:0.0339
22,reading_grade6_practice_2024,reading-grade6-practice-2024.js,multiple-choice,The author's word choice in paragraph 1 introduces a tone of--,5,0.3959285934077869,2.203216431212905,0:0.0413|1:0.0415|2:0.0414|3:0.0418|4:0.0418|5:0.3959|6:0.0414|7:0.3549
23,reading_grade6_practice_2024,reading-grade6-practice-2024.js,multiple-choice,Which word in paragraph 18 does the author use to influence the reader's attitude about Sydney?,5,0.3451946192152572,2.2995117784245647,0:0.0314|1:0.0314|2:0.0314|3:0.0314|4:0.2022|5:0.3452|6:0.0314|7:0.2956
24,reading_grade6_practice_2024,reading-grade6-practice-2024.js,multiple-choice,Jada most likely smiles at the end of the story because she--,5,0.46284929367149646,2.154270604236642,0:0.0401|1:0.0412|2:0.0401|3:0.0402|4:0.0402|5:0.4628|6:0.2954|7:0.0401
25,reading_grade6_practice_2024,reading-grade6-practice-2024.js,multiple-choice,Zach knows that Jada is not as meek as she seems because she —,4,0.18315929031971234,2.97619328466596,0:0.1100|1:0.1098|2:0.1151|3:0.1395|4:0.1832|5:0.1134|6:0.1110|7:0.1180
26,reading_grade6_practice_2024,reading-grade6-practice-2024.js,multiple-choice,Zach discusses eclipses with Jada because--,0,0.125,3.0,0:0.1250|1:0.1250|2:0.1250|3:0.1250|4:0.1250|5:0.1250|6:0.1250|7:0.1250
27,reading_grade6_practice_2024,reading-grade6-practice-2024.js,multiple-choice,"Based on information in the story, the reader understands that Zach--",4,0.370715306588555,2.2166902774797066,0:0.0262|1:0.0262|2:0.0262|3:0.0262|4:0.3707|5:0.2643|6:0.2340|7:0.0262
28,reading_grade6_practice_2024,reading-grade6-practice-2024.js,multiple-choice,Which sentence best expresses a theme of the story?,5,0.7809082332271928,1.3735722658637324,0:0.0312|1:0.0312|2:0.0312|3:0.0313|4:0.0315|5:0.7809|6:0.0312|7:0.0314
29,reading_grade6_practice_2024,reading-grade6-practice-2024.js,multiple-choice,Zach's character is important to the story because he--,5,0.6409928527842357,1.949700312293082,0:0.0511|1:0.0511|2:0.0510|3:0.0512|4:0.0523|5:0.6410|6:0.0512|7:0.0512
1,reading_grade7_2015,reading-grade7-2015.js,multiple-choice,"In paragraph 4, the author includes the detail of Mrs. Parker sounding ""a little too patient"" to suggest that —",5,0.6408871961632105,1.950090907452195,0:0.0513|1:0.0510|2:0.0512|3:0.0511|4:0.0521|5:0.6409|6:0.0514|7:0.0512
2,reading_grade7_2015,reading-grade7-2015.js,multiple-choice,"Read this sentence from paragraph 7. ""They're fiction al , of course, but I want to name them after real places that nobody knows much about."" In which word does the suffix - al have the same meaning as it does in fiction al ?",7,0.6829137464868077,1.7912013815951693,0:0.0447|1:0.0446|2:0.0446|3:0.0447|4:0.0481|5:0.0448|6:0.0456|7:0.6829
3,reading_grade7_2015,reading-grade7-2015.js,multiple-choice,Which word in paragraph 17 conveys Jared's embarrassment?,7,0.7507604770706786,1.5097737480826812,0:0.0355|1:0.0357|2:0.0355|3:0.0355|4:0.0357|5:0.0356|6:0.0356|7:0.7508
4,reading_grade7_2015,reading-grade7-2015.js,multiple-choice,Complete this web.,5,0.15213987844115487,2.9896062005284145,0:0.1142|1:0.1202|2:0.1137|3:0.1143|4:0.1153|5:0.1521|6:0.1199|7:0.1502
5,reading_grade7_2015,reading-grade7-2015.js,multiple-choice,"In this story, Jared's main conflict can be described as —",5,0.684574701363933,1.784841600267916,0:0.0450|1:0.0449|2:0.0449|3:0.0450|4:0.0456|5:0.6846|6:0.0450|7:0.0449
6,reading_grade7_2015,reading-grade7-2015.js,multiple-choice,"In a summary of this story, the most important detail to include is how Jared —",5,0.6798578576491773,1.8032283524428872,0:0.0453|1:0.0453|2:0.0452|3:0.0454|4:0.0475|5:0.6799|6:0.0457|7:0.0458
7,reading_grade7_2015,reading-grade7-2015.js,multiple-choice,"By the end of the story, readers can best predict that Jared will —",5,0.7357523818408537,1.5749202647092333,0:0.0376|1:0.0382|2:0.0376|3:0.0377|4:0.0379|5:0.7358|6:0.0377|7:0.0376
8,reading_grade7_2015,reading-grade7-2015.js,multiple-choice,Why does the author include paragraph 1?,5,0.7131152609542903,1.6700495967834728,0:0.0409|1:0.0409|2:0.0410|3:0.0409|4:0.0411|5:0.7131|6:0.0410|7:0.0410
9,reading_grade7_2015,reading-grade7-2015.js,multiple-choice,What does domesticated mean in paragraph 2?,1,0.7027909388309022,1.7120983235098262,0:0.0419|1:0.7028|2:0.0416|3:0.0415|4:0.0447|5:0.0425|6:0.0430|7:0.0420
10,reading_grade7_2015,reading-grade7-2015.js,multiple-choice,"In paragraph 4, reverence means —",7,0.6780988328095338,1.8101180714007894,0:0.0458|1:0.0458|2:0.0458|3:0.0458|4:0.0467|5:0.0459|6:0.0461|7:0.6781
11,reading_grade7_2015,reading-grade7-2015.js,multiple-choice,Read this sentence from paragraph 4. The Egyptians did not wish to harm the animals. Why does the author include this detail in the article?,5,0.3792426127098912,2.256707023910392,0:0.0304|1:0.0303|2:0.0304|3:0.0304|4:0.1767|5:0.3792|6:0.0304|7:0.2921
12,reading_grade7_2015,reading-grade7-2015.js,multiple-choice,Which statement best summarizes paragraph 5?,5,0.6915692733995854,1.7572274287837946,0:0.0440|1:0.0440|2:0.0441|3:0.0440|4:0.0442|5:0.6916|6:0.0440|7:0.0441
13,reading_grade7_2015,reading-grade7-2015.js,multiple-choice,Which word from paragraph 7 best shows how Maus are viewed in Egypt today?,7,0.7361538950101008,1.5722001598775415,0:0.0383|1:0.0362|2:0.0360|3:0.0362|4:0.0365|5:0.0443|6:0.0364|7:0.7362
14,reading_grade7_2015,reading-grade7-2015.js,multiple-choice,"According to the article, cats started gaining acceptance in Egypt when —",4,0.6914179824062682,1.7576441839174566,0:0.0438|1:0.0433|2:0.0471|3:0.0429|4:0.6914|5:0.0440|6:0.0435|7:0.0440
15,reading_grade7_2015,reading-grade7-2015.js,multiple-choice,What problem do Maus currently experience in Egypt?,5,0.150841515421977,2.994857798992146,0:0.1175|1:0.1176|2:0.1273|3:0.1173|4:0.1181|5:0.1508|6:0.1214|7:0.1300
16,reading_grade7_2015,reading-grade7-2015.js,multiple-choice,Which paragraph from the article offers the most useful information for a report about how groups help animals?,6,0.7364958208525947,1.5717089806051594,0:0.0374|1:0.0372|2:0.0375|3:0.0374|4:0.0380|5:0.0373|6:0.7365|7:0.0387
17,reading_grade7_2015,reading-grade7-2015.js,multiple-choice,Which idea from the article offers the best support for a presentation about the effect pets can have on owners?,5,0.5436487939988708,2.0087353605914515,0:0.0360|1:0.0360|2:0.0360|3:0.0360|4:0.2402|5:0.5436|6:0.0360|7:0.0361
18,reading_grade7_2015,reading-grade7-2015.js,multiple-choice,The pine thinks the oak should be ashamed because the oak —,0,0.125,3.0,0:0.1250|1:0.1250|2:0.1250|3:0.1250|4:0.1250|5:0.1250|6:0.1250|7:0.1250
19,reading_grade7_2015,reading-grade7-2015.js,multiple-choice,"Based on the details in this poem, the oak tree and pine tree are most likely located —",6,0.2814209100070336,2.3992931683075494,0:0.0368|1:0.0358|2:0.0358|3:0.2689|4:0.2690|5:0.0359|6:0.2814|7:0.0363
20,reading_grade7_2015,reading-grade7-2015.js,multiple-choice,Who is the narrator in this poem?,3,0.5809204219277618,2.151098467115597,0:0.0556|1:0.0570|2:0.0564|3:0.5809|4:0.0557|5:0.0822|6:0.0556|7:0.0565
21,reading_grade7_2015,reading-grade7-2015.js,multiple-choice,"Based on the end of the poem, what will most likely happen in the future?",6,0.2935025551352406,2.4441824371599727,0:0.0383|1:0.0395|2:0.0381|3:0.2466|4:0.2624|5:0.0431|6:0.2935|7:0.0385
22,reading_grade7_2015,reading-grade7-2015.js,multiple-choice,The trees speaking to each other is an example of —,7,0.3072497184887279,2.814627248076611,0:0.1504|1:0.0949|2:0.0886|3:0.0890|4:0.0901|5:0.0902|6:0.0895|7:0.3072
23,reading_grade7_2015,reading-grade7-2015.js,multiple-choice,Which of these is a theme of this poem?,3,0.5177622961898637,2.217859134426038,0:0.0482|1:0.0485|2:0.0481|3:0.5178|4:0.0492|5:0.1916|6:0.0483|7:0.0483
24,reading_grade7_2015,reading-grade7-2015.js,multiple-choice,"The word sympathy comes from Greek roots that mean ""similar emotion."" Based on the Greek roots, which is the best example of sympathy ?",7,0.40881388033962573,2.3164220469611476,0:0.0356|1:0.1914|2:0.0346|3:0.0348|4:0.2241|5:0.0353|6:0.0354|7:0.4088
25,reading_grade7_2015,reading-grade7-2015.js,multiple-choice,The author organizes the information in paragraph 3 by —,6,0.8052395133720585,1.2580814257231807,0:0.0277|1:0.0276|2:0.0278|3:0.0279|4:0.0281|5:0.0277|6:0.8052|7:0.0280
26,reading_grade7_2015,reading-grade7-2015.js,multiple-choice,Read this sentence from paragraph 6. His influence is evident; many painters mimic his style and use of color and texture. Which word is a synonym for mimic ?,7,0.7144008458881794,1.658471402675974,0:0.0375|1:0.0381|2:0.0374|3:0.0375|4:0.0378|5:0.0592|6:0.0382|7:0.7144
27,reading_grade7_2015,reading-grade7-2015.js,multiple-choice,Which of these does the author seem to admire most about van Gogh's paintings?,5,0.7258283849878593,1.617084075546599,0:0.0391|1:0.0391|2:0.0391|3:0.0392|4:0.0392|5:0.7258|6:0.0392|7:0.0392
28,reading_grade7_2015,reading-grade7-2015.js,multiple-choice,"Based on the article, van Gogh learned how to paint by —",4,0.7596127403728694,1.4703390888275911,0:0.0339|1:0.0335|2:0.0337|3:0.0339|4:0.7596|5:0.0344|6:0.0371|7:0.0339
29,reading_grade7_2015,reading-grade7-2015.js,multiple-choice,The author includes a photograph of The Starry Night in order to —,5,0.6014789203667469,2.087329415276039,0:0.0552|1:0.0551|2:0.0551|3:0.0553|4:0.0674|5:0.6015|6:0.0553|7:0.0552
30,reading_grade7_2015,reading-grade7-2015.js,multiple-choice,Which word does the author use to show a contrast? Yet van Gogh today is considered one of the greatest artists of all time .,5,0.41128003865579954,2.354511226843724,0:0.0503|1:0.0513|2:0.0500|3:0.0511|4:0.0523|5:0.4113|6:0.0503|7:0.2834
31,reading_grade7_2015,reading-grade7-2015.js,multiple-choice,"Which paragraph would be most useful for writing a report titled ""A Detailed Look at van Gogh's Most Famous Works""?",6,0.5364256625719287,2.1863386453155744,0:0.0481|1:0.0475|2:0.1745|3:0.0477|4:0.0490|5:0.0482|6:0.5364|7:0.0487
32,reading_grade7_2015,reading-grade7-2015.js,multiple-choice,"The author's word choice in the section ""What's in your bag?"" is best described as —",5,0.5810773237452794,1.937223372283936,0:0.0341|1:0.0356|2:0.0341|3:0.0342|4:0.0356|5:0.5811|6:0.0343|7:0.2110
33,reading_grade7_2015,reading-grade7-2015.js,multiple-choice,"Which organizational pattern is used in the section ""Satisfaction guaranteed""?",6,0.4407272620412466,2.46066741308295,0:0.0548|1:0.1056|2:0.0545|3:0.0556|4:0.0559|5:0.0557|6:0.4407|7:0.1771
34,reading_grade7_2015,reading-grade7-2015.js,multiple-choice,In which section of the flier will students learn when to pay for their purchase?,6,0.5122630068947698,2.3473296266517822,0:0.0603|1:0.1143|2:0.0598|3:0.0607|4:0.0624|5:0.0613|6:0.5123|7:0.0689
35,reading_grade7_2015,reading-grade7-2015.js,multiple-choice,The author best explains the features of the merchandise by —,5,0.7885488110838755,1.337865959107811,0:0.0302|1:0.0302|2:0.0302|3:0.0302|4:0.0302|5:0.7885|6:0.0302|7:0.0302
36,reading_grade7_2015,reading-grade7-2015.js,multiple-choice,Students who want to order more than one bag would most likely —,6,0.5903412100487109,2.1262664758616285,0:0.0592|1:0.0598|2:0.0567|3:0.0576|4:0.0588|5:0.0576|6:0.5903|7:0.0600
37,reading_grade7_2015,reading-grade7-2015.js,multiple-choice,Read this chart a student made about the bags. Which of these shows that the student misunderstood information about the bags?,6,0.4623554172339164,2.420316988648887,0:0.0589|1:0.0632|2:0.0587|3:0.0616|4:0.0591|5:0.0598|6:0.4624|7:0.1764
38,reading_grade7_2015,reading-grade7-2015.js,multiple-choice,"In paragraph 1, what does the word localities mean?",7,0.4072835675208256,2.079872205115807,0:0.0352|1:0.3809|2:0.0351|3:0.0351|4:0.0360|5:0.0352|6:0.0352|7:0.4073
39,reading_grade7_2015,reading-grade7-2015.js,multiple-choice,Which word is a synonym for provision in paragraph 4?,7,0.6657999583282797,1.8573779434611541,0:0.0477|1:0.0477|2:0.0477|3:0.0477|4:0.0478|5:0.0478|6:0.0478|7:0.6658
40,reading_grade7_2015,reading-grade7-2015.js,multiple-choice,"In paragraph 8, the description of the students as a ""small group of budding photographers"" suggests they are —",2,0.48439428791640154,2.441650686057793,0:0.0678|1:0.0676|2:0.4844|3:0.0918|4:0.0684|5:0.0694|6:0.0823|7:0.0683
41,reading_grade7_2015,reading-grade7-2015.js,multiple-choice,"In paragraph 8, the other students in Mr. James' classroom are confused because they —",2,0.487045739108691,2.4322444327942643,0:0.0689|1:0.0684|2:0.4870|3:0.0683|4:0.0691|5:0.0695|6:0.0996|7:0.0691
42,reading_grade7_2015,reading-grade7-2015.js,multiple-choice,"Read this sentence from paragraph 11. The students scrambled to take pictures and stared in amazement. The word ""scrambled"" suggests that the students were —",7,0.672510542485291,1.8316433794124203,0:0.0462|1:0.0461|2:0.0461|3:0.0482|4:0.0465|5:0.0464|6:0.0480|7:0.6725
43,reading_grade7_2015,reading-grade7-2015.js,multiple-choice,"Based on Helen's actions, which of these will most likely occur in the future?",4,0.3700138954896716,2.2660368319860025,0:0.0448|1:0.0446|2:0.0446|3:0.0454|4:0.3700|5:0.0447|6:0.3611|7:0.0448
44,reading_grade7_2015,reading-grade7-2015.js,multiple-choice,Helen is pleased that the club will go on a camping trip because the experience will —,5,0.21852733976595037,2.9476172492460937,0:0.1059|1:0.1337|2:0.1063|3:0.1060|4:0.1072|5:0.2185|6:0.1128|7:0.1095
45,reading_grade7_2015,reading-grade7-2015.js,multiple-choice,Which detail about the bats should be included in a summary of the story?,5,0.45655877967528385,2.2241506218576697,0:0.0442|1:0.0442|2:0.0442|3:0.0443|4:0.0443|5:0.4566|6:0.2779|7:0.0444
1,reading_grade7_practice_2024,reading-grade7-practice-2024.js,multiple-choice,"The name ""the osprey garden"" in paragraph 4 gives the reader the impression of--",4,0.46273140774729715,2.1504612830125387,0:0.0398|1:0.0396|2:0.2968|3:0.0402|4:0.4627|5:0.0405|6:0.0401|7:0.0401
2,reading_grade7_practice_2024,reading-grade7-practice-2024.js,multiple-choice,Which sentence from the article contains a comparison?,7,0.4175589838349929,2.1830157095946707,0:0.0410|1:0.0405|2:0.0405|3:0.0405|4:0.3382|5:0.0407|6:0.0410|7:0.4176
3,reading_grade7_practice_2024,reading-grade7-practice-2024.js,multiple-choice,Which detail about ospreys should be included in a summary of the article?,6,0.677880482699998,1.810437874146776,0:0.0446|1:0.0442|2:0.0441|3:0.0509|4:0.0460|5:0.0453|6:0.6779|7:0.0470
4,reading_grade7_practice_2024,reading-grade7-practice-2024.js,multiple-choice,Paragraph 19 contributes to the theme of the story by showing that--,5,0.7097686721974495,1.6837989490283976,0:0.0413|1:0.0413|2:0.0414|3:0.0416|4:0.0418|5:0.7098|6:0.0414|7:0.0414
5,reading_grade7_practice_2024,reading-grade7-practice-2024.js,multiple-choice,Which sentence from the story best communicates a sense of celebration?,5,0.655172266346858,1.6951851663941941,0:0.0272|1:0.0272|2:0.0272|3:0.0272|4:0.0272|5:0.6552|6:0.0272|7:0.1817
6,reading_grade7_practice_2024,reading-grade7-practice-2024.js,multiple-choice,"In paragraph 3, the newspaper reporter writes about Keichline most likely because she--",6,0.5407819887780656,2.033668237441736,0:0.0372|1:0.0371|2:0.2351|3:0.0378|4:0.0374|5:0.0372|6:0.5408|7:0.0374
7,reading_grade7_practice_2024,reading-grade7-practice-2024.js,multiple-choice,"In paragraph 5, the word innovative means--",7,0.7457202696419258,1.5318444779991764,0:0.0363|1:0.0363|2:0.0363|3:0.0363|4:0.0364|5:0.0364|6:0.0363|7:0.7457
8,reading_grade7_practice_2024,reading-grade7-practice-2024.js,multiple-choice,"In paragraph 5, the information is organized by--",6,0.7098778921514504,1.6833454960045588,0:0.0413|1:0.0411|2:0.0417|3:0.0413|4:0.0419|5:0.0412|6:0.7099|7:0.0415
9,reading_grade7_practice_2024,reading-grade7-practice-2024.js,multiple-choice,"""A Leader in Her Profession"" would be the best heading for which paragraph?",5,0.7284426637329413,1.6060396494921032,0:0.0386|1:0.0386|2:0.0386|3:0.0386|4:0.0393|5:0.7284|6:0.0389|7:0.0389
10,reading_grade7_practice_2024,reading-grade7-practice-2024.js,multiple-choice,Read lines 21 and 22 from the poem. No canvas can compete with such a scene; No tube of paint can duplicate so true These lines show that the speaker believes--,3,0.578707808779631,2.061367774690877,0:0.0425|1:0.0433|2:0.0423|3:0.5787|4:0.0426|5:0.0472|6:0.0436|7:0.1597
11,reading_grade7_practice_2024,reading-grade7-practice-2024.js,multiple-choice,"In line 31, the word comfort has a connotation of —",7,0.5819873106853315,2.151262961694461,0:0.0557|1:0.0581|2:0.0554|3:0.0724|4:0.0638|5:0.0561|6:0.0565|7:0.5820
12,reading_grade7_practice_2024,reading-grade7-practice-2024.js,multiple-choice,The speaker's word choice in the poem conveys a tone of--,3,0.44260989466715656,2.2274270383821984,0:0.0421|1:0.0428|2:0.0419|3:0.4426|4:0.0423|5:0.0506|6:0.0440|7:0.2937
13,reading_grade7_practice_2024,reading-grade7-practice-2024.js,multiple-choice,"At the top of the article, the words ""Student Voices Column"" are in boldface type and placed between horizontal lines in order to--",4,0.3743561848901639,2.572377416268325,0:0.0587|1:0.0587|2:0.0613|3:0.2265|4:0.3744|5:0.0663|6:0.0806|7:0.0736
14,reading_grade7_practice_2024,reading-grade7-practice-2024.js,multiple-choice,"In paragraph 1, the reader knows that the students--",4,0.39037559682425726,2.452905828076613,0:0.0563|1:0.0558|2:0.2672|3:0.0564|4:0.3904|5:0.0573|6:0.0598|7:0.0567
15,reading_grade7_practice_2024,reading-grade7-practice-2024.js,multiple-choice,"In paragraph 3, the author puts ""old-fashioned"" in quotation marks to--",5,0.7675475064151833,1.4348382746402817,0:0.0332|1:0.0332|2:0.0333|3:0.0332|4:0.0333|5:0.7675|6:0.0332|7:0.0332
16,reading_grade7_practice_2024,reading-grade7-practice-2024.js,multiple-choice,Which detail from paragraphs 3 and 4 emphasizes the author's positive viewpoint about menu items?,5,0.6379972987656745,1.9605938591446477,0:0.0516|1:0.0515|2:0.0515|3:0.0515|4:0.0524|5:0.6380|6:0.0517|7:0.0517
17,reading_grade7_practice_2024,reading-grade7-practice-2024.js,multiple-choice,"Read this sentence from paragraph 4. Eighth-grader Jasmine Firestone says, ""The new tacos on Tuesdays are the best food in the world!"" Why does the author include this example of hyperbole?",5,0.4856248331082183,1.9555519174650864,0:0.0305|1:0.0305|2:0.0305|3:0.0305|4:0.0306|5:0.4856|6:0.0305|7:0.3314
18,reading_grade7_practice_2024,reading-grade7-practice-2024.js,multiple-choice,Read these glossary entries for words that appear in paragraph 5. alert: Able to think and respond quickly. approach: Move closer to a person or object. designed: Created a drawing or sketch. surveyed: Carefully examined something to determine its value. Which entry gives the meaning of the word as it is used in paragraph 5?,7,0.6430392372928733,1.9154815034005819,0:0.0437|1:0.0434|2:0.0435|3:0.0438|4:0.0952|5:0.0437|6:0.0437|7:0.6430
19,reading_grade7_practice_2024,reading-grade7-practice-2024.js,multiple-choice,What is the main idea of paragraph 5?,5,0.7523242617028789,1.50288690025077,0:0.0354|1:0.0353|2:0.0354|3:0.0353|4:0.0355|5:0.7523|6:0.0354|7:0.0354
20,reading_grade7_practice_2024,reading-grade7-practice-2024.js,multiple-choice,"Based on paragraph 6, the main outcome of interviewing Marge LaRough was that the author--",5,0.5897997484234363,1.8140915159032092,0:0.0281|1:0.0281|2:0.0282|3:0.0281|4:0.2413|5:0.5898|6:0.0282|7:0.0281
21,reading_grade7_practice_2024,reading-grade7-practice-2024.js,multiple-choice,"Based on the word choice in paragraph 7, what does the author most likely believe?",6,0.3810692221826405,2.242834087112597,0:0.0289|1:0.0289|2:0.0289|3:0.0291|4:0.1927|5:0.0290|6:0.3811|7:0.2815
22,reading_grade7_practice_2024,reading-grade7-practice-2024.js,multiple-choice,Which action by cafeteria staff suggests that student opinions are taken into consideration when making menu decisions?,2,0.21420958546444935,2.9406064051539627,0:0.0929|1:0.1069|2:0.2142|3:0.1442|4:0.1182|5:0.0977|6:0.1315|7:0.0943
23,reading_grade7_practice_2024,reading-grade7-practice-2024.js,multiple-choice,"According to the article, cafeteria offerings were different before the 2012 rules in that they--",4,0.6914179824062682,1.7576441839174566,0:0.0438|1:0.0433|2:0.0471|3:0.0429|4:0.6914|5:0.0440|6:0.0435|7:0.0440
24,reading_grade7_practice_2024,reading-grade7-practice-2024.js,multiple-choice,Which sentence is NOT supported by relevant evidence?,7,0.7247083352387856,1.6217967565322606,0:0.0393|1:0.0393|2:0.0393|3:0.0393|4:0.0395|5:0.0393|6:0.0393|7:0.7247
25,reading_grade7_practice_2024,reading-grade7-practice-2024.js,multiple-choice,Which paragraph contains useful information for a presentation about how to make dishes healthier?,6,0.6886880308365618,1.7681473350923838,0:0.0438|1:0.0432|2:0.0436|3:0.0435|4:0.0441|5:0.0435|6:0.6887|7:0.0496
26,reading_grade7_practice_2024,reading-grade7-practice-2024.js,multiple-choice,Which statement best expresses the author's viewpoint?,5,0.7242657365692647,1.6236569579960904,0:0.0394|1:0.0394|2:0.0393|3:0.0394|4:0.0394|5:0.7243|6:0.0394|7:0.0394
27,reading_grade7_practice_2024,reading-grade7-practice-2024.js,multiple-choice,"The phrase ""My heart swelled"" in paragraph 1 conveys that the narrator is--",2,0.40150920422429326,2.606155192929201,0:0.0668|1:0.0668|2:0.4015|3:0.1293|4:0.0679|5:0.1334|6:0.0672|7:0.0670
28,reading_grade7_practice_2024,reading-grade7-practice-2024.js,multiple-choice,"In paragraph 5, the word consecutively comes from a Latin root that means--",7,0.6812163619899595,1.7979925136569355,0:0.0455|1:0.0455|2:0.0455|3:0.0456|4:0.0456|5:0.0456|6:0.0456|7:0.6812
29,reading_grade7_practice_2024,reading-grade7-practice-2024.js,multiple-choice,Which word is a synonym for enhance in paragraph 19?,7,0.6657999583282797,1.8573779434611541,0:0.0477|1:0.0477|2:0.0477|3:0.0477|4:0.0478|5:0.0478|6:0.0478|7:0.6658
30,reading_grade7_practice_2024,reading-grade7-practice-2024.js,multiple-choice,How is figurative language used in the first stanza of the poem?,3,0.3558108810248095,2.614444051061301,0:0.1051|1:0.0806|2:0.0531|3:0.3558|4:0.0793|5:0.0548|6:0.0536|7:0.2177
31,reading_grade7_practice_2024,reading-grade7-practice-2024.js,multiple-choice,Lines 13-14 of the poem convey that the speaker's anger is--,3,0.7167803950879366,1.6546368486452363,0:0.0398|1:0.0406|2:0.0394|3:0.7168|4:0.0395|5:0.0405|6:0.0395|7:0.0439
32,reading_grade7_practice_2024,reading-grade7-practice-2024.js,multiple-choice,Lines 29-32 reveal that the speaker of the poem--,3,0.7167803950879366,1.6546368486452363,0:0.0398|1:0.0406|2:0.0394|3:0.7168|4:0.0395|5:0.0405|6:0.0395|7:0.0439
33,reading_grade7_practice_2024,reading-grade7-practice-2024.js,multiple-choice,Which idea is developed in both the story and the poem?,5,0.5608773254884262,1.90664049144813,0:0.0313|1:0.0313|2:0.0312|3:0.2515|4:0.0313|5:0.5609|6:0.0313|7:0.0312
34,reading_grade7_practice_2024,reading-grade7-practice-2024.js,multiple-choice,The endings of the story and the poem both convey a tone of--,5,0.3836155660461035,2.2290411033218587,0:0.0427|1:0.0428|2:0.0427|3:0.3594|4:0.0429|5:0.3836|6:0.0427|7:0.0432
35,reading_grade7_practice_2024,reading-grade7-practice-2024.js,multiple-choice,How do the narrator of the story and the speaker of the poem resolve their conflicts?,3,0.46350793373943605,2.119515341701032,0:0.0383|1:0.0384|2:0.0383|3:0.4635|4:0.0384|5:0.3064|6:0.0383|7:0.0383
36,reading_grade7_practice_2024,reading-grade7-practice-2024.js,multiple-choice,Which major theme do the story and the poem have in common?,5,0.436893158180163,2.127366129561041,0:0.0380|1:0.0381|2:0.0380|3:0.3347|4:0.0382|5:0.4369|6:0.0380|7:0.0380
1,reading_grade8_2015,reading-grade8-2015.js,multiple-choice,"In paragraph 2, the author's use of the words ""distinguish"" and ""like"" indicates that the information is organized by —",6,0.7038690262583174,1.7075772545920997,0:0.0414|1:0.0413|2:0.0415|3:0.0460|4:0.0418|5:0.0415|6:0.7039|7:0.0425
2,reading_grade8_2015,reading-grade8-2015.js,multiple-select,"In this excerpt from paragraph 5, which three words are examples of onomatopoeia? Vocalizations include a chitter, which sounds much like the chattering of teeth; a bark, which is similar to that of a dog . . .",5,0.5044754236732535,2.3910404935167655,0:0.0703|1:0.0703|2:0.0709|3:0.0706|4:0.0716|5:0.5045|6:0.0706|7:0.0713
3,reading_grade8_2015,reading-grade8-2015.js,multiple-choice,"Based on paragraph 8, the reader may best infer that the kinkajou —",4,0.4609918147927123,1.933954417718283,0:0.0290|1:0.0289|2:0.0290|3:0.0290|4:0.4610|5:0.3652|6:0.0289|7:0.0290
4,reading_grade8_2015,reading-grade8-2015.js,multiple-choice,"According to the article, which sense best helps a kinkajou locate another kinkajou's territory?",4,0.42545176500445964,2.1605633459159437,0:0.0396|1:0.0395|2:0.0395|3:0.0397|4:0.4255|5:0.3368|6:0.0396|7:0.0397
5,reading_grade8_2015,reading-grade8-2015.js,multiple-choice,"According to the article, the kinkajou resembles a monkey because of its —",4,0.6914179824062682,1.7576441839174566,0:0.0438|1:0.0433|2:0.0471|3:0.0429|4:0.6914|5:0.0440|6:0.0435|7:0.0440
6,reading_grade8_2015,reading-grade8-2015.js,multiple-choice,"After their first meeting, the narrator and the horse learn about each other when they —",5,0.23611428828940473,2.8644118720358485,0:0.0882|1:0.1198|2:0.0756|3:0.1416|4:0.1876|5:0.2361|6:0.0755|7:0.0756
7,reading_grade8_2015,reading-grade8-2015.js,multiple-choice,Who is the narrator of this story?,5,0.6072908160070557,2.068972632277037,0:0.0558|1:0.0558|2:0.0558|3:0.0574|4:0.0564|5:0.6073|6:0.0558|7:0.0558
8,reading_grade8_2015,reading-grade8-2015.js,multiple-choice,Complete this analogy. Skilled is to expert as —,5,0.15213987844115487,2.9896062005284145,0:0.1142|1:0.1202|2:0.1137|3:0.1143|4:0.1153|5:0.1521|6:0.1199|7:0.1502
9,reading_grade8_2015,reading-grade8-2015.js,multiple-choice,"In paragraph 1, the author suggests that before the Internet, researching a given topic was —",5,0.7060991517173607,1.6987884068432422,0:0.0418|1:0.0419|2:0.0420|3:0.0421|4:0.0423|5:0.7061|6:0.0419|7:0.0419
10,reading_grade8_2015,reading-grade8-2015.js,multiple-choice,Which meaning best fits the word daunting in paragraph 2?,7,0.7487750773516084,1.5184271578341368,0:0.0375|1:0.0355|2:0.0354|3:0.0354|4:0.0358|5:0.0360|6:0.0356|7:0.7488
11,reading_grade8_2015,reading-grade8-2015.js,multiple-choice,The implied main idea of paragraph 2 is that reference books —,5,0.7523242617028789,1.50288690025077,0:0.0354|1:0.0353|2:0.0354|3:0.0353|4:0.0355|5:0.7523|6:0.0354|7:0.0354
12,reading_grade8_2015,reading-grade8-2015.js,multiple-choice,"According to paragraph 2, what major change occurred in the organization of early encyclopedias?",4,0.36874808571034545,2.3366678346091807,0:0.0490|1:0.0485|2:0.3380|3:0.0485|4:0.3687|5:0.0491|6:0.0491|7:0.0491
13,reading_grade8_2015,reading-grade8-2015.js,multiple-choice,Read this sentence from paragraph 6. Wikipedia is making an effort to improve its accuracy by hiring an army of individuals to hunt down faulty information on its site. The language in this sentence creates a sense of —,7,0.5603415881273106,1.8979770538368548,0:0.0308|1:0.0307|2:0.0307|3:0.0307|4:0.0308|5:0.0308|6:0.2551|7:0.5603
14,reading_grade8_2015,reading-grade8-2015.js,multiple-choice,Read this part of an outline based on the article. I. The first encyclopedias A. read from beginning to end B. prepared by a single author C. _______________ Which of these belongs on the blank line?,5,0.4194483714992572,2.1655373211784132,0:0.0378|1:0.0477|2:0.0377|3:0.0382|4:0.3414|5:0.4194|6:0.0378|7:0.0399
15,reading_grade8_2015,reading-grade8-2015.js,multiple-choice,Companies are adapting to the rapidly changing encyclopedia industry by —,0,0.125,3.0,0:0.1250|1:0.1250|2:0.1250|3:0.1250|4:0.1250|5:0.1250|6:0.1250|7:0.1250
16,reading_grade8_2015,reading-grade8-2015.js,multiple-choice,What has Encyclopaedia Britannica done to improve the quality of its entries?,0,0.125,3.0,0:0.1250|1:0.1250|2:0.1250|3:0.1250|4:0.1250|5:0.1250|6:0.1250|7:0.1250
17,reading_grade8_2015,reading-grade8-2015.js,multiple-choice,The main idea of the article is that people should —,5,0.5406660979120449,2.0468131804263,0:0.0382|1:0.0381|2:0.0381|3:0.0382|4:0.2302|5:0.5407|6:0.0383|7:0.0383
18,reading_grade8_2015,reading-grade8-2015.js,multiple-choice,Which is a negative connotation of the word prescribe ?,7,0.7007419489448357,1.720504020167831,0:0.0427|1:0.0430|2:0.0426|3:0.0427|4:0.0428|5:0.0427|6:0.0427|7:0.7007
19,reading_grade8_2015,reading-grade8-2015.js,multiple-choice,"Read this dictionary entry. cor·rode (kə-rōd´) v. 1. Destroy or damage metal, stone, or other materials slowly by chemical action. 2. Be destroyed or damaged in this way. 3. Destroy or weaken gradually. [Latin cor- (expressing intensive force) + rodere 'gnaw.'] The word corrode contains a root that means —",7,0.6311482731724245,1.9851750235837666,0:0.0521|1:0.0519|2:0.0519|3:0.0520|4:0.0545|5:0.0522|6:0.0542|7:0.6311
20,reading_grade8_2015,reading-grade8-2015.js,multiple-choice,Which information should be included in a summary of paragraph 2?,6,0.7378405657945714,1.5656874188527983,0:0.0367|1:0.0365|2:0.0367|3:0.0409|4:0.0375|5:0.0367|6:0.7378|7:0.0371
21,reading_grade8_2015,reading-grade8-2015.js,multiple-choice,What is the main idea of paragraph 3?,5,0.7523242617028789,1.50288690025077,0:0.0354|1:0.0353|2:0.0354|3:0.0353|4:0.0355|5:0.7523|6:0.0354|7:0.0354
22,reading_grade8_2015,reading-grade8-2015.js,multiple-choice,Which event most effectively changes Annie's mind about leaving England?,0,0.125,3.0,0:0.1250|1:0.1250|2:0.1250|3:0.1250|4:0.1250|5:0.1250|6:0.1250|7:0.1250
23,reading_grade8_2015,reading-grade8-2015.js,multiple-choice,What makes Annie aware that other passengers are feeling ill?,0,0.125,3.0,0:0.1250|1:0.1250|2:0.1250|3:0.1250|4:0.1250|5:0.1250|6:0.1250|7:0.1250
24,reading_grade8_2015,reading-grade8-2015.js,drag-drop,Which two characters influenced Annie's comfort during the voyage?,7,0.1441800282843343,2.9943927644022503,0:0.1362|1:0.1155|2:0.1160|3:0.1158|4:0.1175|5:0.1367|6:0.1182|7:0.1442
25,reading_grade8_2015,reading-grade8-2015.js,multiple-choice,Which event is presented as the climax of the trip?,5,0.20711529165802411,2.95354873481458,0:0.1051|1:0.1465|2:0.1045|3:0.1054|4:0.1067|5:0.2071|6:0.1167|7:0.1080
26,reading_grade8_2015,reading-grade8-2015.js,multiple-choice,"Based on the ""Register for a Summer of Stories"" and ""Cast Your Vote"" sections, an important goal for the library is —",4,0.5206612554605785,2.2449945542937138,0:0.0506|1:0.0505|2:0.0505|3:0.0524|4:0.5207|5:0.1717|6:0.0528|7:0.0508
27,reading_grade8_2015,reading-grade8-2015.js,multiple-choice,"Which information should be included in a summary of the ""Cast Your Vote"" section?",6,0.7263240866861584,1.613328187544407,0:0.0370|1:0.0475|2:0.0369|3:0.0408|4:0.0372|5:0.0371|6:0.7263|7:0.0371
28,reading_grade8_2015,reading-grade8-2015.js,multiple-choice,"According to the flier, what must a teen do to receive prizes?",4,0.38103933618689406,2.6413482845329503,0:0.0664|1:0.0796|2:0.0667|3:0.0665|4:0.3810|5:0.0671|6:0.1589|7:0.1137
29,reading_grade8_2015,reading-grade8-2015.js,multiple-choice,Which is the most likely reason poets are asked to register for the Poetry Session?,6,0.5852378929752351,2.1433078459868087,0:0.0590|1:0.0589|2:0.0589|3:0.0599|4:0.0590|5:0.0596|6:0.5852|7:0.0593
30,reading_grade8_2015,reading-grade8-2015.js,multiple-choice,Which part of the flier would be most useful for students doing research for a paper?,6,0.5522413713534441,2.2486928313366468,0:0.0626|1:0.0668|2:0.0615|3:0.0621|4:0.0628|5:0.0638|6:0.5522|7:0.0682
31,reading_grade8_2015,reading-grade8-2015.js,multiple-select,Which three are rules or requirements for using the computers?,6,0.30468699059534826,2.838617842690904,0:0.0983|1:0.0978|2:0.0981|3:0.1055|4:0.0984|5:0.0985|6:0.3047|7:0.0986
32,reading_grade8_2015,reading-grade8-2015.js,multiple-choice,The author structured the flier to suggest that the library —,5,0.6083090864504168,2.0646320220809278,0:0.0546|1:0.0637|2:0.0544|3:0.0545|4:0.0551|5:0.6083|6:0.0546|7:0.0547
33,reading_grade8_2015,reading-grade8-2015.js,multiple-choice,Readers who want to become professional writers would be most interested in knowing that the library —,6,0.5363946708879688,2.2974854192894396,0:0.0681|1:0.0645|2:0.0645|3:0.0649|4:0.0666|5:0.0663|6:0.5364|7:0.0688
34,reading_grade8_2015,reading-grade8-2015.js,multiple-choice,What does humility mean in paragraph 2?,1,0.7027909388309022,1.7120983235098262,0:0.0419|1:0.7028|2:0.0416|3:0.0415|4:0.0447|5:0.0425|6:0.0430|7:0.0420
35,reading_grade8_2015,reading-grade8-2015.js,multiple-choice,Cody's description of himself in paragraph 2 suggests that he is —,2,0.5367160619629373,2.28808022452839,0:0.0613|1:0.0610|2:0.5367|3:0.0936|4:0.0619|5:0.0623|6:0.0617|7:0.0616
36,reading_grade8_2015,reading-grade8-2015.js,multiple-choice,What does tranquil mean in paragraph 4?,1,0.7027909388309022,1.7120983235098262,0:0.0419|1:0.7028|2:0.0416|3:0.0415|4:0.0447|5:0.0425|6:0.0430|7:0.0420
37,reading_grade8_2015,reading-grade8-2015.js,multiple-choice,"Read this sentence from paragraph 7. Then, suddenly, a blurry patch of dense black crosses the trail some distance ahead of me. What may the reader best infer from Cody's statement?",7,0.557177177919825,1.9105716980890768,0:0.0312|1:0.0311|2:0.0310|3:0.0311|4:0.2553|5:0.0318|6:0.0313|7:0.5572
38,reading_grade8_2015,reading-grade8-2015.js,multiple-choice,The author establishes the setting in paragraph 7 through the use of —,5,0.6643866330316512,1.8626993292756433,0:0.0475|1:0.0475|2:0.0476|3:0.0479|4:0.0480|5:0.6644|6:0.0475|7:0.0495
39,reading_grade8_2015,reading-grade8-2015.js,multiple-choice,"Read this sentence from paragraph 11. The sun is just starting to burn the dew from the grass, and each green blade, coated with tiny, reflective droplets, is a glittering emerald. The purpose of the metaphor in this sentence is to suggest the —",7,0.6172854119013826,1.8806181013244392,0:0.1736|1:0.0339|2:0.0339|3:0.0342|4:0.0342|5:0.0379|6:0.0351|7:0.6173
40,reading_grade8_2015,reading-grade8-2015.js,multiple-choice,Cody decides to find his way back out of the park by —,7,0.15508189339018635,2.988209765096029,0:0.1140|1:0.1134|2:0.1509|3:0.1134|4:0.1204|5:0.1162|6:0.1167|7:0.1551
41,reading_grade8_2015,reading-grade8-2015.js,multiple-choice,Which sentence best describes the theme of the story?,5,0.7539514837388301,1.4956981181393258,0:0.0351|1:0.0350|2:0.0350|3:0.0352|4:0.0354|5:0.7540|6:0.0351|7:0.0353
1,reading_grade8_practice_2024,reading-grade8-practice-2024.js,multiple-choice,"Read this dictionary entry. dis•tinct (dĭ-stĭngkt´) adj. 1. Not identical; separate. 2. Easily recognized; clear. 3. Obviously defined; unquestionable. [Lat. dīstīnctus , p. part. of distinguish] In paragraph 1 of the article, distinct comes from a word that means--",7,0.5530914610322142,2.0808807003432785,0:0.0411|1:0.0409|2:0.0409|3:0.0410|4:0.1966|5:0.0452|6:0.0412|7:0.5531
2,reading_grade8_practice_2024,reading-grade8-practice-2024.js,multiple-choice,"Based on the article, the reader can determine that hummingbirds —",4,0.7459809052460498,1.5306913912478857,0:0.0361|1:0.0358|2:0.0361|3:0.0364|4:0.7460|5:0.0370|6:0.0362|7:0.0362
3,reading_grade8_practice_2024,reading-grade8-practice-2024.js,multiple-choice,"In the poem, the hummingbird's nest is a symbol of--",3,0.6926398200592181,1.752813574488943,0:0.0434|1:0.0466|2:0.0430|3:0.6926|4:0.0431|5:0.0438|6:0.0432|7:0.0442
4,reading_grade8_practice_2024,reading-grade8-practice-2024.js,multiple-choice,Both the poem and the article address the theme of--,3,0.3560523568300118,2.336488112858425,0:0.0379|1:0.0378|2:0.0378|3:0.3561|4:0.3228|5:0.1319|6:0.0379|7:0.0380
5,reading_grade8_practice_2024,reading-grade8-practice-2024.js,multiple-choice,"In paragraph 7, Mrs. Ellis wishes Keisha good luck most likely because she thinks Keisha--",6,0.4864654723964147,2.2917059229745727,0:0.0510|1:0.0508|2:0.2068|3:0.0514|4:0.0513|5:0.0510|6:0.4865|7:0.0512
6,reading_grade8_practice_2024,reading-grade8-practice-2024.js,multiple-choice,The purpose of the figurative language in paragraph 8 is to foreshadow--,0,0.3716175645364401,2.5482149511399483,0:0.3716|1:0.0522|2:0.1843|3:0.0546|4:0.0529|5:0.0528|6:0.0528|7:0.1788
7,reading_grade8_practice_2024,reading-grade8-practice-2024.js,multiple-choice,Read this sentence from paragraph 9. Keisha started to stumble over her words as Mrs. Watson continued to stare at her with an almost belligerent gaze. What is the meaning of the word belligerent ?,7,0.706557546848117,1.6966806569072457,0:0.0412|1:0.0413|2:0.0412|3:0.0413|4:0.0417|5:0.0414|6:0.0454|7:0.7066
8,reading_grade8_practice_2024,reading-grade8-practice-2024.js,multiple-choice,"In paragraphs 8 and 9, the author's tone can best be described as--",5,0.6897759805779999,1.764339212776782,0:0.0443|1:0.0442|2:0.0442|3:0.0445|4:0.0445|5:0.6898|6:0.0443|7:0.0443
9,reading_grade8_practice_2024,reading-grade8-practice-2024.js,multiple-choice,Which event is part of the resolution of the story?,5,0.60573952556942,2.0742244988605405,0:0.0556|1:0.0557|2:0.0556|3:0.0557|4:0.0580|5:0.6057|6:0.0558|7:0.0580
10,reading_grade8_practice_2024,reading-grade8-practice-2024.js,multiple-choice,"Read this thesaurus entry. evolve v. — adapt, develop, increase, mature. Which word best replaces evolve as it is used in paragraph 1?",7,0.7450548078896085,1.534702241132329,0:0.0377|1:0.0366|2:0.0359|3:0.0360|4:0.0363|5:0.0364|6:0.0361|7:0.7451
11,reading_grade8_practice_2024,reading-grade8-practice-2024.js,multiple-choice,"Based on paragraph 4, what can the reader determine?",4,0.6065242095235195,1.9344766392810067,0:0.0370|1:0.0368|2:0.1693|3:0.0376|4:0.6065|5:0.0380|6:0.0374|7:0.0374
12,reading_grade8_practice_2024,reading-grade8-practice-2024.js,multiple-choice,"The organization of the ideas in ""Literature and Art Abound"" supports the author's purpose by--",5,0.418137743033319,2.167917775171663,0:0.3425|1:0.0398|2:0.0398|3:0.0399|4:0.0400|5:0.4181|6:0.0399|7:0.0399
13,reading_grade8_practice_2024,reading-grade8-practice-2024.js,multiple-choice,"Which sentence from ""A Beginning, Not an End"" best represents the main idea of the section?",5,0.7689457558151506,1.4283087628522817,0:0.0324|1:0.0357|2:0.0324|3:0.0324|4:0.0329|5:0.7689|6:0.0325|7:0.0328
14,reading_grade8_practice_2024,reading-grade8-practice-2024.js,multiple-choice,Which detail best supports the idea that Harlem was a center of growth for jazz music in America?,5,0.7103406716236605,1.6814208952510021,0:0.0417|1:0.0410|2:0.0410|3:0.0411|4:0.0426|5:0.7103|6:0.0411|7:0.0411
15,reading_grade8_practice_2024,reading-grade8-practice-2024.js,multiple-choice,The details in paragraph 2 are mostly about —,2,0.46312854752366284,2.496340798268798,0:0.1002|1:0.0679|2:0.4631|3:0.0795|4:0.0701|5:0.0713|6:0.0791|7:0.0688
16,reading_grade8_practice_2024,reading-grade8-practice-2024.js,multiple-choice,"Read this sentence from paragraph 4. In fact, more than 4,000 species of fish and marine life may populate a typical coral community. In this sentence, populate means--",7,0.6816053971034058,1.758895058833387,0:0.0372|1:0.0365|2:0.0365|3:0.0368|4:0.0958|5:0.0373|6:0.0384|7:0.6816
17,reading_grade8_practice_2024,reading-grade8-practice-2024.js,multiple-choice,The organization of ideas in paragraph 6 supports the author's message by--,5,0.6595225652290301,1.877138681268831,0:0.0464|1:0.0644|2:0.0456|3:0.0455|4:0.0471|5:0.6595|6:0.0457|7:0.0457
18,reading_grade8_practice_2024,reading-grade8-practice-2024.js,multiple-choice,"The use of the word ""however"" indicates that paragraph 7 is organized by--",7,0.5530974447812096,2.1690662073016744,0:0.0490|1:0.0489|2:0.0488|3:0.0510|4:0.0491|5:0.0491|6:0.1510|7:0.5531
19,reading_grade8_practice_2024,reading-grade8-practice-2024.js,multiple-choice,"The word co exist in paragraph 7 has the prefix co -, which means--",7,0.7457202696419258,1.5318444779991764,0:0.0363|1:0.0363|2:0.0363|3:0.0363|4:0.0364|5:0.0364|6:0.0363|7:0.7457
20,reading_grade8_practice_2024,reading-grade8-practice-2024.js,multiple-choice,Which information best demonstrates that coral reefs are important to marine life?,6,0.4434037040424402,2.1901889909431422,0:0.0417|1:0.0416|2:0.0416|3:0.0418|4:0.0418|5:0.3063|6:0.4434|7:0.0418
21,reading_grade8_practice_2024,reading-grade8-practice-2024.js,multiple-choice,Which information from the article explains the cooperative relationship between algae and reef-dwelling coral?,6,0.7276602922481908,1.6093233980793897,0:0.0387|1:0.0386|2:0.0386|3:0.0387|4:0.0390|5:0.0387|6:0.7277|7:0.0401
22,reading_grade8_practice_2024,reading-grade8-practice-2024.js,multiple-choice,Why are coral reefs ideal for the growth of algae?,6,0.31965386804699153,2.813692625198901,0:0.0966|1:0.0958|2:0.0958|3:0.0960|4:0.0967|5:0.0966|6:0.3197|7:0.1029
23,reading_grade8_practice_2024,reading-grade8-practice-2024.js,multiple-choice,How do warming ocean temperatures affect coral?,6,0.31965386804699153,2.813692625198901,0:0.0966|1:0.0958|2:0.0958|3:0.0960|4:0.0967|5:0.0966|6:0.3197|7:0.1029
24,reading_grade8_practice_2024,reading-grade8-practice-2024.js,multiple-choice,"Based on the article, the reader can determine that--",4,0.7459809052460498,1.5306913912478857,0:0.0361|1:0.0358|2:0.0361|3:0.0364|4:0.7460|5:0.0370|6:0.0362|7:0.0362
25,reading_grade8_practice_2024,reading-grade8-practice-2024.js,multiple-choice,"Based on the article, the author most likely wants the reader to agree that--",4,0.45006514406527415,1.94981080841991,0:0.0294|1:0.0294|2:0.0294|3:0.0297|4:0.4501|5:0.0295|6:0.3727|7:0.0298
26,reading_grade8_practice_2024,reading-grade8-practice-2024.js,multiple-choice,"By describing the ocean's habitat as ""delicate,"" the author intends to--",5,0.7258283849878593,1.617084075546599,0:0.0391|1:0.0391|2:0.0391|3:0.0392|4:0.0392|5:0.7258|6:0.0392|7:0.0392
27,reading_grade8_practice_2024,reading-grade8-practice-2024.js,multiple-choice,Which information should be included in a summary of this article?,6,0.754711910179914,1.492077870759739,0:0.0343|1:0.0342|2:0.0341|3:0.0382|4:0.0347|5:0.0343|6:0.7547|7:0.0355
28,reading_grade8_practice_2024,reading-grade8-practice-2024.js,multiple-choice,Which type of literary device does the author use in paragraphs 6-12?,5,0.6268227587812575,2.000647904384558,0:0.0528|1:0.0530|2:0.0528|3:0.0531|4:0.0530|5:0.6268|6:0.0529|7:0.0555
29,reading_grade8_practice_2024,reading-grade8-practice-2024.js,multiple-choice,"In paragraph 8, the word preliminary means--",7,0.7457202696419258,1.5318444779991764,0:0.0363|1:0.0363|2:0.0363|3:0.0363|4:0.0364|5:0.0364|6:0.0363|7:0.7457
30,reading_grade8_practice_2024,reading-grade8-practice-2024.js,multiple-choice,"Read this sentence from paragraph 15. The bird had a gray head the color of soot, and its eyes, two onyx stones, were surrounded with black, as if rimmed in eye makeup. The purpose of the figurative language in this sentence is to--",7,0.5948064131645305,1.9665594045434833,0:0.1760|1:0.0381|2:0.0381|3:0.0384|4:0.0383|5:0.0382|6:0.0382|7:0.5948
31,reading_grade8_practice_2024,reading-grade8-practice-2024.js,multiple-choice,Which word is the best antonym for arduous in paragraph 18?,7,0.7949708661283215,1.3073528648126942,0:0.0312|1:0.0289|2:0.0288|3:0.0288|4:0.0291|5:0.0292|6:0.0290|7:0.7950
32,reading_grade8_practice_2024,reading-grade8-practice-2024.js,multiple-choice,Paragraph 18 suggests that Joanna--,2,0.5367160619629373,2.28808022452839,0:0.0613|1:0.0610|2:0.5367|3:0.0936|4:0.0619|5:0.0623|6:0.0617|7:0.0616
33,reading_grade8_practice_2024,reading-grade8-practice-2024.js,multiple-choice,"In paragraph 25, what is Dan's most logical reason for moving away from the waterfall?",2,0.43289965652799167,2.542206378082222,0:0.0674|1:0.0669|2:0.4329|3:0.0671|4:0.0683|5:0.0864|6:0.1432|7:0.0679
34,reading_grade8_practice_2024,reading-grade8-practice-2024.js,multiple-choice,The simile in paragraph 30 emphasizes that--,2,0.6775283283021218,1.8123384628206816,0:0.0459|1:0.0463|2:0.6775|3:0.0457|4:0.0460|5:0.0462|6:0.0461|7:0.0461
35,reading_grade8_practice_2024,reading-grade8-practice-2024.js,multiple-choice,Joanna presumes the bird is in distress because it--,0,0.125,3.0,0:0.1250|1:0.1250|2:0.1250|3:0.1250|4:0.1250|5:0.1250|6:0.1250|7:0.1250
36,reading_grade8_practice_2024,reading-grade8-practice-2024.js,multiple-choice,"In the story, Joanna is--",5,0.7064084093556038,1.6975313297019696,0:0.0419|1:0.0419|2:0.0419|3:0.0420|4:0.0420|5:0.7064|6:0.0419|7:0.0419
37,reading_grade8_practice_2024,reading-grade8-practice-2024.js,multiple-choice,"The repetition of "" Plik-plik-plik-plik! "" creates a feeling of--",0,0.125,3.0,0:0.1250|1:0.1250|2:0.1250|3:0.1250|4:0.1250|5:0.1250|6:0.1250|7:0.1250
38,reading_grade8_practice_2024,reading-grade8-practice-2024.js,multiple-choice,The point of view used in the story best helps the reader understand--,5,0.47583599825055195,2.226164866527503,0:0.0451|1:0.0451|2:0.0450|3:0.0452|4:0.2517|5:0.4758|6:0.0451|7:0.0470
39,reading_grade8_practice_2024,reading-grade8-practice-2024.js,multiple-choice,A theme of the story is that--,5,0.6573109487149208,1.8894064958962553,0:0.0487|1:0.0488|2:0.0487|3:0.0495|4:0.0495|5:0.6573|6:0.0488|7:0.0488
